incident_id,date,time,province,district,road_type,latitude,longitude,weather,visibility_meters,temperature_c,wind_speed_kmh,lighting,road_condition,surface_material,number_of_lanes,speed_limit_kmh,road_curvature,road_gradient,median_type,shoulder_available,num_vehicles,vehicle_types,vehicle_avg_age_years,overloading_detected,driver_age,helmet_usage,seatbelt_usage,mobile_phone_suspected,alcohol_drug_suspected,speed_at_impact_kmh,evasive_action,accident_cause,collision_type,impact_point,num_collisions,traffic_volume_per_hour,peak_off_peak,distance_to_hospital_km,expected_response_min,fatalities,serious_injuries,minor_injuries,property_damage_level,severity
PK-2024-00149,2024-11-15,11:42,KPK,Swat,Urban,33.9232,71.6382,Fog,237,37.1,1.5,Daylight,Potholed,Asphalt,6,50,Sharp,Downhill,None,Yes,2,Motorcycle;Motorcycle,11.9,No,39,No,Not Applicable,No,No,45,None,Signal Violation,Rear-end,Front,2,768,Off-peak,1.2,7.3,0,1,3,Moderate,Medium
PK-2024-00150,2024-04-09,20:00,Punjab,Lahore,Rural,32.2238,73.7159,Clear,1191,38.6,1.3,Street-lit,Dry,Concrete,4,50,Straight,Downhill,Physical,No,1,Car,19.9,No,25,No,Yes,No,No,60,Swerving,Animal Crossing,Rear-end,Side,1,133,Peak,7.7,11.7,0,0,2,None,Low
PK-2024-00151,2024-07-02,20:21,Punjab,Bahawalpur,Rural,32.4823,74.63,Cloudy,42,36.6,19.1,Daylight,Potholed,Asphalt,4,110,Straight,Flat,Painted,No,3,Truck;Motorcycle;Car,4.2,Yes,28,No,Partial,No,Unknown,140,Braking,Overloading,Pedestrian,Rear,1,277,Off-peak,4.9,10.1,2,4,1,Total,Critical
PK-2024-00152,2024-09-07,19:25,Balochistan,Turbat,Urban,28.049,67.4326,Cloudy,889,29.2,38.5,Daylight,Construction,Dirt,2,60,Gentle,Flat,Physical,Yes,2,Car;Bus,6.1,Yes,41,Yes,No,No,No,70,Swerving,Speeding,Side-swipe,Front,2,999,Peak,1.1,6.9,0,0,1,None,Low
PK-2024-00153,2024-08-25,01:06,Sindh,Larkana,Urban,24.7835,69.3562,Clear,129,45.3,8.0,Daylight,Potholed,Asphalt,2,80,Straight,Downhill,Painted,Yes,1,Motorcycle,13.1,No,43,Yes,Yes,No,No,75,Swerving,Speeding,Pedestrian,Rear,1,1935,Off-peak,0.7,5.6,0,1,2,Minor,Medium
PK-2024-00154,2024-06-11,16:07,Punjab,Bahawalpur,Rural,31.6629,73.0754,Dust Storm,1116,36.9,21.2,Daylight,Dry,Asphalt,2,30,Gentle,Flat,Physical,Yes,2,Motorcycle;Motorcycle,13.5,No,37,Yes,Yes,No,No,30,Swerving,Speeding,Head-on,Front,2,1243,Off-peak,67.7,87.9,0,2,2,Minor,Medium
PK-2024-00155,2024-06-16,10:30,Punjab,Bahawalpur,Highway,29.9082,72.5845,Clear,164,29.5,5.5,Tunnel,Potholed,Concrete,3,60,Straight,Uphill,None,No,2,Truck;Bicycle,9.6,No,27,No,Not Applicable,No,No,65,Swerving,Signal Violation,Side-swipe,Rear,2,436,Off-peak,5.6,14.1,0,0,1,Minor,Low
PK-2024-00156,2024-02-12,11:47,Sindh,Karachi,Highway,26.7238,67.9698,Clear,42,46.4,18.1,Street-lit,Icy,Asphalt,3,50,Gentle,Uphill,Physical,Yes,2,Motorcycle;Bus,2.6,No,36,No,Yes,No,No,65,Braking,Wrong Side,Side-swipe,Front,1,334,Off-peak,7.0,9.0,0,0,3,Minor,Medium
PK-2024-00157,2024-03-03,01:37,KPK,Dera Ismail Khan,Urban,32.0775,70.1062,Heavy Rain,20,26.5,3.2,Dawn-Dusk,Potholed,Concrete,1,110,Straight,Flat,None,Yes,5,Car;Car;Bus;Motorcycle;Car,8.4,No,37,No,Yes,No,No,140,Braking,Signal Violation,Fixed-object,Side,2,195,Off-peak,4.8,13.6,1,2,2,Severe,Critical
PK-2024-00158,2024-08-19,04:44,KPK,Mardan,Urban,34.0756,71.5175,Clear,257,27.2,23.4,Unlit,Dry,Asphalt,6,50,Straight,Downhill,Painted,Yes,4,Truck;Auto-rickshaw;Auto-rickshaw;Bicycle,4.4,No,29,No,Yes,No,No,55,Swerving,Speeding,Fixed-object,Front,2,1704,Peak,12.9,21.4,0,0,0,Minor,Low
PK-2024-00159,2024-09-18,14:59,Sindh,Hyderabad,Urban,26.8283,68.0239,Cloudy,698,36.8,11.6,Dawn-Dusk,Dry,Concrete,2,60,Straight,Downhill,Painted,Yes,5,Car;Car;Truck;Car;Car,8.1,No,47,Partial,Not Applicable,No,No,60,Swerving,Mobile Phone,Fixed-object,Side,2,1556,Off-peak,17.7,23.2,0,0,0,Minor,Low
PK-2024-00160,2024-02-18,22:31,Sindh,Hyderabad,Urban,24.4665,68.1706,Clear,49,29.2,14.6,Dawn-Dusk,Wet,Asphalt,1,120,Straight,Uphill,Painted,No,3,Motorcycle;Motorcycle;Motorcycle,17.8,No,45,No,Not Applicable,No,No,120,None,Speeding,Head-on,Roof,1,316,Off-peak,49.9,64.2,3,3,1,Severe,Critical
PK-2024-00161,2024-02-03,00:04,KPK,Dera Ismail Khan,Urban,32.9426,72.563,Clear,256,34.3,62.5,Unlit,Icy,Asphalt,2,110,Gentle,Flat,Physical,No,2,Motorcycle;Car,5.7,No,21,Yes,No,No,No,105,Braking,Signal Violation,Rear-end,Side,1,851,Peak,6.5,12.4,0,1,2,Severe,High
PK-2024-00162,2024-09-26,15:50,Sindh,Sukkur,Urban,25.2709,67.2404,Fog,734,18.4,19.4,Daylight,Dry,Concrete,2,60,Gentle,Uphill,None,Yes,2,Truck;Truck,10.5,No,36,No,Yes,No,No,60,Swerving,Overloading,Rear-end,Rear,3,1739,Peak,4.1,10.2,0,0,2,Minor,Low
PK-2024-00163,2024-10-28,20:47,Punjab,Sialkot,Urban,30.1318,72.9119,Haze,506,33.1,7.7,Dawn-Dusk,Dry,Concrete,4,40,Straight,Downhill,Physical,No,3,Motorcycle;Car;Car,8.7,No,39,Yes,No,No,No,30,None,Signal Violation,Side-swipe,Side,2,339,Peak,4.8,9.0,0,0,1,None,Low
PK-2024-00164,2024-09-10,01:54,Islamabad,Islamabad,Urban,32.6338,74.1263,Cloudy,848,25.7,5.9,Tunnel,Dry,Asphalt,4,30,Gentle,Flat,Physical,No,2,Motorcycle;Motorcycle,12.6,No,27,Partial,Yes,No,No,30,None,Signal Violation,Side-swipe,Rear,1,1733,Peak,10.7,13.6,0,0,0,Minor,Low
PK-2024-00165,2024-06-10,02:07,Punjab,Faisalabad,Urban,30.6821,72.0523,Haze,571,20.9,0.9,Street-lit,Potholed,Concrete,2,80,Gentle,Uphill,None,No,3,Car;Car;Car,15.6,No,31,No,No,No,No,85,Braking,Signal Violation,Multi-vehicle pileup,Rear,1,545,Off-peak,2.7,5.5,0,1,3,Moderate,Medium
PK-2024-00166,2024-04-24,17:04,Punjab,Sargodha,Highway,30.6581,72.0711,Dust Storm,626,31.2,5.1,Daylight,Dry,Asphalt,6,40,Gentle,Flat,Painted,Yes,2,Auto-rickshaw;Motorcycle,6.8,No,38,Yes,No,Yes,Unknown,50,Swerving,Speeding,Rollover,Side,1,1767,Off-peak,17.2,27.7,0,3,2,Moderate,High
PK-2024-00167,2024-09-10,17:37,KPK,Peshawar,Urban,32.1082,71.372,Clear,86,25.5,4.7,Daylight,Dry,Dirt,2,60,Straight,Uphill,None,No,2,Car;Bicycle,16.2,No,21,Partial,Yes,No,No,75,None,Weather,Rear-end,Rear,1,675,Off-peak,7.5,15.2,0,0,0,None,Low
PK-2024-00168,2024-11-02,19:32,Sindh,Karachi,Rural,25.8756,67.8484,Cloudy,340,29.8,5.4,Tunnel,Flooding,Concrete,4,60,Gentle,Flat,Physical,No,2,Motorcycle;Motorcycle,15.0,No,48,No,Not Applicable,No,No,65,Braking,Human Error,Rollover,Front,1,1719,Peak,23.7,30.6,0,2,3,Severe,High
PK-2024-00169,2024-05-12,01:07,Punjab,Faisalabad,Urban,31.8962,74.6555,Cloudy,59,28.9,15.5,Street-lit,Dry,Asphalt,4,100,Sharp,Uphill,None,Yes,1,Bicycle,2.3,No,26,Yes,No,No,No,90,Braking,Signal Violation,Rollover,Side,1,1399,Peak,2.2,8.5,1,3,3,Total,Critical
PK-2024-00170,2024-03-08,14:35,Punjab,Sargodha,Highway,29.9743,73.2218,Heavy Rain,400,34.1,6.9,Daylight,Potholed,Gravel,3,60,Gentle,Downhill,Physical,Yes,5,Car;Car;Car;Car;Car,15.0,No,35,No,Yes,No,No,65,None,Mechanical Failure,Pedestrian,Front,1,1442,Off-peak,5.0,9.1,0,0,2,Minor,Medium
PK-2024-00171,2024-11-11,00:53,Sindh,Nawabshah,Urban,26.9501,69.1874,Fog,526,27.9,8.3,Street-lit,Icy,Asphalt,2,60,Sharp,Flat,Physical,Yes,2,Car;Motorcycle,4.2,No,29,Partial,No,Yes,No,70,Braking,Overloading,Rollover,Rear,1,1255,Peak,2.1,7.2,2,3,1,Total,Critical
PK-2024-00172,2024-12-04,08:15,KPK,Mardan,Rural,34.0336,70.3262,Clear,460,21.9,14.8,Daylight,Wet,Asphalt,2,40,Hairpin,Downhill,Physical,No,2,Motorcycle;Motorcycle,5.9,Yes,32,Partial,Yes,No,No,45,Swerving,Signal Violation,Rollover,Side,2,1156,Peak,1.8,6.2,0,1,1,Moderate,Medium
PK-2024-00173,2024-06-12,02:48,Punjab,Gujranwala,Rural,31.4604,72.8409,Haze,1500,41.8,13.3,Tunnel,Wet,Asphalt,1,50,Gentle,Uphill,Painted,Yes,2,Motorcycle;Auto-rickshaw,2.2,No,16,Yes,No,No,No,55,None,Mechanical Failure,Fixed-object,Roof,1,1506,Off-peak,46.1,61.9,0,2,1,Moderate,Medium
PK-2024-00174,2024-10-17,10:27,Sindh,Larkana,Rural,25.0942,69.2274,Cloudy,922,20.8,11.2,Daylight,Dry,Dirt,3,80,Straight,Downhill,Physical,No,3,Truck;Auto-rickshaw;Car,3.2,No,56,No,No,No,No,95,None,Mechanical Failure,Fixed-object,Rear,1,1935,Peak,2.4,4.6,0,1,1,Minor,Medium
PK-2024-00175,2024-10-17,10:23,Punjab,Gujranwala,Highway,32.0916,74.2261,Clear,451,22.0,12.9,Street-lit,Wet,Asphalt,2,120,Gentle,Uphill,None,Yes,3,Motorcycle;Bus;Motorcycle,16.1,No,25,Partial,Yes,No,No,130,Swerving,Signal Violation,Head-on,Front,1,552,Off-peak,2.4,8.7,0,2,2,Moderate,High
PK-2024-00176,2024-11-06,12:00,KPK,Peshawar,Rural,32.5922,70.2559,Cloudy,97,42.4,10.5,Dawn-Dusk,Dry,Asphalt,4,50,Gentle,Flat,None,Yes,5,Car;Motorcycle;Motorcycle;Car;Bicycle,19.6,No,49,Yes,No,No,No,60,None,Signal Violation,Rear-end,Front,1,373,Off-peak,6.9,14.7,0,2,2,Moderate,Medium
PK-2024-00177,2024-12-27,03:22,Punjab,Sargodha,Residential,32.0167,74.3848,Cloudy,141,18.3,47.4,Street-lit,Dry,Dirt,2,110,Straight,Flat,Painted,Yes,2,Car;Car,5.1,Yes,33,Yes,No,No,No,140,Swerving,Human Error,Rollover,Front,1,1083,Off-peak,15.9,25.5,0,3,4,Moderate,High
PK-2024-00178,2024-08-05,17:12,Punjab,Sargodha,Rural,29.5203,74.8666,Clear,222,23.4,16.9,Daylight,Wet,Concrete,2,50,Sharp,Downhill,Painted,Yes,2,Motorcycle;Motorcycle,6.6,No,18,Yes,Yes,No,No,50,Braking,Mobile Phone,Side-swipe,Side,1,1622,Off-peak,20.5,30.7,0,0,1,None,Low
PK-2024-00179,2024-12-28,21:19,Balochistan,Gwadar,Urban,29.2591,66.3479,Cloudy,593,17.3,6.4,Dawn-Dusk,Dry,Asphalt,3,40,Gentle,Flat,Painted,Yes,2,Truck;Motorcycle,9.6,No,38,Yes,Not Applicable,No,No,55,None,Human Error,Side-swipe,Rear,3,1178,Off-peak,1.5,5.5,0,0,0,Minor,Low
PK-2024-00180,2024-10-02,10:20,Sindh,Sukkur,Residential,26.9466,68.3195,Clear,334,25.2,7.7,Street-lit,Dry,Asphalt,1,40,Gentle,Uphill,Painted,Yes,5,Auto-rickshaw;Motorcycle;Motorcycle;Car;Truck,8.4,Yes,30,Yes,Yes,No,No,50,Braking,Human Error,Side-swipe,Rear,3,304,Off-peak,6.4,12.9,0,0,2,Minor,Low
PK-2024-00181,2024-01-02,21:10,Punjab,Sialkot,Urban,31.6108,74.4602,Rain,321,38.5,6.5,Street-lit,Muddy,Concrete,4,50,Gentle,Downhill,Physical,No,2,Motorcycle;Motorcycle,11.4,Yes,41,Yes,Yes,No,No,90,Braking,Speeding,Rear-end,Front,2,1574,Peak,12.1,18.8,3,2,1,Total,Critical
PK-2024-00182,2024-12-01,04:50,Sindh,Larkana,Residential,24.2576,66.9748,Rain,111,33.0,13.5,Street-lit,Wet,Gravel,4,80,Gentle,Uphill,Physical,Yes,1,Auto-rickshaw,16.9,No,33,No,Yes,No,No,110,Braking,Overloading,Multi-vehicle pileup,Front,1,1434,Off-peak,20.8,31.6,1,2,2,Total,Critical
PK-2024-00183,2024-03-26,08:47,Punjab,Bahawalpur,Residential,30.4811,72.1424,Clear,558,25.5,37.2,Street-lit,Dry,Asphalt,6,80,Straight,Downhill,Physical,No,1,Auto-rickshaw,13.6,No,39,Partial,No,No,No,75,None,Signal Violation,Rear-end,Front,1,834,Off-peak,19.6,24.4,0,0,0,Minor,Low
PK-2024-00184,2024-05-23,17:32,Punjab,Multan,Residential,30.9372,74.3103,Haze,666,35.0,4.6,Street-lit,Dry,Asphalt,2,110,Straight,Downhill,Physical,No,3,Car;Motorcycle;Auto-rickshaw,11.8,No,35,Yes,Yes,No,No,115,Braking,Signal Violation,Head-on,Front,3,1172,Off-peak,7.3,14.7,0,2,2,Minor,Medium
PK-2024-00185,2024-06-06,03:05,Balochistan,Gwadar,Rural,30.4996,67.308,Clear,232,17.5,27.0,Unlit,Flooding,Dirt,2,40,Straight,Downhill,Painted,No,1,Bicycle,9.7,No,41,Yes,Not Applicable,Yes,No,60,Swerving,Signal Violation,Head-on,Front,1,77,Peak,17.3,23.1,1,4,3,Total,Critical
PK-2024-00186,2024-04-21,12:13,Sindh,Hyderabad,Urban,26.749,69.1402,Clear,20,27.6,1.3,Tunnel,Potholed,Concrete,3,80,Straight,Downhill,Painted,Yes,3,Motorcycle;Auto-rickshaw;Car,3.7,Yes,23,Yes,No,No,No,120,Braking,Human Error,Multi-vehicle pileup,Rear,2,1445,Peak,9.3,20.4,2,4,3,Total,Critical
PK-2024-00187,2024-09-05,17:02,KPK,Mardan,Rural,33.2737,72.725,Heavy Rain,130,28.5,3.3,Unlit,Wet,Asphalt,3,120,Gentle,Flat,Physical,Yes,2,Truck;Bus,4.0,No,26,No,Yes,No,Unknown,110,Braking,Speeding,Fixed-object,Side,1,1637,Peak,3.8,10.4,2,2,1,Total,Critical
PK-2024-00188,2024-11-05,18:22,Sindh,Hyderabad,Rural,24.0591,66.6775,Fog,110,30.5,36.5,Daylight,Dry,Asphalt,2,110,Straight,Downhill,None,No,3,Motorcycle;Car;Truck,2.4,No,20,Yes,No,No,No,150,None,Human Error,Side-swipe,Side,1,165,Off-peak,10.9,24.0,1,4,3,Total,Critical
PK-2024-00189,2024-12-05,07:11,Punjab,Rawalpindi,Urban,30.3795,72.3609,Clear,46,19.0,14.1,Unlit,Construction,Asphalt,1,50,Straight,Flat,Physical,Yes,5,Car;Bus;Motorcycle;Motorcycle;Auto-rickshaw,8.9,No,18,No,Yes,No,No,45,Braking,Overloading,Rollover,Front,1,1381,Off-peak,24.9,32.7,0,3,3,Severe,High
PK-2024-00190,2024-04-27,00:39,Punjab,Lahore,Residential,32.4945,74.9536,Haze,440,36.5,19.8,Tunnel,Potholed,Dirt,4,30,Straight,Flat,Physical,No,1,Car,6.7,No,41,No,No,No,No,70,Swerving,Wrong Side,Rear-end,Roof,2,1631,Off-peak,7.6,16.9,0,0,1,Minor,Medium
PK-2024-00191,2024-06-26,00:59,Sindh,Larkana,Rural,25.1188,66.5928,Fog,20,30.1,15.5,Daylight,Dry,Gravel,2,100,Sharp,Uphill,Painted,Yes,2,Truck;Truck,17.2,No,16,Yes,Yes,No,No,130,None,Signal Violation,Pedestrian,Side,2,1779,Off-peak,28.1,41.0,1,3,2,Total,Critical
PK-2024-00192,2024-04-21,16:05,Balochistan,Quetta,Rural,30.4908,67.0094,Clear,285,28.7,57.1,Street-lit,Dry,Concrete,2,100,Sharp,Flat,Painted,Yes,3,Bus;Motorcycle;Car,9.6,No,42,Partial,Yes,No,No,105,Swerving,Weather,Multi-vehicle pileup,Front,3,833,Off-peak,6.8,9.3,2,2,3,Total,Critical
PK-2024-00193,2024-10-01,16:50,Sindh,Hyderabad,Residential,25.3134,67.0884,Cloudy,99,33.4,12.6,Unlit,Wet,Asphalt,2,60,Straight,Flat,Painted,Yes,2,Bus;Motorcycle,12.4,No,36,No,No,No,No,60,Swerving,Wrong Side,Rollover,Side,2,880,Peak,34.8,45.8,0,1,3,Severe,High
PK-2024-00194,2024-01-23,20:57,Balochistan,Gwadar,Urban,28.5543,67.8262,Clear,1026,40.1,0.2,Daylight,Potholed,Asphalt,4,50,Gentle,Flat,Physical,Yes,3,Car;Motorcycle;Car,11.1,No,44,Partial,Not Applicable,No,No,60,Braking,Animal Crossing,Pedestrian,Front,2,1705,Peak,6.9,15.2,0,0,1,Minor,Low
PK-2024-00195,2024-06-18,07:00,Punjab,Multan,Urban,30.3134,72.5854,Heavy Rain,402,20.7,9.6,Street-lit,Icy,Concrete,3,60,Straight,Flat,Physical,No,2,Auto-rickshaw;Motorcycle,14.7,No,29,No,Yes,No,Unknown,75,None,Human Error,Rear-end,Rear,1,394,Peak,16.7,24.7,0,2,3,Moderate,High
PK-2024-00196,2024-05-04,05:44,KPK,Dera Ismail Khan,Urban,34.6287,70.8065,Fog,161,28.9,53.0,Daylight,Icy,Asphalt,3,50,Straight,Uphill,Painted,Yes,3,Truck;Bicycle;Car,13.7,No,46,Yes,Not Applicable,No,No,45,None,Speeding,Multi-vehicle pileup,Side,1,1401,Off-peak,14.7,18.1,0,2,2,Severe,High
PK-2024-00197,2024-09-03,00:16,Punjab,Sialkot,Rural,32.3452,72.8201,Rain,191,17.8,2.4,Daylight,Dry,Concrete,2,100,Gentle,Downhill,Painted,Yes,2,Motorcycle;Bus,15.3,No,27,Yes,No,No,No,90,Braking,Human Error,Rollover,Front,1,559,Peak,5.0,11.8,0,1,3,Severe,High
PK-2024-00198,2024-04-03,01:39,Punjab,Lahore,Rural,31.4549,73.1828,Clear,770,28.3,2.2,Daylight,Construction,Concrete,2,80,Gentle,Downhill,Physical,Yes,3,Motorcycle;Bicycle;Motorcycle,8.5,No,52,No,Not Applicable,No,No,100,Swerving,Wrong Side,Multi-vehicle pileup,Front,1,1753,Off-peak,12.4,16.6,2,4,2,Total,Critical
PK-2024-00199,2024-01-24,01:11,KPK,Abbottabad,Rural,32.7783,72.0733,Clear,57,29.7,2.1,Street-lit,Dry,Concrete,3,50,Straight,Uphill,Physical,Yes,2,Motorcycle;Motorcycle,13.2,No,37,No,Yes,No,No,50,None,Human Error,Rollover,Rear,1,1683,Off-peak,10.5,18.3,0,0,1,Moderate,Medium
PK-2024-00200,2024-02-19,12:34,KPK,Mardan,Rural,32.0779,72.327,Clear,423,36.9,11.0,Daylight,Potholed,Asphalt,4,120,Gentle,Flat,None,No,4,Car;Car;Auto-rickshaw;Auto-rickshaw,19.5,No,30,Partial,Not Applicable,No,No,130,None,Signal Violation,Pedestrian,Front,1,313,Off-peak,13.1,21.1,0,0,2,Moderate,Medium
PK-2024-00201,2024-03-23,09:50,KPK,Dera Ismail Khan,Urban,33.3733,72.7935,Rain,36,38.0,3.9,Tunnel,Construction,Concrete,4,50,Straight,Flat,Physical,No,3,Motorcycle;Motorcycle;Auto-rickshaw,9.4,No,60,Yes,Partial,No,No,60,Braking,Human Error,Rear-end,Front,2,887,Off-peak,14.8,18.2,0,0,2,Minor,Low
PK-2024-00202,2024-09-09,13:29,Punjab,Sialkot,Residential,29.8778,74.456,Cloudy,947,25.1,10.8,Unlit,Flooding,Concrete,4,110,Hairpin,Uphill,Painted,Yes,3,Motorcycle;Car;Truck,18.9,No,34,No,Yes,No,No,120,Braking,Wrong Side,Multi-vehicle pileup,Side,1,522,Off-peak,5.2,13.1,2,3,3,Severe,Critical
PK-2024-00203,2024-09-17,11:14,Islamabad,Islamabad,Highway,32.7861,74.3327,Cloudy,398,17.2,13.7,Daylight,Dry,Dirt,2,110,Straight,Downhill,Physical,Yes,2,Motorcycle;Truck,15.1,No,31,Yes,Not Applicable,No,No,110,Braking,Mobile Phone,Fixed-object,Front,3,1185,Peak,4.9,5.1,0,0,0,Minor,Low
PK-2024-00204,2024-10-20,05:36,Punjab,Lahore,Urban,30.1975,72.667,Cloudy,378,41.4,9.4,Unlit,Flooding,Gravel,1,100,Sharp,Flat,Painted,Yes,2,Motorcycle;Motorcycle,7.1,No,17,No,Yes,No,No,95,Swerving,Weather,Side-swipe,Rear,2,1948,Off-peak,6.8,15.0,3,4,3,Severe,Critical
PK-2024-00205,2024-09-16,23:53,Punjab,Multan,Rural,30.2774,73.7793,Cloudy,110,39.7,1.5,Tunnel,Potholed,Concrete,3,60,Gentle,Flat,None,No,2,Motorcycle;Truck,11.2,Yes,36,Partial,No,No,No,80,None,Overloading,Head-on,Roof,2,1062,Off-peak,0.8,3.0,1,3,2,Severe,Critical
PK-2024-00206,2024-09-12,16:20,Punjab,Faisalabad,Urban,32.3739,74.9838,Rain,835,31.0,9.8,Tunnel,Wet,Dirt,4,60,Gentle,Uphill,Physical,Yes,2,Bus;Motorcycle,16.1,No,45,Yes,Yes,No,No,90,None,Speeding,Rear-end,Roof,2,1792,Peak,11.4,17.1,0,1,2,Moderate,High
PK-2024-00207,2024-12-14,03:47,Punjab,Lahore,Highway,30.68,73.5125,Cloudy,167,24.1,3.1,Daylight,Wet,Asphalt,4,50,Gentle,Downhill,Painted,Yes,3,Car;Car;Motorcycle,16.9,No,40,Partial,Not Applicable,No,No,50,Swerving,Speeding,Multi-vehicle pileup,Rear,1,774,Peak,17.5,22.4,0,0,1,Moderate,Medium
PK-2024-00208,2024-02-12,09:54,Punjab,Lahore,Highway,29.6096,73.6325,Cloudy,308,34.3,7.3,Daylight,Construction,Dirt,3,50,Gentle,Flat,Painted,Yes,1,Motorcycle,14.7,No,20,No,Not Applicable,Yes,No,65,Braking,Mobile Phone,Pedestrian,Front,1,651,Peak,3.4,11.4,0,0,0,Minor,Low
PK-2024-00209,2024-12-22,05:51,Punjab,Bahawalpur,Residential,30.0154,74.703,Rain,1500,28.5,3.4,Dawn-Dusk,Wet,Asphalt,3,100,Gentle,Flat,Painted,Yes,2,Car;Truck,4.9,No,40,Yes,Not Applicable,No,No,95,Braking,Signal Violation,Multi-vehicle pileup,Rear,2,439,Off-peak,18.0,28.1,0,1,3,Severe,High
PK-2024-00210,2024-05-16,21:58,Sindh,Larkana,Urban,25.5114,67.0084,Clear,277,25.0,5.3,Unlit,Dry,Asphalt,3,60,Straight,Uphill,Physical,Yes,3,Bus;Car;Car,10.9,No,16,Yes,Yes,No,Unknown,70,Swerving,Human Error,Rollover,Side,1,1417,Peak,27.8,35.3,0,1,2,Moderate,Medium
PK-2024-00211,2024-11-28,19:17,Sindh,Sukkur,Residential,24.9645,67.7383,Heavy Rain,219,31.9,5.9,Dawn-Dusk,Potholed,Concrete,4,110,Gentle,Uphill,Physical,Yes,4,Motorcycle;Motorcycle;Motorcycle;Bus,13.8,No,56,No,Not Applicable,No,Unknown,120,Braking,Signal Violation,Pedestrian,Side,2,1578,Peak,10.6,14.2,1,4,2,Total,Critical
PK-2024-00212,2024-02-13,14:40,Balochistan,Quetta,Highway,29.9809,66.652,Clear,84,27.5,8.4,Unlit,Icy,Asphalt,6,110,Straight,Downhill,Physical,Yes,3,Car;Auto-rickshaw;Truck,13.9,No,38,No,No,No,No,115,Swerving,Animal Crossing,Side-swipe,Front,1,501,Off-peak,1.2,8.6,0,1,3,Moderate,High
PK-2024-00213,2024-11-22,01:17,KPK,Swat,Residential,33.097,72.9029,Heavy Rain,308,25.1,19.0,Daylight,Icy,Asphalt,4,60,Sharp,Uphill,Painted,Yes,1,Motorcycle,16.0,No,48,No,Yes,No,No,90,None,Speeding,Side-swipe,Side,3,818,Off-peak,3.4,3.0,2,4,1,Severe,Critical
PK-2024-00214,2024-01-24,00:49,Punjab,Bahawalpur,Highway,32.1013,72.7411,Heavy Rain,425,23.9,64.5,Unlit,Dry,Concrete,2,40,Straight,Flat,None,No,4,Motorcycle;Motorcycle;Motorcycle;Motorcycle,7.7,No,48,No,Partial,No,No,55,Swerving,Human Error,Fixed-object,Rear,2,333,Off-peak,31.8,36.6,0,3,2,Severe,High
PK-2024-00215,2024-05-26,10:49,Punjab,Multan,Residential,30.3969,74.9637,Fog,362,20.7,9.5,Unlit,Icy,Gravel,2,80,Straight,Downhill,Painted,Yes,2,Car;Car,11.6,Yes,58,Yes,Yes,No,No,90,Swerving,Signal Violation,Pedestrian,Side,1,1557,Off-peak,27.1,35.4,3,4,2,Total,Critical
PK-2024-00216,2024-12-07,00:44,Sindh,Larkana,Urban,26.9688,66.6722,Clear,291,31.7,37.9,Daylight,Dry,Concrete,3,80,Gentle,Flat,Physical,No,2,Truck;Auto-rickshaw,12.8,No,32,Yes,Yes,No,Unknown,85,None,Weather,Side-swipe,Front,2,260,Off-peak,0.8,6.8,0,0,1,Minor,Low
PK-2024-00217,2024-04-18,16:07,Punjab,Faisalabad,Urban,31.8306,74.5965,Cloudy,384,32.4,17.3,Unlit,Dry,Dirt,2,60,Hairpin,Flat,Physical,Yes,3,Car;Motorcycle;Motorcycle,19.9,No,21,No,No,No,No,90,Braking,Speeding,Multi-vehicle pileup,Front,1,1471,Off-peak,3.3,4.1,3,3,3,Severe,Critical
PK-2024-00218,2024-05-22,18:15,Punjab,Faisalabad,Highway,30.9789,74.1839,Clear,67,27.0,9.1,Dawn-Dusk,Wet,Asphalt,2,50,Straight,Flat,None,Yes,2,Motorcycle;Motorcycle,11.9,No,59,No,No,No,No,40,Braking,Mechanical Failure,Head-on,Rear,2,57,Peak,2.4,10.7,0,1,2,Moderate,Medium
PK-2024-00219,2024-07-25,23:40,KPK,Swat,Residential,32.8098,71.9966,Clear,20,27.6,1.0,Street-lit,Dry,Asphalt,2,50,Straight,Flat,None,Yes,3,Car;Motorcycle;Truck,5.1,No,49,No,Partial,No,No,60,None,Wrong Side,Fixed-object,Rear,1,514,Peak,13.8,18.5,0,0,2,Minor,Low
PK-2024-00220,2024-02-23,22:59,Punjab,Rawalpindi,Urban,30.1375,74.3458,Rain,94,28.4,2.8,Daylight,Dry,Dirt,2,100,Gentle,Downhill,Painted,Yes,4,Motorcycle;Car;Motorcycle;Bicycle,6.5,No,55,No,Partial,No,No,130,None,Speeding,Fixed-object,Side,1,980,Off-peak,12.4,20.0,1,3,3,Total,Critical
PK-2024-00221,2024-01-08,21:55,Sindh,Larkana,Rural,25.7972,68.8364,Fog,173,38.4,1.6,Tunnel,Potholed,Dirt,4,110,Hairpin,Flat,None,No,2,Car;Car,15.3,No,35,No,Not Applicable,No,Unknown,105,Swerving,Signal Violation,Side-swipe,Front,1,1313,Off-peak,5.6,12.3,0,1,4,Severe,High