incident_id,date,time,province,district,road_type,latitude,longitude,weather,visibility_meters,temperature_c,wind_speed_kmh,lighting,road_condition,surface_material,number_of_lanes,speed_limit_kmh,road_curvature,road_gradient,median_type,shoulder_available,num_vehicles,vehicle_types,vehicle_avg_age_years,overloading_detected,driver_age,helmet_usage,seatbelt_usage,mobile_phone_suspected,alcohol_drug_suspected,speed_at_impact_kmh,evasive_action,accident_cause,collision_type,impact_point,num_collisions,traffic_volume_per_hour,peak_off_peak,distance_to_hospital_km,expected_response_min,fatalities,serious_injuries,minor_injuries,property_damage_level,severity
PK-2024-00222,2024-03-17,18:47,Sindh,Nawabshah,Rural,24.074,67.9991,Haze,98,30.6,28.2,Street-lit,Dry,Asphalt,6,50,Gentle,Uphill,Physical,No,2,Motorcycle;Car,17.4,No,42,No,Yes,No,No,60,Swerving,Overloading,Head-on,Rear,1,643,Off-peak,13.8,21.2,0,0,2,Moderate,Medium
PK-2024-00223,2024-01-24,18:31,Punjab,Sialkot,Rural,30.5335,73.3209,Fog,738,19.2,12.4,Unlit,Construction,Asphalt,2,40,Straight,Flat,Physical,Yes,2,Auto-rickshaw;Bus,8.2,No,48,No,Not Applicable,No,No,45,Swerving,Human Error,Side-swipe,Side,1,1093,Peak,16.0,24.5,0,0,1,None,Low
PK-2024-00224,2024-09-27,19:22,Sindh,Karachi,Rural,25.106,67.0022,Cloudy,221,15.4,6.3,Unlit,Dry,Asphalt,1,60,Hairpin,Downhill,None,Yes,4,Motorcycle;Motorcycle;Motorcycle;Truck,16.1,No,44,No,No,No,No,70,Braking,Mobile Phone,Side-swipe,Front,2,1318,Peak,17.8,24.2,0,2,1,Moderate,Medium
PK-2024-00225,2024-04-22,12:28,Sindh,Sukkur,Residential,26.1164,66.8549,Cloudy,516,42.2,16.8,Dawn-Dusk,Dry,Asphalt,3,60,Straight,Flat,None,No,3,Car;Bus;Car,15.5,No,21,Yes,No,No,No,55,Braking,Wrong Side,Multi-vehicle pileup,Rear,1,1947,Off-peak,0.5,6.1,0,0,1,None,Low
PK-2024-00226,2024-08-01,16:26,Sindh,Nawabshah,Rural,25.226,69.4768,Heavy Rain,207,41.4,22.7,Dawn-Dusk,Dry,Dirt,4,50,Sharp,Uphill,Physical,No,5,Auto-rickshaw;Car;Truck;Car;Truck,16.9,Yes,17,Yes,Not Applicable,No,No,55,Braking,Drunk Driving,Side-swipe,Front,1,266,Peak,2.1,7.9,0,1,2,Moderate,Medium
PK-2024-00227,2024-02-01,22:30,Punjab,Multan,Rural,31.9599,73.5799,Dust Storm,40,34.4,0.2,Tunnel,Potholed,Dirt,2,100,Straight,Downhill,None,No,2,Car;Car,12.7,No,20,Yes,Yes,No,No,115,Braking,Animal Crossing,Rollover,Front,1,960,Peak,0.8,6.8,1,2,2,Severe,Critical
PK-2024-00228,2024-01-16,09:07,Punjab,Bahawalpur,Rural,31.3306,72.8454,Clear,515,19.8,28.0,Daylight,Potholed,Asphalt,2,60,Straight,Uphill,None,Yes,3,Truck;Truck;Motorcycle,10.1,No,33,Partial,No,No,No,65,None,Speeding,Side-swipe,Side,2,1237,Off-peak,4.6,10.1,0,0,0,Minor,Low
PK-2024-00229,2024-02-01,10:07,Sindh,Karachi,Rural,25.8366,66.8738,Clear,1038,37.6,11.0,Unlit,Wet,Concrete,2,80,Straight,Flat,Painted,No,1,Truck,6.3,No,51,Yes,Yes,No,No,120,Swerving,Drunk Driving,Side-swipe,Front,1,844,Peak,1.1,7.9,0,1,1,Minor,Medium
PK-2024-00230,2024-04-05,09:40,Punjab,Gujranwala,Urban,32.0298,73.8775,Clear,107,21.2,9.7,Daylight,Flooding,Dirt,2,40,Gentle,Flat,None,Yes,2,Bicycle;Truck,19.7,No,54,No,Partial,No,No,50,Braking,Weather,Head-on,Side,1,622,Off-peak,11.3,17.2,0,2,2,Severe,High
PK-2024-00231,2024-03-01,22:46,Punjab,Rawalpindi,Rural,31.2814,73.4125,Clear,336,35.5,0.6,Daylight,Dry,Concrete,6,50,Hairpin,Downhill,None,Yes,2,Truck;Motorcycle,16.9,No,32,No,No,Yes,No,60,None,Signal Violation,Rear-end,Front,2,1586,Off-peak,1.1,13.6,0,0,1,Minor,Low
PK-2024-00232,2024-03-24,05:14,Punjab,Multan,Rural,30.9638,72.3069,Cloudy,455,42.1,18.1,Unlit,Construction,Gravel,2,120,Straight,Uphill,None,Yes,2,Truck;Auto-rickshaw,4.7,No,40,Partial,Not Applicable,No,No,135,None,Human Error,Rollover,Front,2,140,Peak,22.7,34.7,2,3,2,Severe,Critical
PK-2024-00233,2024-07-06,01:56,Balochistan,Quetta,Urban,28.9094,66.5904,Dust Storm,37,19.1,5.7,Unlit,Dry,Asphalt,1,100,Straight,Flat,None,No,2,Motorcycle;Car,2.2,No,16,Partial,Yes,No,No,110,Braking,Human Error,Head-on,Roof,2,706,Off-peak,2.3,9.5,1,3,3,Total,Critical
PK-2024-00234,2024-07-02,21:36,Sindh,Sukkur,Highway,25.8919,68.0383,Rain,122,38.7,2.4,Daylight,Wet,Concrete,3,50,Gentle,Downhill,Painted,Yes,1,Motorcycle,17.1,No,36,No,No,No,No,40,None,Weather,Rear-end,Rear,2,655,Off-peak,2.8,5.5,0,2,3,Minor,Medium
PK-2024-00235,2024-04-12,19:56,KPK,Peshawar,Rural,33.5755,71.3918,Fog,1092,23.8,21.0,Dawn-Dusk,Dry,Concrete,2,50,Hairpin,Uphill,Physical,No,2,Car;Car,10.8,No,22,No,Not Applicable,No,No,40,Swerving,Overloading,Side-swipe,Front,2,1355,Off-peak,25.5,33.7,0,0,0,Minor,Low
PK-2024-00236,2024-10-14,17:07,KPK,Swat,Rural,34.845,72.1165,Heavy Rain,169,29.7,11.5,Unlit,Dry,Asphalt,2,80,Straight,Downhill,None,Yes,2,Bicycle;Motorcycle,2.6,No,48,No,Not Applicable,No,No,95,None,Weather,Rear-end,Side,1,1555,Off-peak,12.1,18.8,1,4,1,Total,Critical
PK-2024-00237,2024-09-05,13:40,Punjab,Multan,Urban,32.4972,73.9152,Clear,312,41.3,7.2,Daylight,Icy,Asphalt,2,40,Sharp,Uphill,Painted,Yes,3,Bicycle;Auto-rickshaw;Motorcycle,6.9,No,50,Yes,Yes,No,No,40,None,Signal Violation,Head-on,Front,1,1951,Off-peak,24.3,29.6,0,1,2,Moderate,Medium
PK-2024-00238,2024-12-19,01:30,KPK,Mardan,Urban,32.2574,71.7213,Haze,202,25.0,3.7,Dawn-Dusk,Wet,Dirt,1,40,Sharp,Uphill,Physical,Yes,5,Motorcycle;Truck;Car;Car;Motorcycle,12.4,No,26,Yes,Partial,Yes,No,45,Braking,Animal Crossing,Head-on,Roof,2,753,Peak,0.5,5.1,0,0,1,None,Low
PK-2024-00239,2024-01-04,06:23,Sindh,Karachi,Rural,26.4323,66.7271,Rain,20,30.1,17.8,Tunnel,Wet,Dirt,1,120,Straight,Downhill,Physical,No,5,Car;Car;Car;Motorcycle;Truck,14.6,No,29,Partial,Yes,No,No,115,Braking,Wrong Side,Rollover,Side,2,1366,Peak,28.1,43.5,1,3,3,Total,Critical
PK-2024-00240,2024-01-19,09:25,Sindh,Sukkur,Highway,25.5841,69.4441,Heavy Rain,507,32.1,9.7,Daylight,Potholed,Asphalt,1,50,Gentle,Flat,Physical,No,3,Bus;Auto-rickshaw;Motorcycle,11.5,No,37,No,Yes,No,No,55,Swerving,Speeding,Rear-end,Rear,1,1082,Peak,30.9,41.9,0,2,3,Moderate,High
PK-2024-00241,2024-12-25,15:25,Punjab,Sialkot,Rural,30.1006,73.3731,Clear,40,20.7,7.2,Street-lit,Dry,Asphalt,4,80,Gentle,Uphill,Physical,No,3,Truck;Motorcycle;Car,19.1,No,27,Partial,Yes,No,No,70,Swerving,Animal Crossing,Rollover,Front,2,334,Off-peak,4.2,10.0,0,0,1,Moderate,Medium
PK-2024-00242,2024-04-05,12:40,Balochistan,Quetta,Rural,30.0707,67.5896,Dust Storm,49,43.0,1.1,Dawn-Dusk,Wet,Asphalt,2,100,Hairpin,Flat,Physical,No,1,Truck,19.4,No,37,Partial,Yes,No,Unknown,110,Swerving,Signal Violation,Side-swipe,Rear,1,841,Off-peak,0.8,6.4,1,4,3,Severe,Critical
PK-2024-00243,2024-02-02,04:25,Punjab,Lahore,Urban,31.3215,74.8196,Clear,128,24.0,15.9,Street-lit,Wet,Asphalt,2,120,Straight,Flat,Physical,Yes,2,Motorcycle;Motorcycle,15.6,No,41,No,Not Applicable,No,No,140,Braking,Weather,Rear-end,Front,2,65,Off-peak,1.4,6.6,0,2,3,Moderate,Medium
PK-2024-00244,2024-10-28,09:10,Punjab,Sialkot,Urban,31.5803,72.2552,Clear,338,23.9,16.7,Street-lit,Dry,Asphalt,3,80,Gentle,Uphill,Painted,Yes,3,Bus;Truck;Auto-rickshaw,17.1,Yes,28,Partial,Yes,Yes,No,85,None,Weather,Head-on,Front,2,123,Off-peak,3.0,6.8,0,1,1,Minor,Medium
PK-2024-00245,2024-09-11,13:27,Punjab,Gujranwala,Rural,31.8033,72.9327,Clear,371,21.4,9.1,Daylight,Potholed,Concrete,2,60,Sharp,Flat,Painted,No,3,Motorcycle;Car;Motorcycle,18.3,No,20,Yes,Yes,No,No,50,Braking,Signal Violation,Side-swipe,Front,2,1392,Off-peak,5.2,13.0,0,0,1,Minor,Low
PK-2024-00246,2024-08-02,08:58,Punjab,Bahawalpur,Rural,30.6695,73.1354,Clear,133,31.8,2.2,Daylight,Dry,Asphalt,2,50,Sharp,Downhill,None,Yes,1,Auto-rickshaw,10.9,No,36,No,Yes,No,No,70,Braking,Speeding,Side-swipe,Rear,3,1209,Peak,6.4,11.1,0,0,1,None,Low
PK-2024-00247,2024-04-18,08:45,Punjab,Bahawalpur,Rural,29.6176,74.7454,Clear,26,35.7,13.0,Daylight,Potholed,Concrete,1,110,Gentle,Uphill,Physical,Yes,1,Car,2.0,No,28,No,Partial,No,No,115,None,Overloading,Head-on,Front,1,289,Off-peak,8.0,13.3,2,3,3,Severe,Critical
PK-2024-00248,2024-01-01,16:53,Sindh,Karachi,Urban,26.3826,68.0256,Rain,20,49.3,25.2,Dawn-Dusk,Potholed,Gravel,4,60,Gentle,Downhill,Physical,Yes,3,Truck;Car;Bus,7.7,No,51,No,Not Applicable,No,No,60,Swerving,Wrong Side,Head-on,Rear,1,1091,Off-peak,2.3,6.5,1,2,3,Moderate,High
PK-2024-00249,2024-09-03,04:14,Punjab,Bahawalpur,Urban,31.3611,72.539,Clear,54,20.2,0.5,Daylight,Dry,Gravel,3,50,Gentle,Downhill,Physical,No,1,Bus,6.3,No,40,Yes,Not Applicable,No,No,65,Swerving,Mechanical Failure,Head-on,Side,1,946,Off-peak,0.5,3.0,0,0,0,None,Low
PK-2024-00250,2024-09-03,21:59,Sindh,Nawabshah,Rural,26.938,67.0432,Cloudy,96,26.2,1.1,Unlit,Dry,Concrete,1,120,Sharp,Flat,Physical,Yes,3,Car;Bicycle;Bus,16.7,No,59,Yes,Yes,No,No,125,Swerving,Speeding,Head-on,Front,1,1455,Off-peak,4.1,10.6,1,2,3,Total,Critical
PK-2024-00251,2024-09-01,01:05,Punjab,Multan,Urban,30.7849,74.8864,Haze,242,24.6,3.6,Daylight,Potholed,Gravel,2,120,Straight,Uphill,Physical,Yes,2,Motorcycle;Auto-rickshaw,4.9,No,41,No,Not Applicable,No,No,160,None,Overloading,Rollover,Side,1,79,Off-peak,9.0,16.2,2,3,2,Total,Critical
PK-2024-00252,2024-08-01,07:41,KPK,Peshawar,Highway,34.4277,72.0909,Cloudy,157,21.8,5.7,Dawn-Dusk,Dry,Asphalt,2,100,Straight,Uphill,None,No,1,Car,18.6,No,29,Yes,Yes,No,Unknown,100,None,Speeding,Fixed-object,Side,1,1450,Off-peak,11.0,17.3,0,0,1,Moderate,Medium
PK-2024-00253,2024-02-19,16:47,KPK,Swat,Urban,34.8504,70.3715,Clear,24,30.1,2.0,Unlit,Muddy,Concrete,6,100,Straight,Downhill,Physical,Yes,4,Bus;Truck;Motorcycle;Motorcycle,19.1,No,22,Yes,Yes,No,No,90,Swerving,Mobile Phone,Side-swipe,Side,1,194,Peak,16.0,24.4,0,3,4,Severe,High
PK-2024-00254,2024-10-03,11:29,Punjab,Lahore,Residential,32.2186,74.4792,Dust Storm,783,30.0,56.3,Street-lit,Dry,Concrete,4,50,Gentle,Flat,Physical,Yes,2,Car;Auto-rickshaw,2.2,Yes,40,No,No,No,No,50,Braking,Speeding,Side-swipe,Rear,1,1501,Peak,1.1,8.2,0,0,1,Moderate,Medium
PK-2024-00255,2024-02-27,07:49,Balochistan,Quetta,Urban,29.2053,66.5346,Clear,142,27.9,3.3,Daylight,Potholed,Asphalt,3,50,Gentle,Flat,Painted,No,1,Motorcycle,3.6,No,47,Yes,Yes,No,No,50,Swerving,Signal Violation,Multi-vehicle pileup,Front,2,1276,Off-peak,1.5,10.6,0,0,3,Minor,Medium
PK-2024-00256,2024-01-11,18:00,Punjab,Sargodha,Urban,31.8567,72.1421,Cloudy,59,30.5,5.4,Daylight,Potholed,Concrete,3,100,Gentle,Uphill,Physical,Yes,3,Truck;Truck;Truck,15.0,No,43,Yes,No,No,No,100,Braking,Mechanical Failure,Rear-end,Rear,1,750,Peak,6.5,7.7,0,1,2,Moderate,Medium
PK-2024-00257,2024-01-02,18:06,Punjab,Bahawalpur,Residential,30.0554,74.671,Haze,215,16.9,10.5,Daylight,Potholed,Asphalt,4,120,Sharp,Flat,Physical,No,1,Motorcycle,7.4,No,38,Yes,Not Applicable,No,No,140,Swerving,Wrong Side,Rear-end,Front,2,964,Peak,10.6,15.5,0,2,2,Moderate,High
PK-2024-00258,2024-07-04,04:18,Balochistan,Turbat,Urban,27.5091,65.7077,Fog,868,31.1,3.5,Dawn-Dusk,Dry,Asphalt,6,50,Gentle,Uphill,Painted,Yes,3,Car;Car;Auto-rickshaw,12.9,No,63,No,Yes,Yes,No,60,None,Mechanical Failure,Pedestrian,Front,1,1949,Peak,48.3,67.2,0,1,3,Minor,Medium
PK-2024-00259,2024-05-22,09:03,Punjab,Multan,Residential,29.7314,72.6569,Rain,269,38.2,4.5,Daylight,Dry,Dirt,4,120,Gentle,Downhill,Physical,No,1,Bicycle,9.0,No,30,No,No,No,No,125,Swerving,Mechanical Failure,Side-swipe,Side,1,1335,Off-peak,10.1,19.5,0,2,2,Moderate,Medium
PK-2024-00260,2024-01-14,01:59,KPK,Dera Ismail Khan,Urban,32.6298,70.6029,Clear,1068,22.8,4.9,Daylight,Dry,Asphalt,2,30,Gentle,Downhill,Painted,Yes,3,Car;Motorcycle;Bus,15.7,No,32,No,Yes,No,No,60,Swerving,Human Error,Rollover,Side,1,823,Off-peak,4.2,4.8,0,0,2,None,Low
PK-2024-00261,2024-09-14,06:45,KPK,Mardan,Rural,33.6343,70.1078,Clear,89,25.3,3.1,Daylight,Wet,Asphalt,4,40,Hairpin,Flat,Physical,Yes,2,Car;Motorcycle,13.1,No,20,No,No,No,Yes,50,Braking,Weather,Rear-end,Roof,1,1830,Off-peak,26.2,33.0,0,1,2,Minor,Medium
PK-2024-00262,2024-03-02,22:16,Balochistan,Khuzdar,Highway,27.8859,65.2082,Cloudy,22,36.0,12.7,Dawn-Dusk,Muddy,Asphalt,2,80,Straight,Downhill,Painted,Yes,5,Truck;Motorcycle;Truck;Motorcycle;Auto-rickshaw,8.9,No,40,Yes,Yes,No,No,100,Braking,Signal Violation,Side-swipe,Side,1,1797,Off-peak,5.0,10.7,0,2,3,Severe,High
PK-2024-00263,2024-12-08,16:27,Islamabad,Islamabad,Rural,35.0864,73.4575,Haze,336,6.6,16.8,Street-lit,Flooding,Gravel,2,30,Straight,Uphill,Painted,No,2,Car;Bus,15.6,No,40,Yes,Not Applicable,No,No,30,Swerving,Drunk Driving,Head-on,Front,2,1209,Off-peak,57.2,71.1,0,0,1,Moderate,Medium
PK-2024-00264,2024-07-27,01:49,Punjab,Sialkot,Rural,31.9943,72.974,Heavy Rain,970,33.2,16.9,Daylight,Dry,Concrete,2,40,Sharp,Uphill,None,No,3,Motorcycle;Bus;Car,9.1,No,44,Partial,Yes,No,No,55,None,Wrong Side,Head-on,Rear,2,705,Off-peak,19.3,30.7,0,1,4,Severe,High
PK-2024-00265,2024-05-15,12:37,Islamabad,Islamabad,Rural,35.0473,73.8036,Cloudy,421,38.2,2.7,Dawn-Dusk,Potholed,Gravel,2,60,Straight,Flat,Physical,No,2,Car;Truck,13.0,No,32,No,Yes,No,No,65,None,Weather,Rear-end,Side,1,1800,Off-peak,11.1,16.0,0,0,0,Minor,Low
PK-2024-00266,2024-03-25,02:08,Punjab,Multan,Highway,31.949,72.796,Rain,595,33.0,13.0,Street-lit,Dry,Concrete,4,60,Hairpin,Downhill,Painted,Yes,2,Truck;Motorcycle,3.1,No,57,Yes,Yes,No,No,70,Braking,Mobile Phone,Pedestrian,Side,1,1411,Off-peak,1.3,3.0,0,1,3,Moderate,Medium
PK-2024-00267,2024-09-07,19:31,Punjab,Gujranwala,Urban,32.1198,73.4415,Cloudy,1459,24.9,12.6,Daylight,Potholed,Gravel,6,100,Gentle,Flat,Physical,No,2,Car;Motorcycle,2.5,No,47,Yes,Not Applicable,No,No,130,Swerving,Weather,Fixed-object,Front,1,1022,Off-peak,5.4,13.3,0,1,1,Minor,Medium
PK-2024-00268,2024-02-17,12:02,Islamabad,Islamabad,Residential,34.8897,73.0579,Clear,20,27.4,31.9,Unlit,Dry,Asphalt,2,40,Gentle,Downhill,None,No,3,Motorcycle;Car;Bicycle,11.9,No,28,No,No,No,No,50,Braking,Weather,Fixed-object,Front,1,388,Peak,20.9,30.9,0,1,3,Moderate,Medium
PK-2024-00269,2024-12-28,12:15,Punjab,Lahore,Rural,31.9022,74.3885,Cloudy,878,30.6,9.8,Street-lit,Wet,Concrete,4,100,Straight,Downhill,None,Yes,2,Car;Bus,9.6,No,27,Yes,Partial,No,No,105,None,Weather,Multi-vehicle pileup,Roof,1,1388,Peak,12.0,22.6,1,2,3,Severe,High
PK-2024-00270,2024-04-25,14:43,Punjab,Multan,Urban,30.6666,73.7558,Cloudy,244,27.4,3.2,Dawn-Dusk,Wet,Concrete,2,120,Gentle,Flat,Painted,Yes,4,Truck;Motorcycle;Motorcycle;Motorcycle,18.9,No,33,Partial,Yes,No,No,120,None,Overloading,Head-on,Front,1,169,Off-peak,4.9,9.2,1,2,4,Moderate,High
PK-2024-00271,2024-08-03,15:04,Punjab,Faisalabad,Rural,30.8579,73.2615,Fog,1239,24.6,1.0,Unlit,Dry,Asphalt,2,80,Hairpin,Flat,Physical,Yes,3,Car;Car;Car,15.7,Yes,41,No,Yes,Yes,No,95,Braking,Mechanical Failure,Fixed-object,Side,1,1620,Peak,16.4,24.2,2,3,1,Total,Critical
PK-2024-00272,2024-09-07,06:14,Sindh,Hyderabad,Residential,24.1812,67.3749,Heavy Rain,208,18.3,26.7,Unlit,Wet,Asphalt,2,30,Sharp,Flat,Physical,Yes,1,Truck,19.5,No,38,No,Yes,No,No,30,Swerving,Speeding,Fixed-object,Front,2,1546,Off-peak,27.4,38.0,0,3,3,Severe,High
PK-2024-00273,2024-01-13,04:41,Punjab,Sialkot,Residential,32.2579,74.6879,Haze,991,38.8,3.0,Daylight,Construction,Asphalt,2,50,Straight,Flat,Physical,Yes,1,Truck,2.4,No,51,No,No,No,No,80,None,Wrong Side,Rollover,Rear,1,1077,Off-peak,8.5,11.3,1,2,4,Severe,High
PK-2024-00274,2024-04-18,17:06,Punjab,Faisalabad,Rural,30.7139,73.6533,Cloudy,698,29.5,11.8,Daylight,Muddy,Concrete,2,60,Straight,Downhill,Painted,No,4,Bicycle;Bicycle;Bus;Car,5.8,No,46,Yes,Not Applicable,No,Unknown,90,Swerving,Weather,Multi-vehicle pileup,Front,1,1928,Off-peak,43.3,60.1,1,4,1,Total,Critical
PK-2024-00275,2024-12-12,10:36,Balochistan,Khuzdar,Residential,28.5165,67.6521,Clear,1500,19.2,2.1,Street-lit,Dry,Asphalt,2,80,Gentle,Flat,Physical,Yes,2,Motorcycle;Bicycle,6.7,No,62,No,No,No,No,100,Braking,Mechanical Failure,Side-swipe,Roof,2,129,Off-peak,29.0,38.8,0,0,1,Minor,Medium
PK-2024-00276,2024-11-22,06:42,Sindh,Sukkur,Rural,24.7604,66.9003,Rain,486,27.4,2.3,Street-lit,Wet,Asphalt,4,50,Gentle,Flat,None,No,3,Motorcycle;Bus;Car,18.9,No,36,Partial,No,No,Unknown,60,Swerving,Human Error,Pedestrian,Roof,1,1490,Peak,5.7,6.7,0,0,3,Minor,Medium
PK-2024-00277,2024-05-12,09:19,Punjab,Sargodha,Residential,31.1582,72.7119,Fog,532,23.2,15.2,Daylight,Dry,Dirt,2,50,Straight,Flat,Painted,Yes,2,Auto-rickshaw;Car,9.5,No,60,Yes,Not Applicable,No,Unknown,50,Braking,Weather,Rear-end,Rear,2,1388,Peak,14.5,19.7,0,0,0,None,Low
PK-2024-00278,2024-05-26,19:17,Sindh,Nawabshah,Highway,24.7215,67.3481,Heavy Rain,377,7.0,7.4,Daylight,Wet,Gravel,2,100,Straight,Uphill,Painted,No,2,Car;Car,8.9,No,19,No,Partial,No,No,105,Swerving,Human Error,Multi-vehicle pileup,Side,2,200,Off-peak,1.7,5.4,1,3,2,Severe,Critical
PK-2024-00279,2024-05-22,05:55,Punjab,Lahore,Residential,31.8637,72.2155,Dust Storm,1391,38.8,0.1,Dawn-Dusk,Wet,Asphalt,2,80,Straight,Flat,Painted,Yes,2,Motorcycle;Motorcycle,14.4,Yes,36,Yes,Not Applicable,No,No,110,None,Speeding,Rear-end,Front,2,537,Off-peak,9.5,10.4,1,3,3,Total,Critical
PK-2024-00280,2024-10-26,13:20,KPK,Dera Ismail Khan,Residential,34.3215,70.9372,Cloudy,342,29.5,5.8,Unlit,Flooding,Concrete,1,50,Straight,Flat,Painted,No,4,Car;Motorcycle;Car;Car,4.1,No,17,No,No,Yes,No,50,Braking,Mechanical Failure,Head-on,Side,1,280,Peak,0.9,8.6,0,3,3,Severe,High
PK-2024-00281,2024-12-03,08:53,Punjab,Gujranwala,Highway,31.8415,72.7203,Cloudy,188,45.0,4.5,Street-lit,Construction,Asphalt,2,50,Gentle,Flat,Painted,Yes,3,Truck;Truck;Motorcycle,19.9,Yes,53,No,No,No,No,65,Braking,Animal Crossing,Head-on,Side,2,1652,Off-peak,1.8,4.3,0,2,2,Moderate,High
PK-2024-00282,2024-06-22,05:52,Punjab,Sialkot,Highway,32.0046,73.0839,Cloudy,146,26.3,23.4,Daylight,Potholed,Gravel,3,80,Gentle,Flat,Physical,Yes,1,Motorcycle,7.7,No,46,Yes,Yes,No,No,75,Swerving,Speeding,Head-on,Side,1,200,Off-peak,11.7,23.2,0,3,2,Severe,High
PK-2024-00283,2024-12-14,12:51,Punjab,Rawalpindi,Rural,32.3855,73.8229,Heavy Rain,183,23.1,8.2,Dawn-Dusk,Construction,Concrete,4,60,Gentle,Downhill,None,No,2,Auto-rickshaw;Motorcycle,6.1,No,18,No,Yes,Yes,No,60,Braking,Human Error,Rear-end,Front,1,1048,Off-peak,1.2,3.6,0,1,3,Moderate,Medium
PK-2024-00284,2024-12-12,03:06,Islamabad,Islamabad,Urban,34.0946,73.9388,Clear,284,30.1,33.8,Daylight,Wet,Asphalt,2,80,Straight,Uphill,Physical,Yes,2,Truck;Motorcycle,9.7,No,29,No,Yes,No,No,80,Swerving,Drunk Driving,Rear-end,Front,2,947,Off-peak,7.0,15.2,0,0,1,Minor,Low
PK-2024-00285,2024-06-08,23:50,Punjab,Sialkot,Highway,31.0385,72.5639,Clear,122,43.6,3.9,Dawn-Dusk,Dry,Concrete,2,50,Straight,Uphill,Physical,Yes,2,Motorcycle;Truck,5.0,No,25,No,Partial,No,No,65,None,Mechanical Failure,Head-on,Roof,2,1166,Peak,20.0,24.9,0,1,1,Moderate,Medium
PK-2024-00286,2024-01-23,04:33,Punjab,Lahore,Highway,31.8652,72.7678,Haze,245,27.5,1.0,Unlit,Construction,Asphalt,3,40,Sharp,Downhill,Painted,Yes,1,Truck,17.0,No,18,Partial,Yes,Yes,No,60,Swerving,Human Error,Rear-end,Front,2,1706,Peak,10.0,16.1,0,1,1,Moderate,Medium
PK-2024-00287,2024-07-18,23:46,Sindh,Sukkur,Rural,26.8642,69.1118,Clear,110,44.2,37.6,Unlit,Dry,Asphalt,2,80,Straight,Downhill,Physical,Yes,2,Auto-rickshaw;Truck,9.8,No,21,No,No,No,No,75,Braking,Signal Violation,Head-on,Rear,2,1698,Off-peak,9.0,14.8,0,3,3,Moderate,High
PK-2024-00288,2024-11-03,16:01,Punjab,Rawalpindi,Rural,31.8756,72.2275,Clear,297,33.2,8.8,Daylight,Potholed,Asphalt,2,60,Straight,Downhill,Painted,Yes,2,Car;Auto-rickshaw,7.4,No,35,Partial,Yes,No,Unknown,70,Braking,Speeding,Rear-end,Roof,1,498,Off-peak,0.5,4.9,0,0,0,Minor,Low
PK-2024-00289,2024-10-15,13:46,KPK,Dera Ismail Khan,Rural,33.2959,71.3679,Clear,260,25.0,18.3,Unlit,Dry,Asphalt,4,30,Gentle,Flat,None,No,2,Bus;Car,14.5,No,51,Yes,Partial,No,No,40,Braking,Human Error,Side-swipe,Front,3,1453,Off-peak,2.2,6.9,0,0,0,Minor,Low
PK-2024-00290,2024-09-17,05:49,KPK,Peshawar,Urban,33.9152,71.1794,Haze,974,30.3,17.3,Daylight,Flooding,Gravel,3,60,Straight,Flat,Physical,No,3,Motorcycle;Car;Auto-rickshaw,19.5,No,63,Yes,Yes,No,No,90,None,Wrong Side,Rear-end,Front,1,1441,Peak,18.0,30.2,1,3,1,Total,Critical
PK-2024-00291,2024-01-08,12:12,Punjab,Rawalpindi,Highway,30.549,73.0168,Fog,713,12.4,9.5,Dawn-Dusk,Dry,Asphalt,2,60,Straight,Flat,Physical,No,3,Bus;Motorcycle;Motorcycle,19.6,No,41,No,No,No,No,65,Swerving,Mechanical Failure,Fixed-object,Roof,3,1469,Peak,7.2,11.4,0,1,3,Moderate,Medium
PK-2024-00292,2024-09-15,22:33,Balochistan,Quetta,Urban,28.097,65.806,Rain,691,23.0,17.2,Daylight,Potholed,Asphalt,2,50,Gentle,Flat,None,No,2,Truck;Truck,14.6,No,22,No,No,No,No,65,Braking,Speeding,Rear-end,Roof,1,760,Peak,3.3,3.0,0,1,2,Moderate,Medium
PK-2024-00293,2024-08-02,17:10,Sindh,Sukkur,Urban,25.3609,68.5774,Clear,1166,22.0,4.7,Daylight,Muddy,Concrete,4,50,Gentle,Downhill,None,Yes,2,Motorcycle;Car,11.4,Yes,44,No,No,Yes,No,55,None,Overloading,Rear-end,Rear,1,1967,Peak,2.1,5.6,0,1,1,Moderate,Medium
PK-2024-00294,2024-06-25,19:22,KPK,Peshawar,Highway,32.0356,70.6682,Haze,166,26.0,2.5,Daylight,Muddy,Dirt,3,60,Sharp,Downhill,Physical,No,5,Motorcycle;Car;Auto-rickshaw;Motorcycle;Motorcycle,7.6,No,68,Yes,No,No,No,75,None,Speeding,Rear-end,Side,1,973,Peak,2.4,7.7,3,4,1,Total,Critical
PK-2024-00295,2024-07-25,15:29,Punjab,Faisalabad,Urban,31.0553,72.5935,Clear,615,40.7,2.9,Daylight,Dry,Asphalt,3,80,Hairpin,Flat,Painted,Yes,1,Car,7.8,No,40,No,No,No,No,95,None,Weather,Rear-end,Front,1,1539,Peak,47.5,67.7,0,0,2,Minor,Medium