incident_id,date,time,province,district,road_type,latitude,longitude,weather,visibility_meters,temperature_c,wind_speed_kmh,lighting,road_condition,surface_material,number_of_lanes,speed_limit_kmh,road_curvature,road_gradient,median_type,shoulder_available,num_vehicles,vehicle_types,vehicle_avg_age_years,overloading_detected,driver_age,helmet_usage,seatbelt_usage,mobile_phone_suspected,alcohol_drug_suspected,speed_at_impact_kmh,evasive_action,accident_cause,collision_type,impact_point,num_collisions,traffic_volume_per_hour,peak_off_peak,distance_to_hospital_km,expected_response_min,fatalities,serious_injuries,minor_injuries,property_damage_level,severity
PK-2024-00443,2024-12-07,23:48,KPK,Peshawar,Urban,34.2138,71.6225,Rain,73,30.7,5.3,Unlit,Wet,Concrete,4,50,Straight,Flat,Painted,Yes,2,Truck;Motorcycle,19.3,No,57,No,Yes,No,No,80,None,Signal Violation,Rollover,Side,1,400,Off-peak,5.8,13.1,1,4,3,Total,Critical
PK-2024-00444,2024-12-10,11:56,Punjab,Gujranwala,Urban,30.674,72.5503,Clear,967,28.9,45.9,Street-lit,Construction,Asphalt,2,110,Sharp,Flat,Physical,No,2,Motorcycle;Motorcycle,9.1,No,31,No,Not Applicable,No,No,110,None,Speeding,Side-swipe,Front,1,673,Peak,14.9,27.2,0,2,2,Severe,High
PK-2024-00445,2024-02-13,01:32,Balochistan,Quetta,Residential,28.8197,66.5012,Clear,350,38.3,16.8,Unlit,Wet,Dirt,4,60,Straight,Flat,None,Yes,3,Motorcycle;Bicycle;Motorcycle,16.9,No,39,Partial,Not Applicable,No,No,80,Swerving,Human Error,Rear-end,Side,1,1347,Peak,5.6,4.3,0,0,1,Minor,Low
PK-2024-00446,2024-01-05,07:31,Punjab,Rawalpindi,Rural,30.371,72.5836,Clear,289,31.1,10.9,Unlit,Muddy,Asphalt,2,100,Gentle,Flat,Painted,Yes,2,Truck;Car,18.6,Yes,18,No,No,No,No,100,None,Speeding,Fixed-object,Side,1,1436,Off-peak,16.3,30.0,1,3,3,Total,Critical
PK-2024-00447,2024-10-21,21:38,Sindh,Sukkur,Residential,25.958,68.7611,Rain,212,22.6,3.4,Daylight,Dry,Asphalt,2,60,Sharp,Flat,Painted,Yes,1,Car,10.6,No,42,No,No,No,No,100,Braking,Speeding,Multi-vehicle pileup,Roof,1,1550,Peak,0.5,5.8,1,3,3,Total,Critical
PK-2024-00448,2024-02-21,17:15,Balochistan,Gwadar,Rural,29.1078,65.72,Haze,20,49.3,5.4,Street-lit,Wet,Asphalt,4,110,Straight,Uphill,Physical,Yes,2,Bicycle;Car,9.0,No,34,No,No,Yes,Unknown,110,Swerving,Signal Violation,Rollover,Front,2,1080,Peak,34.7,51.0,1,3,2,Severe,Critical
PK-2024-00449,2024-12-28,02:13,Balochistan,Khuzdar,Rural,28.3302,67.0575,Haze,489,30.6,17.9,Daylight,Potholed,Dirt,2,110,Sharp,Uphill,Painted,No,2,Truck;Auto-rickshaw,11.9,No,41,No,No,No,No,140,None,Human Error,Multi-vehicle pileup,Rear,1,1963,Off-peak,15.0,22.1,3,2,3,Total,Critical
PK-2024-00450,2024-11-06,15:40,Balochistan,Gwadar,Highway,29.2698,65.5277,Clear,284,39.3,17.8,Daylight,Dry,Concrete,4,120,Gentle,Downhill,Physical,Yes,2,Auto-rickshaw;Truck,18.4,No,53,Yes,Not Applicable,No,No,115,Braking,Human Error,Multi-vehicle pileup,Front,2,1106,Off-peak,35.5,48.5,0,1,3,Minor,Medium
PK-2024-00451,2024-08-20,23:28,Sindh,Karachi,Urban,26.7785,67.2891,Haze,844,42.9,25.9,Street-lit,Dry,Asphalt,4,60,Gentle,Downhill,Painted,Yes,2,Auto-rickshaw;Motorcycle,3.8,No,47,Yes,Not Applicable,Yes,No,60,Braking,Wrong Side,Pedestrian,Rear,2,64,Off-peak,6.6,12.3,0,0,0,Minor,Low
PK-2024-00452,2024-03-11,00:23,KPK,Abbottabad,Residential,34.1737,72.8286,Cloudy,80,41.4,10.6,Dawn-Dusk,Wet,Asphalt,6,80,Straight,Downhill,None,No,5,Motorcycle;Motorcycle;Auto-rickshaw;Car;Car,15.6,No,22,Yes,No,No,No,90,None,Wrong Side,Rear-end,Side,1,792,Peak,23.3,37.1,1,1,2,Severe,High
PK-2024-00453,2024-05-07,01:32,Sindh,Nawabshah,Urban,26.1544,66.9272,Clear,217,25.0,14.4,Street-lit,Construction,Concrete,2,50,Straight,Uphill,Physical,Yes,2,Bicycle;Car,12.1,Yes,43,Yes,Not Applicable,No,No,90,Swerving,Speeding,Rollover,Side,3,212,Off-peak,5.7,8.8,2,2,2,Severe,Critical
PK-2024-00454,2024-12-14,18:18,Punjab,Rawalpindi,Urban,30.1732,73.1765,Fog,251,32.4,2.3,Unlit,Icy,Asphalt,2,30,Sharp,Uphill,None,No,5,Truck;Bus;Bus;Truck;Truck,18.7,No,35,Yes,Yes,No,No,50,Swerving,Speeding,Side-swipe,Rear,2,322,Peak,26.6,43.4,0,1,2,Moderate,Medium
PK-2024-00455,2024-05-13,01:57,Punjab,Lahore,Highway,30.5149,74.3452,Clear,34,13.0,0.7,Dawn-Dusk,Dry,Asphalt,4,30,Straight,Flat,Physical,No,1,Motorcycle,15.8,No,16,Partial,Not Applicable,No,No,35,Braking,Human Error,Fixed-object,Front,2,952,Off-peak,19.2,26.6,0,0,1,Minor,Low
PK-2024-00456,2024-07-20,10:39,KPK,Dera Ismail Khan,Rural,34.9715,70.4312,Rain,172,24.6,2.3,Daylight,Dry,Asphalt,4,80,Straight,Flat,Painted,Yes,3,Auto-rickshaw;Motorcycle;Motorcycle,5.3,No,21,Partial,Yes,No,No,80,None,Human Error,Fixed-object,Side,1,925,Off-peak,31.6,40.4,0,0,2,Moderate,Medium
PK-2024-00457,2024-03-07,07:15,Punjab,Sargodha,Urban,30.3311,72.9697,Clear,624,15.5,5.1,Daylight,Dry,Asphalt,2,100,Hairpin,Flat,None,Yes,1,Auto-rickshaw,10.7,No,31,Yes,Not Applicable,No,No,100,None,Speeding,Fixed-object,Front,1,1025,Off-peak,3.2,3.4,0,0,1,Minor,Low
PK-2024-00458,2024-09-02,10:41,Sindh,Larkana,Urban,26.3279,68.2025,Clear,383,31.7,3.4,Tunnel,Wet,Asphalt,2,80,Sharp,Uphill,None,Yes,2,Car;Motorcycle,8.0,Yes,29,Yes,Not Applicable,No,No,80,None,Animal Crossing,Side-swipe,Front,2,423,Off-peak,17.5,27.2,0,0,2,Minor,Low
PK-2024-00459,2024-04-12,00:59,Punjab,Sargodha,Highway,29.7953,72.6977,Clear,456,23.8,3.1,Daylight,Potholed,Concrete,6,60,Straight,Uphill,Physical,Yes,1,Motorcycle,14.1,No,45,No,Yes,No,No,65,None,Drunk Driving,Head-on,Front,1,1235,Off-peak,80.0,90.0,0,1,3,Severe,High
PK-2024-00460,2024-10-10,22:50,Punjab,Faisalabad,Residential,31.2402,73.6306,Cloudy,485,39.3,11.4,Street-lit,Flooding,Asphalt,2,80,Gentle,Flat,Physical,Yes,2,Car;Motorcycle,13.2,No,37,Yes,No,No,No,100,Braking,Drunk Driving,Head-on,Side,1,1351,Peak,8.5,15.7,1,2,3,Total,Critical
PK-2024-00461,2024-11-08,04:50,Sindh,Nawabshah,Rural,26.2912,69.0492,Clear,145,43.7,15.4,Daylight,Icy,Asphalt,2,30,Straight,Uphill,None,Yes,2,Motorcycle;Motorcycle,18.8,No,16,Partial,Not Applicable,No,No,50,Swerving,Speeding,Rear-end,Front,1,1573,Off-peak,18.9,23.9,0,0,3,Moderate,Medium
PK-2024-00462,2024-06-07,17:56,Sindh,Nawabshah,Rural,25.7204,68.0255,Rain,450,29.7,3.8,Unlit,Dry,Concrete,2,110,Straight,Flat,Painted,No,2,Car;Motorcycle,7.2,No,33,Partial,Yes,No,No,120,None,Human Error,Rear-end,Rear,2,279,Off-peak,18.2,31.0,1,2,3,Severe,High
PK-2024-00463,2024-07-12,19:45,Islamabad,Islamabad,Urban,34.3151,73.5254,Heavy Rain,335,28.1,1.8,Tunnel,Potholed,Asphalt,2,60,Straight,Flat,None,Yes,2,Motorcycle;Car,2.6,No,43,Yes,Not Applicable,No,No,60,None,Human Error,Rear-end,Rear,2,1498,Off-peak,18.0,28.5,0,2,2,Moderate,Medium
PK-2024-00464,2024-02-01,20:43,Punjab,Gujranwala,Rural,30.4813,72.9314,Rain,410,23.9,0.1,Daylight,Dry,Gravel,3,80,Straight,Uphill,Physical,Yes,3,Motorcycle;Bus;Car,15.7,No,28,No,No,No,No,75,None,Speeding,Rear-end,Rear,1,1991,Peak,4.9,11.1,0,0,1,Moderate,Medium
PK-2024-00465,2024-06-02,06:04,Punjab,Bahawalpur,Urban,30.1833,74.2109,Clear,449,27.4,6.5,Daylight,Dry,Asphalt,2,30,Sharp,Flat,Physical,No,3,Truck;Bicycle;Auto-rickshaw,12.5,No,30,Partial,No,No,Yes,40,Swerving,Animal Crossing,Rear-end,Rear,1,1195,Peak,9.5,11.6,0,0,0,None,Low
PK-2024-00466,2024-01-20,18:41,KPK,Peshawar,Residential,32.8395,71.9253,Fog,762,37.9,6.4,Street-lit,Icy,Asphalt,2,50,Straight,Uphill,Physical,No,4,Motorcycle;Motorcycle;Truck;Bus,17.0,No,34,No,Not Applicable,Yes,No,60,Swerving,Signal Violation,Side-swipe,Side,1,1026,Peak,21.3,29.6,0,0,0,None,Low
PK-2024-00467,2024-10-03,15:52,Islamabad,Islamabad,Highway,33.5502,71.6222,Fog,172,38.3,11.5,Unlit,Icy,Concrete,1,80,Straight,Uphill,None,Yes,2,Motorcycle;Motorcycle,7.9,No,21,No,Not Applicable,No,No,85,Swerving,Human Error,Rollover,Roof,1,252,Peak,12.6,25.7,3,3,2,Total,Critical
PK-2024-00468,2024-05-25,11:30,Sindh,Karachi,Rural,25.011,69.0397,Clear,319,27.2,4.8,Daylight,Dry,Dirt,4,80,Sharp,Downhill,None,Yes,2,Car;Truck,18.2,Yes,36,Partial,Not Applicable,Yes,No,95,Braking,Signal Violation,Fixed-object,Front,1,1897,Peak,3.2,5.3,0,1,1,Moderate,Medium
PK-2024-00469,2024-01-01,15:19,Balochistan,Quetta,Highway,29.3842,67.9813,Clear,20,21.9,2.4,Daylight,Dry,Asphalt,2,50,Straight,Uphill,Physical,Yes,4,Truck;Auto-rickshaw;Car;Car,6.3,No,28,No,Yes,No,Yes,50,Swerving,Mobile Phone,Head-on,Front,1,355,Off-peak,2.7,5.6,0,0,0,None,Low
PK-2024-00470,2024-11-06,19:21,Punjab,Multan,Residential,31.9143,73.5782,Haze,126,21.4,11.4,Street-lit,Dry,Asphalt,4,30,Straight,Flat,Painted,Yes,3,Car;Truck;Truck,18.3,Yes,39,Partial,Partial,Yes,No,50,Braking,Human Error,Pedestrian,Side,1,1121,Off-peak,22.4,30.0,0,0,2,Minor,Low
PK-2024-00471,2024-09-01,12:20,Punjab,Gujranwala,Highway,31.6645,73.6206,Rain,791,37.0,2.3,Unlit,Wet,Asphalt,4,120,Straight,Flat,Painted,No,2,Motorcycle;Car,13.6,No,43,No,No,No,No,140,None,Signal Violation,Multi-vehicle pileup,Rear,2,297,Peak,9.6,16.4,2,4,1,Total,Critical
PK-2024-00472,2024-02-02,05:04,Punjab,Lahore,Urban,32.4587,74.3827,Cloudy,26,28.7,14.0,Street-lit,Dry,Concrete,3,40,Straight,Uphill,Physical,No,3,Bus;Motorcycle;Car,16.2,Yes,39,No,Partial,No,Unknown,50,None,Speeding,Rear-end,Rear,1,1653,Peak,1.8,4.5,0,0,3,Minor,Medium
PK-2024-00473,2024-02-21,16:43,KPK,Abbottabad,Urban,34.7734,70.1079,Cloudy,91,32.2,8.1,Tunnel,Dry,Dirt,3,100,Straight,Flat,Physical,No,2,Auto-rickshaw;Car,12.8,No,37,No,Yes,No,No,140,Braking,Signal Violation,Rear-end,Side,1,1665,Off-peak,30.5,41.1,0,1,4,Severe,High
PK-2024-00474,2024-01-12,03:00,Sindh,Karachi,Rural,25.5863,68.3085,Heavy Rain,30,21.9,15.0,Daylight,Dry,Asphalt,4,60,Sharp,Flat,Painted,No,2,Motorcycle;Car,4.6,Yes,16,No,Yes,No,No,55,None,Wrong Side,Side-swipe,Front,1,1643,Off-peak,3.3,7.4,0,1,2,Severe,High
PK-2024-00475,2024-05-01,11:42,KPK,Dera Ismail Khan,Residential,33.9898,72.2776,Heavy Rain,472,35.7,3.8,Unlit,Dry,Dirt,4,60,Hairpin,Flat,Painted,No,1,Truck,3.7,No,54,No,Yes,No,No,60,Braking,Speeding,Pedestrian,Side,2,1054,Off-peak,0.5,9.1,0,1,3,Severe,High
PK-2024-00476,2024-01-28,20:39,KPK,Mardan,Rural,33.4834,72.8282,Clear,81,36.0,17.1,Daylight,Potholed,Gravel,2,100,Gentle,Flat,Painted,Yes,3,Motorcycle;Motorcycle;Car,9.6,No,46,No,Yes,No,No,100,Braking,Speeding,Side-swipe,Rear,1,1987,Peak,4.7,11.0,0,3,4,Moderate,High
PK-2024-00477,2024-10-05,07:00,Islamabad,Islamabad,Residential,32.561,72.5861,Cloudy,84,23.7,20.4,Unlit,Dry,Asphalt,4,50,Gentle,Flat,Painted,Yes,3,Car;Motorcycle;Car,17.2,No,27,No,Yes,No,No,55,Braking,Speeding,Head-on,Side,2,1325,Peak,15.5,25.0,1,3,3,Severe,High
PK-2024-00478,2024-06-12,01:21,Sindh,Sukkur,Highway,25.0901,68.9452,Clear,108,36.7,41.2,Unlit,Dry,Asphalt,4,40,Straight,Downhill,Physical,Yes,2,Motorcycle;Truck,9.4,No,49,No,Yes,No,No,60,Braking,Human Error,Fixed-object,Roof,1,1583,Off-peak,4.5,11.9,0,0,0,None,Low
PK-2024-00479,2024-12-28,23:53,Punjab,Sialkot,Rural,32.3123,73.581,Heavy Rain,162,35.5,22.5,Unlit,Dry,Asphalt,3,60,Gentle,Downhill,Physical,Yes,3,Car;Bus;Car,16.1,No,35,Yes,Not Applicable,No,No,55,None,Speeding,Side-swipe,Side,1,1008,Off-peak,34.6,48.4,0,2,2,Minor,Medium
PK-2024-00480,2024-11-06,11:40,Punjab,Lahore,Residential,31.2063,74.6583,Rain,833,21.4,4.6,Unlit,Wet,Concrete,4,30,Gentle,Flat,Painted,Yes,3,Motorcycle;Bicycle;Truck,6.3,No,20,Partial,Not Applicable,No,Unknown,30,Braking,Signal Violation,Rear-end,Side,1,1180,Peak,10.5,17.2,0,0,0,None,Low
PK-2024-00481,2024-02-19,16:34,Islamabad,Islamabad,Highway,34.4162,72.1817,Cloudy,65,26.7,0.5,Unlit,Construction,Gravel,1,60,Gentle,Downhill,Painted,Yes,3,Motorcycle;Car;Motorcycle,12.2,No,46,Yes,Yes,No,Unknown,60,Swerving,Human Error,Rollover,Front,1,1846,Off-peak,0.5,3.0,0,0,2,Minor,Medium
PK-2024-00482,2024-10-01,14:24,Punjab,Faisalabad,Highway,31.9632,74.3492,Rain,24,36.7,8.0,Street-lit,Wet,Asphalt,3,60,Sharp,Flat,Physical,No,2,Motorcycle;Motorcycle,17.3,No,37,Yes,Yes,No,No,65,None,Mechanical Failure,Multi-vehicle pileup,Rear,3,1961,Peak,16.9,30.0,3,3,2,Total,Critical
PK-2024-00483,2024-06-22,12:52,Sindh,Karachi,Highway,24.113,68.6411,Rain,396,37.2,18.2,Daylight,Dry,Asphalt,4,30,Gentle,Flat,None,Yes,2,Bicycle;Truck,13.6,No,32,No,Yes,No,Unknown,50,None,Human Error,Side-swipe,Front,2,1312,Peak,19.4,33.7,0,0,0,Minor,Low
PK-2024-00484,2024-01-01,08:13,Punjab,Faisalabad,Residential,30.8914,73.3605,Clear,312,35.1,10.6,Unlit,Potholed,Gravel,4,50,Hairpin,Uphill,Physical,Yes,4,Auto-rickshaw;Car;Car;Bicycle,15.6,No,27,No,No,No,No,70,Braking,Overloading,Side-swipe,Rear,1,1793,Off-peak,3.6,9.5,0,1,2,Minor,Medium
PK-2024-00485,2024-09-01,02:04,Punjab,Lahore,Urban,32.081,74.2866,Cloudy,441,46.7,50.6,Unlit,Flooding,Gravel,2,80,Gentle,Uphill,None,No,4,Bus;Motorcycle;Car;Car,6.6,No,22,Yes,Yes,No,No,100,None,Mobile Phone,Side-swipe,Front,2,1285,Peak,12.6,21.1,3,3,3,Total,Critical
PK-2024-00486,2024-02-07,08:12,Sindh,Nawabshah,Rural,24.6894,69.081,Clear,323,28.6,17.3,Daylight,Dry,Asphalt,4,120,Straight,Uphill,Physical,Yes,3,Motorcycle;Truck;Motorcycle,12.2,No,33,Partial,Partial,No,No,140,Swerving,Signal Violation,Head-on,Roof,1,1934,Off-peak,23.0,35.6,1,2,4,Severe,High
PK-2024-00487,2024-07-23,11:38,Sindh,Hyderabad,Urban,24.7524,66.522,Clear,658,22.1,2.5,Tunnel,Muddy,Asphalt,4,60,Sharp,Uphill,Painted,Yes,3,Motorcycle;Motorcycle;Bicycle,10.9,Yes,23,Yes,Not Applicable,No,No,70,None,Mobile Phone,Side-swipe,Side,2,446,Off-peak,24.7,30.6,0,2,3,Moderate,Medium
PK-2024-00488,2024-09-13,19:11,Punjab,Bahawalpur,Residential,30.1998,72.0429,Haze,338,26.7,4.7,Daylight,Wet,Gravel,3,50,Sharp,Flat,Painted,No,3,Car;Truck;Auto-rickshaw,17.4,No,39,Yes,No,Yes,No,65,Swerving,Speeding,Pedestrian,Side,1,1156,Peak,4.3,13.8,0,0,0,Minor,Low
PK-2024-00489,2024-10-08,01:42,Balochistan,Gwadar,Highway,28.2465,66.6976,Clear,75,26.5,2.2,Street-lit,Dry,Concrete,6,100,Hairpin,Flat,None,No,4,Car;Auto-rickshaw;Motorcycle;Truck,13.3,Yes,32,Yes,No,No,No,100,Swerving,Signal Violation,Rear-end,Front,1,124,Off-peak,26.1,40.0,2,4,1,Total,Critical
PK-2024-00490,2024-09-28,08:59,Sindh,Larkana,Urban,26.1219,69.0895,Rain,1381,36.9,3.1,Daylight,Potholed,Dirt,4,60,Sharp,Flat,Physical,Yes,2,Motorcycle;Motorcycle,17.9,No,52,No,No,No,No,55,Braking,Signal Violation,Fixed-object,Roof,1,1573,Off-peak,10.9,19.5,0,2,2,Moderate,Medium
PK-2024-00491,2024-09-13,10:03,Punjab,Bahawalpur,Urban,31.3658,72.8588,Clear,56,17.9,1.4,Daylight,Potholed,Gravel,2,60,Straight,Flat,Physical,Yes,4,Car;Truck;Truck;Motorcycle,8.2,Yes,42,Partial,No,No,No,60,None,Speeding,Fixed-object,Front,1,657,Off-peak,13.5,24.9,0,3,2,Moderate,High
PK-2024-00492,2024-06-16,06:12,Punjab,Faisalabad,Residential,32.3851,72.9085,Cloudy,34,42.4,6.2,Daylight,Wet,Asphalt,4,60,Straight,Flat,Painted,No,3,Motorcycle;Truck;Motorcycle,3.3,No,21,No,No,Yes,No,70,None,Animal Crossing,Rear-end,Rear,1,63,Off-peak,9.0,16.9,0,2,1,Moderate,Medium
PK-2024-00493,2024-10-14,09:24,Sindh,Larkana,Urban,25.6511,68.8114,Rain,146,31.6,3.8,Unlit,Dry,Asphalt,6,80,Gentle,Uphill,Physical,Yes,3,Car;Bicycle;Motorcycle,7.1,No,28,Yes,Yes,No,No,90,Braking,Speeding,Fixed-object,Front,2,460,Off-peak,4.2,13.3,0,2,3,Severe,High
PK-2024-00494,2024-01-25,18:25,Sindh,Hyderabad,Rural,25.8,67.2129,Dust Storm,40,17.3,2.1,Street-lit,Dry,Gravel,3,30,Straight,Flat,Physical,Yes,2,Motorcycle;Motorcycle,3.7,No,45,No,Yes,No,No,30,Braking,Drunk Driving,Fixed-object,Side,1,1329,Off-peak,28.5,40.9,0,1,3,Moderate,Medium
PK-2024-00495,2024-08-26,16:44,Sindh,Sukkur,Rural,25.5085,67.4715,Heavy Rain,284,22.0,13.2,Daylight,Potholed,Asphalt,1,80,Gentle,Flat,None,No,2,Motorcycle;Car,16.0,No,42,Yes,Yes,No,No,90,None,Speeding,Rear-end,Rear,2,1878,Off-peak,21.4,34.8,3,3,3,Total,Critical
PK-2024-00496,2024-02-28,00:31,Punjab,Lahore,Residential,31.4109,72.4278,Haze,423,20.4,1.8,Street-lit,Muddy,Concrete,2,100,Gentle,Uphill,Painted,No,2,Motorcycle;Truck,15.5,No,33,Yes,No,No,Unknown,120,Swerving,Overloading,Rear-end,Roof,1,809,Off-peak,17.9,25.4,0,2,4,Severe,High
PK-2024-00497,2024-02-08,00:12,Sindh,Larkana,Urban,24.1266,69.3156,Cloudy,1223,44.1,14.4,Daylight,Dry,Concrete,4,60,Straight,Flat,Painted,No,3,Bus;Truck;Car,3.1,No,49,Yes,Not Applicable,No,No,100,Swerving,Speeding,Multi-vehicle pileup,Front,1,891,Peak,0.6,4.0,0,3,3,Moderate,High
PK-2024-00498,2024-10-24,11:35,Punjab,Multan,Residential,31.5827,72.533,Clear,419,23.1,2.1,Unlit,Potholed,Concrete,1,40,Gentle,Downhill,None,Yes,3,Bicycle;Car;Motorcycle,8.4,No,42,No,Yes,No,No,55,None,Signal Violation,Rear-end,Roof,2,1169,Off-peak,0.5,8.0,0,1,2,Moderate,Medium
PK-2024-00499,2024-11-07,12:38,Islamabad,Islamabad,Residential,34.4223,74.4874,Heavy Rain,1228,27.8,8.0,Daylight,Potholed,Asphalt,2,50,Sharp,Downhill,None,No,3,Motorcycle;Truck;Motorcycle,5.2,No,25,No,No,No,No,60,Swerving,Wrong Side,Side-swipe,Front,2,448,Off-peak,30.1,41.7,0,2,4,Severe,High
PK-2024-00500,2024-03-15,09:28,Punjab,Lahore,Rural,32.1378,72.3065,Rain,161,26.9,16.5,Unlit,Dry,Asphalt,2,60,Sharp,Flat,Painted,Yes,2,Truck;Car,17.8,No,47,Yes,Not Applicable,No,No,60,None,Speeding,Head-on,Side,2,575,Off-peak,2.5,12.2,0,3,4,Moderate,High
PK-2024-00501,2024-08-23,08:50,Islamabad,Islamabad,Highway,34.1055,73.5405,Dust Storm,490,27.8,0.9,Daylight,Dry,Concrete,4,30,Straight,Uphill,None,Yes,4,Bicycle;Truck;Bicycle;Bus,2.8,Yes,29,No,No,No,No,35,Braking,Speeding,Multi-vehicle pileup,Front,1,347,Off-peak,1.4,11.4,0,3,4,Severe,High
PK-2024-00502,2024-05-16,18:58,Punjab,Gujranwala,Residential,30.5035,74.8826,Clear,38,50.0,34.7,Street-lit,Dry,Gravel,1,100,Gentle,Flat,Physical,Yes,2,Motorcycle;Car,3.4,No,44,Partial,Partial,No,No,115,None,Signal Violation,Multi-vehicle pileup,Front,1,842,Off-peak,3.6,13.2,3,4,3,Total,Critical
PK-2024-00503,2024-10-02,05:08,Sindh,Nawabshah,Residential,25.2431,68.7703,Clear,712,37.4,20.4,Daylight,Wet,Concrete,1,30,Sharp,Flat,Painted,Yes,3,Car;Motorcycle;Motorcycle,12.2,No,26,No,No,No,No,60,Swerving,Wrong Side,Pedestrian,Rear,2,1667,Peak,10.2,18.9,0,0,3,Minor,Medium
PK-2024-00504,2024-06-01,11:10,Sindh,Sukkur,Rural,24.4223,69.2355,Rain,116,38.8,5.3,Street-lit,Potholed,Dirt,3,100,Gentle,Flat,Painted,No,2,Truck;Motorcycle,15.5,No,32,Yes,Not Applicable,Yes,No,115,Swerving,Speeding,Rollover,Side,1,1080,Off-peak,6.0,14.6,3,3,3,Total,Critical
PK-2024-00505,2024-08-05,23:10,Balochistan,Khuzdar,Rural,29.6804,65.1592,Clear,107,40.3,3.1,Unlit,Flooding,Concrete,6,80,Straight,Downhill,None,Yes,3,Auto-rickshaw;Motorcycle;Bus,9.0,No,33,No,Not Applicable,No,No,85,Braking,Animal Crossing,Rollover,Side,1,1249,Off-peak,2.6,7.9,3,2,2,Total,Critical
PK-2024-00506,2024-11-02,14:25,Punjab,Gujranwala,Urban,31.4003,73.0022,Cloudy,743,21.9,29.9,Tunnel,Dry,Asphalt,2,110,Straight,Flat,None,Yes,3,Motorcycle;Motorcycle;Bus,14.5,No,40,No,Yes,No,No,125,Braking,Speeding,Fixed-object,Front,1,408,Peak,12.5,21.7,0,1,1,Moderate,Medium
PK-2024-00507,2024-10-17,09:21,Balochistan,Turbat,Rural,29.9575,65.3363,Rain,449,17.0,12.5,Street-lit,Dry,Asphalt,2,110,Straight,Flat,None,No,3,Car;Bicycle;Truck,12.7,No,48,Partial,Yes,Yes,No,115,Braking,Mobile Phone,Side-swipe,Rear,1,1072,Peak,9.7,18.5,0,0,1,Minor,Low
PK-2024-00508,2024-05-23,21:05,Sindh,Nawabshah,Rural,26.4795,66.8642,Clear,20,40.7,33.5,Street-lit,Dry,Asphalt,1,50,Gentle,Uphill,Physical,Yes,3,Auto-rickshaw;Motorcycle;Auto-rickshaw,18.1,No,25,Yes,Yes,No,No,50,Braking,Signal Violation,Head-on,Front,3,598,Off-peak,8.3,16.6,0,0,1,Minor,Medium
PK-2024-00509,2024-12-19,15:16,Punjab,Rawalpindi,Urban,32.2468,73.7509,Clear,116,22.2,0.3,Street-lit,Potholed,Asphalt,3,80,Sharp,Downhill,Painted,Yes,2,Auto-rickshaw;Car,18.8,No,38,Yes,No,No,No,75,Swerving,Mobile Phone,Multi-vehicle pileup,Front,3,288,Off-peak,15.7,25.5,1,3,2,Moderate,High
PK-2024-00510,2024-04-11,22:00,KPK,Peshawar,Rural,32.6129,71.2363,Clear,20,29.4,6.7,Street-lit,Icy,Asphalt,4,80,Gentle,Downhill,None,Yes,2,Bus;Motorcycle,16.6,No,26,Partial,No,Yes,No,100,Swerving,Overloading,Rear-end,Side,2,1535,Peak,5.9,13.7,3,3,2,Total,Critical
PK-2024-00511,2024-03-08,08:15,Punjab,Lahore,Rural,32.3363,74.9255,Cloudy,342,36.4,0.5,Daylight,Wet,Asphalt,4,100,Gentle,Downhill,None,No,3,Truck;Car;Motorcycle,14.7,No,52,Partial,Yes,No,Unknown,100,None,Animal Crossing,Fixed-object,Roof,2,1015,Off-peak,3.9,11.3,0,1,2,Moderate,Medium
PK-2024-00512,2024-12-17,09:10,Punjab,Bahawalpur,Rural,30.1125,73.4363,Rain,1187,34.3,9.5,Street-lit,Icy,Asphalt,2,120,Sharp,Downhill,Painted,Yes,1,Motorcycle,19.6,No,67,Yes,No,No,No,120,Braking,Human Error,Rear-end,Rear,1,345,Off-peak,1.2,10.9,0,1,3,Moderate,High
PK-2024-00513,2024-11-15,09:07,KPK,Abbottabad,Highway,33.6186,72.9715,Rain,599,33.4,4.6,Daylight,Wet,Asphalt,2,30,Straight,Flat,Painted,Yes,1,Car,17.9,No,51,No,No,No,No,70,Braking,Weather,Side-swipe,Side,1,1294,Peak,28.4,34.7,0,0,1,Minor,Medium
PK-2024-00514,2024-12-17,04:34,Balochistan,Turbat,Highway,29.4116,67.7975,Heavy Rain,941,23.6,20.5,Tunnel,Wet,Asphalt,2,80,Gentle,Downhill,Physical,Yes,1,Car,4.4,No,37,Yes,Partial,No,No,90,Braking,Signal Violation,Side-swipe,Front,1,1987,Peak,4.5,8.7,0,1,2,Minor,Medium
PK-2024-00515,2024-11-08,14:52,Punjab,Sargodha,Urban,31.368,73.6008,Clear,88,25.1,33.8,Daylight,Icy,Concrete,2,60,Sharp,Flat,Physical,Yes,4,Auto-rickshaw;Car;Motorcycle;Car,13.0,No,42,Yes,Yes,No,No,90,Braking,Human Error,Rear-end,Roof,1,1402,Peak,13.8,17.7,0,1,4,Severe,High