incident_id,date,time,province,district,road_type,latitude,longitude,weather,visibility_meters,temperature_c,wind_speed_kmh,lighting,road_condition,surface_material,number_of_lanes,speed_limit_kmh,road_curvature,road_gradient,median_type,shoulder_available,num_vehicles,vehicle_types,vehicle_avg_age_years,overloading_detected,driver_age,helmet_usage,seatbelt_usage,mobile_phone_suspected,alcohol_drug_suspected,speed_at_impact_kmh,evasive_action,accident_cause,collision_type,impact_point,num_collisions,traffic_volume_per_hour,peak_off_peak,distance_to_hospital_km,expected_response_min,fatalities,serious_injuries,minor_injuries,property_damage_level,severity
PK-2024-00516,2024-04-23,12:45,KPK,Mardan,Highway,33.7728,72.2491,Rain,177,31.3,2.6,Daylight,Dry,Asphalt,4,50,Hairpin,Uphill,Painted,Yes,1,Truck,7.9,No,43,Yes,Not Applicable,No,Unknown,90,Braking,Wrong Side,Rollover,Front,3,71,Off-peak,38.1,49.4,1,2,3,Total,Critical
PK-2024-00517,2024-10-25,08:03,Sindh,Nawabshah,Highway,25.3945,67.1688,Cloudy,56,21.9,27.4,Unlit,Wet,Dirt,2,50,Straight,Flat,None,No,2,Auto-rickshaw;Truck,18.7,No,31,No,Partial,No,No,45,None,Human Error,Pedestrian,Side,1,1393,Off-peak,41.6,55.5,1,2,4,Severe,High
PK-2024-00518,2024-11-19,02:24,Punjab,Sargodha,Urban,29.8214,74.692,Cloudy,365,33.1,25.1,Tunnel,Wet,Gravel,3,80,Straight,Downhill,None,Yes,2,Bus;Motorcycle,10.7,No,41,Yes,Yes,No,No,80,None,Mechanical Failure,Side-swipe,Roof,1,1260,Off-peak,4.5,11.8,0,0,2,Minor,Low
PK-2024-00519,2024-11-07,23:30,Punjab,Sialkot,Highway,32.4914,74.7881,Clear,702,26.8,10.1,Daylight,Muddy,Asphalt,4,60,Straight,Downhill,None,No,3,Motorcycle;Bus;Truck,12.3,No,21,No,No,No,No,100,Braking,Human Error,Side-swipe,Rear,2,207,Peak,13.8,19.2,0,2,2,Moderate,High
PK-2024-00520,2024-09-28,21:37,KPK,Dera Ismail Khan,Urban,32.6938,71.9728,Haze,910,30.8,28.7,Daylight,Dry,Concrete,6,100,Sharp,Flat,Physical,Yes,4,Truck;Auto-rickshaw;Car;Motorcycle,14.8,No,48,Yes,Not Applicable,No,No,130,Braking,Signal Violation,Head-on,Side,1,1450,Off-peak,9.0,14.9,0,2,3,Severe,High
PK-2024-00521,2024-09-23,14:04,Punjab,Rawalpindi,Rural,30.4163,74.3948,Clear,1239,32.9,23.4,Street-lit,Muddy,Concrete,2,40,Gentle,Uphill,Painted,Yes,1,Motorcycle,16.2,Yes,21,Yes,Yes,No,Yes,40,None,Speeding,Rear-end,Side,1,1141,Peak,1.5,10.7,0,0,0,Minor,Low
PK-2024-00522,2024-06-10,20:28,Punjab,Faisalabad,Rural,29.5153,73.7254,Cloudy,775,28.1,6.3,Street-lit,Potholed,Concrete,3,60,Straight,Flat,None,Yes,3,Car;Motorcycle;Car,11.0,Yes,25,Yes,Yes,No,No,60,None,Signal Violation,Fixed-object,Side,2,816,Peak,3.4,5.5,0,0,1,None,Low
PK-2024-00523,2024-08-19,10:01,Punjab,Lahore,Residential,31.0729,72.3373,Cloudy,582,40.8,25.9,Daylight,Muddy,Gravel,2,120,Sharp,Downhill,Painted,No,3,Motorcycle;Bus;Car,19.1,No,34,No,No,No,No,115,None,Drunk Driving,Multi-vehicle pileup,Front,1,1808,Peak,19.7,27.2,1,2,1,Severe,Critical
PK-2024-00524,2024-01-17,21:26,KPK,Mardan,Rural,34.3702,72.2203,Clear,1271,31.2,6.9,Daylight,Icy,Asphalt,1,80,Gentle,Flat,None,No,2,Bus;Bicycle,15.4,No,34,Yes,No,No,No,90,Braking,Speeding,Pedestrian,Front,2,776,Off-peak,4.1,8.9,0,1,3,Moderate,High
PK-2024-00525,2024-04-05,13:56,Punjab,Faisalabad,Residential,29.9607,72.5855,Rain,183,30.1,1.0,Tunnel,Muddy,Asphalt,2,50,Sharp,Flat,Painted,No,3,Bicycle;Motorcycle;Truck,11.5,No,38,No,Not Applicable,No,No,65,Swerving,Signal Violation,Rollover,Rear,1,898,Off-peak,13.5,21.9,1,4,3,Total,Critical
PK-2024-00526,2024-05-23,07:36,Sindh,Larkana,Urban,24.7783,69.4549,Clear,181,40.0,5.8,Street-lit,Muddy,Asphalt,2,60,Gentle,Flat,None,Yes,2,Truck;Motorcycle,4.9,No,36,Partial,Yes,No,No,55,Braking,Wrong Side,Head-on,Rear,1,850,Off-peak,8.1,13.8,0,1,3,Minor,Medium
PK-2024-00527,2024-11-01,12:47,Punjab,Sialkot,Residential,30.7867,72.1097,Rain,695,25.4,32.3,Daylight,Icy,Asphalt,2,40,Sharp,Uphill,Physical,Yes,3,Motorcycle;Bicycle;Car,10.8,No,27,No,Yes,No,No,40,Swerving,Speeding,Rear-end,Rear,1,574,Off-peak,29.6,40.2,0,1,2,Moderate,Medium
PK-2024-00528,2024-07-09,11:36,KPK,Swat,Urban,34.2546,71.609,Fog,44,27.7,6.2,Street-lit,Dry,Dirt,4,60,Straight,Downhill,Painted,No,3,Motorcycle;Motorcycle;Car,13.0,Yes,37,Partial,Not Applicable,No,No,60,Braking,Drunk Driving,Multi-vehicle pileup,Front,1,798,Peak,2.8,10.0,0,1,4,Severe,High
PK-2024-00529,2024-10-20,21:32,Punjab,Faisalabad,Highway,31.6029,72.1966,Haze,59,22.3,17.6,Daylight,Muddy,Asphalt,2,60,Sharp,Uphill,Physical,No,2,Truck;Auto-rickshaw,10.4,No,28,No,Yes,No,No,65,Braking,Animal Crossing,Rollover,Side,1,52,Off-peak,6.1,11.1,0,3,3,Severe,High
PK-2024-00530,2024-12-08,00:01,Sindh,Karachi,Urban,26.3747,67.1647,Rain,189,34.7,7.2,Unlit,Dry,Gravel,2,120,Sharp,Flat,Physical,Yes,3,Motorcycle;Car;Motorcycle,2.6,No,34,Yes,Yes,No,No,130,Braking,Weather,Side-swipe,Roof,1,1192,Peak,80.0,90.0,0,0,1,Moderate,Medium
PK-2024-00531,2024-11-09,13:09,Sindh,Sukkur,Urban,26.6382,67.9166,Clear,59,26.2,2.5,Tunnel,Dry,Asphalt,2,60,Gentle,Flat,Physical,Yes,3,Motorcycle;Auto-rickshaw;Motorcycle,8.0,No,22,Yes,No,No,No,60,Swerving,Animal Crossing,Side-swipe,Side,3,277,Off-peak,14.7,21.4,0,0,2,Minor,Low
PK-2024-00532,2024-05-18,09:40,Punjab,Lahore,Highway,31.7276,72.2813,Cloudy,144,35.8,15.8,Daylight,Construction,Asphalt,3,50,Straight,Flat,Painted,No,3,Motorcycle;Bicycle;Motorcycle,18.4,No,27,Yes,Not Applicable,No,No,55,Swerving,Mobile Phone,Fixed-object,Side,2,412,Peak,19.2,28.2,0,0,1,Minor,Low
PK-2024-00533,2024-01-25,03:53,Islamabad,Islamabad,Residential,33.8647,73.1407,Rain,240,10.5,9.5,Street-lit,Muddy,Asphalt,4,60,Sharp,Flat,None,Yes,3,Auto-rickshaw;Car;Motorcycle,3.6,No,46,No,Yes,Yes,No,75,Braking,Signal Violation,Head-on,Rear,2,1295,Off-peak,8.7,16.8,2,4,3,Total,Critical
PK-2024-00534,2024-03-14,15:15,KPK,Mardan,Urban,34.3373,72.3103,Clear,114,23.7,6.6,Street-lit,Flooding,Concrete,2,100,Gentle,Flat,Physical,Yes,3,Bus;Motorcycle;Motorcycle,15.8,No,41,Yes,Yes,Yes,No,120,Braking,Human Error,Side-swipe,Side,1,83,Peak,22.8,34.2,0,1,3,Minor,Medium
PK-2024-00535,2024-11-17,03:39,Sindh,Nawabshah,Residential,24.2968,68.3177,Fog,254,19.4,6.1,Street-lit,Icy,Dirt,3,40,Gentle,Flat,None,Yes,3,Bicycle;Motorcycle;Truck,17.5,Yes,16,Yes,Not Applicable,No,No,40,Swerving,Signal Violation,Rollover,Front,2,1481,Off-peak,2.4,7.7,1,1,2,Moderate,High
PK-2024-00536,2024-12-19,17:14,Sindh,Nawabshah,Rural,26.7389,67.0037,Heavy Rain,138,24.6,2.4,Daylight,Dry,Gravel,4,100,Straight,Downhill,Physical,Yes,4,Motorcycle;Car;Car;Auto-rickshaw,6.3,No,31,No,Yes,No,No,115,None,Speeding,Rear-end,Side,2,1455,Off-peak,18.8,25.5,1,4,1,Total,Critical
PK-2024-00537,2024-12-10,18:43,Punjab,Sargodha,Rural,30.8735,73.0168,Rain,1156,45.5,13.6,Daylight,Wet,Concrete,3,100,Sharp,Flat,Physical,Yes,4,Bicycle;Car;Auto-rickshaw;Motorcycle,12.1,No,37,No,Yes,No,No,130,Swerving,Mobile Phone,Fixed-object,Side,1,1692,Off-peak,10.1,11.5,0,3,4,Severe,High
PK-2024-00538,2024-05-11,00:10,Punjab,Faisalabad,Highway,30.34,73.4411,Cloudy,196,29.4,32.8,Daylight,Dry,Asphalt,2,40,Straight,Downhill,Painted,Yes,3,Bicycle;Motorcycle;Motorcycle,13.3,No,34,No,No,No,No,35,Braking,Mechanical Failure,Rollover,Side,2,1310,Off-peak,5.7,11.3,0,0,3,Moderate,Medium
PK-2024-00539,2024-03-03,22:26,KPK,Swat,Rural,33.3608,70.85,Fog,310,35.7,0.5,Tunnel,Wet,Asphalt,2,60,Straight,Flat,Physical,No,2,Motorcycle;Car,10.6,No,41,No,No,No,No,65,None,Wrong Side,Side-swipe,Rear,1,1871,Off-peak,36.7,46.6,0,2,2,Moderate,Medium
PK-2024-00540,2024-06-21,08:13,Punjab,Rawalpindi,Rural,29.9594,72.8305,Clear,1336,27.5,3.3,Daylight,Icy,Dirt,2,40,Straight,Flat,None,Yes,2,Bus;Car,7.4,No,46,No,Not Applicable,No,No,40,Swerving,Wrong Side,Head-on,Side,2,150,Off-peak,4.5,12.6,0,0,2,Minor,Low
PK-2024-00541,2024-05-18,14:49,Punjab,Bahawalpur,Urban,32.0786,73.4656,Cloudy,701,38.6,1.9,Tunnel,Potholed,Concrete,2,60,Straight,Flat,Painted,No,2,Car;Motorcycle,4.5,No,45,No,Yes,Yes,No,60,None,Weather,Pedestrian,Front,3,1545,Off-peak,23.4,35.2,0,1,1,Minor,Medium
PK-2024-00542,2024-03-13,14:51,KPK,Peshawar,Urban,34.604,71.852,Clear,362,24.2,1.9,Unlit,Wet,Asphalt,2,100,Straight,Flat,Painted,No,3,Bus;Car;Car,15.9,No,38,No,No,No,No,105,Braking,Mobile Phone,Rear-end,Front,2,1911,Off-peak,15.8,28.3,0,1,2,Minor,Medium
PK-2024-00543,2024-09-02,14:56,Punjab,Multan,Highway,29.686,72.0017,Cloudy,572,16.9,11.1,Unlit,Dry,Gravel,3,60,Gentle,Downhill,Painted,No,4,Car;Auto-rickshaw;Motorcycle;Truck,18.4,No,53,No,Not Applicable,No,Unknown,60,Braking,Mechanical Failure,Side-swipe,Front,1,1961,Off-peak,2.7,6.6,0,0,0,Minor,Low
PK-2024-00544,2024-09-16,12:01,Sindh,Karachi,Urban,24.6067,68.9023,Rain,46,33.8,24.8,Unlit,Muddy,Gravel,2,60,Straight,Flat,None,No,3,Bicycle;Car;Motorcycle,17.0,No,39,Yes,No,No,No,60,Braking,Mechanical Failure,Head-on,Side,1,711,Off-peak,2.4,11.0,3,4,1,Severe,Critical
PK-2024-00545,2024-02-01,09:33,Punjab,Multan,Residential,32.2534,72.4929,Clear,661,31.3,9.0,Street-lit,Dry,Asphalt,1,110,Straight,Flat,Painted,Yes,3,Motorcycle;Car;Car,12.3,No,53,Partial,Partial,No,No,125,None,Mechanical Failure,Head-on,Front,1,579,Off-peak,8.4,20.3,0,1,1,Moderate,Medium
PK-2024-00546,2024-12-09,20:38,Punjab,Lahore,Rural,32.2711,74.806,Clear,645,26.2,50.6,Unlit,Dry,Gravel,4,50,Sharp,Flat,Painted,No,3,Motorcycle;Auto-rickshaw;Truck,4.7,No,46,No,Yes,No,No,50,Braking,Overloading,Rollover,Side,2,315,Off-peak,10.8,22.8,0,0,3,Moderate,Medium
PK-2024-00547,2024-10-06,12:45,KPK,Abbottabad,Highway,32.0371,71.6662,Haze,33,33.9,9.3,Daylight,Wet,Asphalt,3,60,Gentle,Uphill,Physical,No,4,Motorcycle;Motorcycle;Car;Car,6.8,No,34,Yes,Not Applicable,No,No,50,Braking,Speeding,Side-swipe,Side,1,1097,Off-peak,0.5,5.1,0,0,1,Minor,Low
PK-2024-00548,2024-07-20,12:58,Sindh,Sukkur,Urban,24.0772,67.18,Fog,110,26.7,19.7,Tunnel,Wet,Asphalt,2,40,Sharp,Flat,Physical,No,2,Car;Car,5.0,No,28,Partial,Yes,Yes,No,40,Swerving,Speeding,Side-swipe,Front,1,316,Peak,1.8,9.0,0,0,2,Minor,Low
PK-2024-00549,2024-07-28,11:47,Sindh,Karachi,Urban,24.0799,66.6822,Clear,697,42.7,1.1,Daylight,Dry,Asphalt,3,30,Gentle,Flat,Physical,Yes,5,Car;Motorcycle;Car;Car;Car,10.8,No,49,Yes,Partial,No,No,60,Swerving,Overloading,Side-swipe,Side,2,471,Peak,1.8,15.5,0,0,0,Minor,Low
PK-2024-00550,2024-12-21,04:07,Balochistan,Quetta,Rural,28.6443,65.5448,Cloudy,1433,46.3,30.5,Unlit,Wet,Gravel,2,60,Straight,Downhill,Painted,Yes,4,Car;Auto-rickshaw;Car;Motorcycle,7.3,Yes,16,Yes,Yes,No,No,90,None,Speeding,Side-swipe,Front,3,281,Off-peak,7.4,15.3,3,3,1,Severe,Critical
PK-2024-00551,2024-06-25,18:52,KPK,Abbottabad,Urban,32.4997,72.4518,Clear,41,35.9,2.1,Daylight,Wet,Asphalt,4,80,Gentle,Uphill,Painted,Yes,5,Bus;Truck;Motorcycle;Bus;Motorcycle,9.5,No,46,Yes,Yes,No,No,110,None,Wrong Side,Fixed-object,Side,1,1951,Off-peak,51.8,73.0,1,3,3,Severe,High
PK-2024-00552,2024-01-26,18:25,Sindh,Hyderabad,Rural,26.4144,66.5458,Fog,387,37.1,5.3,Daylight,Dry,Concrete,3,60,Straight,Flat,None,No,4,Auto-rickshaw;Motorcycle;Car;Motorcycle,3.5,No,56,No,Not Applicable,No,No,60,Braking,Signal Violation,Multi-vehicle pileup,Front,2,669,Off-peak,28.5,39.3,0,1,3,Moderate,Medium
PK-2024-00553,2024-10-24,18:50,Sindh,Sukkur,Rural,25.3612,67.1785,Clear,240,33.2,45.4,Dawn-Dusk,Dry,Asphalt,2,60,Straight,Flat,Physical,No,2,Truck;Motorcycle,7.6,No,27,Partial,No,No,No,90,Braking,Signal Violation,Head-on,Rear,1,394,Off-peak,0.9,6.9,1,2,3,Severe,Critical
PK-2024-00554,2024-09-07,00:38,Sindh,Hyderabad,Urban,26.1504,66.5713,Clear,42,23.7,4.2,Dawn-Dusk,Potholed,Asphalt,2,60,Straight,Downhill,None,No,2,Bus;Car,14.5,Yes,39,Yes,Not Applicable,No,No,55,None,Mechanical Failure,Rear-end,Front,1,628,Off-peak,12.9,22.7,0,0,1,None,Low
PK-2024-00555,2024-03-12,00:51,Balochistan,Quetta,Rural,29.7064,65.7751,Rain,314,29.0,39.7,Street-lit,Dry,Concrete,3,40,Straight,Uphill,Physical,Yes,2,Bus;Motorcycle,3.7,No,17,No,No,No,No,60,None,Overloading,Rollover,Front,1,255,Off-peak,35.7,48.9,1,4,2,Severe,Critical
PK-2024-00556,2024-05-13,05:41,Sindh,Sukkur,Highway,26.0456,69.3011,Clear,1209,25.9,2.6,Daylight,Flooding,Asphalt,4,60,Sharp,Flat,None,No,3,Car;Car;Truck,2.9,Yes,45,Yes,No,No,No,80,None,Speeding,Rear-end,Rear,1,277,Off-peak,80.0,90.0,3,4,3,Total,Critical
PK-2024-00557,2024-01-13,10:13,Sindh,Hyderabad,Rural,25.6471,67.5195,Dust Storm,820,38.4,10.5,Unlit,Dry,Concrete,3,120,Sharp,Flat,None,Yes,4,Auto-rickshaw;Truck;Car;Truck,7.8,No,37,No,No,No,No,120,Swerving,Signal Violation,Multi-vehicle pileup,Front,2,520,Off-peak,6.4,13.6,1,3,1,Total,Critical
PK-2024-00558,2024-11-21,16:56,Balochistan,Khuzdar,Urban,29.7177,65.4717,Heavy Rain,172,24.7,10.9,Unlit,Wet,Gravel,2,30,Straight,Downhill,Painted,Yes,3,Auto-rickshaw;Motorcycle;Motorcycle,10.5,No,30,No,No,No,No,40,Braking,Speeding,Side-swipe,Rear,3,132,Off-peak,10.0,17.7,0,1,3,Minor,Medium
PK-2024-00559,2024-03-17,17:16,KPK,Abbottabad,Rural,34.0592,71.2931,Cloudy,74,19.7,12.4,Street-lit,Potholed,Concrete,2,60,Straight,Downhill,None,No,2,Bus;Bus,17.6,No,16,Partial,Yes,Yes,No,70,Swerving,Speeding,Side-swipe,Rear,2,1515,Off-peak,11.2,19.4,0,1,2,Moderate,Medium
PK-2024-00560,2024-04-07,01:51,Punjab,Sialkot,Highway,31.6124,73.4852,Clear,39,29.4,2.5,Dawn-Dusk,Potholed,Gravel,2,80,Straight,Flat,Physical,No,2,Car;Motorcycle,10.6,Yes,51,Yes,Yes,Yes,Unknown,90,Swerving,Weather,Pedestrian,Front,2,1623,Peak,2.3,7.2,2,3,2,Total,Critical
PK-2024-00561,2024-07-12,15:29,Sindh,Sukkur,Urban,24.7053,68.3867,Dust Storm,932,34.2,4.1,Street-lit,Potholed,Gravel,4,100,Gentle,Flat,Physical,Yes,3,Motorcycle;Bus;Car,19.8,No,45,No,No,No,No,100,Braking,Mechanical Failure,Rear-end,Rear,1,1629,Off-peak,11.7,20.5,1,3,1,Severe,Critical
PK-2024-00562,2024-04-19,03:59,Sindh,Sukkur,Urban,25.8824,69.3319,Rain,119,31.8,31.6,Daylight,Construction,Concrete,4,100,Gentle,Uphill,Physical,Yes,3,Motorcycle;Bus;Car,14.5,No,31,Partial,Yes,No,No,100,Braking,Mechanical Failure,Rear-end,Front,2,1198,Off-peak,0.6,7.7,1,1,2,Moderate,High
PK-2024-00563,2024-09-22,11:29,Punjab,Sargodha,Residential,29.5521,74.7664,Cloudy,96,27.8,6.5,Daylight,Potholed,Asphalt,2,50,Straight,Flat,None,Yes,2,Car;Bus,13.2,No,47,Yes,Not Applicable,Yes,No,80,None,Signal Violation,Side-swipe,Rear,1,751,Off-peak,6.7,15.2,0,0,2,None,Low
PK-2024-00564,2024-08-07,15:47,Sindh,Hyderabad,Rural,25.1589,68.9547,Rain,215,28.7,14.5,Daylight,Potholed,Asphalt,1,60,Sharp,Uphill,Physical,No,4,Truck;Truck;Car;Car,2.2,No,45,Yes,Yes,Yes,No,50,Swerving,Weather,Side-swipe,Front,1,1637,Peak,5.1,8.3,0,0,1,Minor,Low
PK-2024-00565,2024-04-13,18:57,Balochistan,Gwadar,Urban,29.5271,66.271,Rain,268,38.6,7.4,Tunnel,Construction,Asphalt,3,60,Straight,Flat,None,Yes,3,Truck;Motorcycle;Motorcycle,11.4,No,24,No,Not Applicable,No,No,80,Swerving,Animal Crossing,Rear-end,Side,1,848,Peak,3.3,13.0,0,1,2,Minor,Medium
PK-2024-00566,2024-02-16,21:27,Sindh,Sukkur,Urban,25.4483,67.6446,Haze,922,20.2,24.3,Daylight,Construction,Concrete,2,60,Gentle,Uphill,Physical,No,1,Motorcycle,18.4,No,31,Yes,No,No,Unknown,70,Braking,Signal Violation,Rear-end,Side,3,204,Peak,24.5,35.2,0,0,3,Minor,Medium
PK-2024-00567,2024-02-14,22:57,KPK,Mardan,Highway,33.4848,71.0693,Rain,140,30.0,12.8,Daylight,Icy,Asphalt,2,120,Sharp,Flat,None,Yes,3,Motorcycle;Motorcycle;Motorcycle,6.9,No,37,Partial,No,No,No,125,Braking,Animal Crossing,Rollover,Front,1,489,Off-peak,22.9,35.2,1,2,3,Severe,Critical
PK-2024-00568,2024-10-14,10:00,Sindh,Nawabshah,Residential,26.7596,67.1227,Clear,93,27.7,6.6,Daylight,Dry,Asphalt,2,80,Gentle,Flat,Painted,No,2,Motorcycle;Bicycle,2.5,No,37,Yes,No,No,No,90,None,Signal Violation,Side-swipe,Front,1,1959,Off-peak,14.8,26.9,0,1,3,Minor,Medium
PK-2024-00569,2024-04-25,03:17,Punjab,Sialkot,Residential,31.5218,74.0607,Cloudy,196,30.6,1.7,Dawn-Dusk,Potholed,Concrete,2,80,Gentle,Downhill,Painted,Yes,2,Motorcycle;Truck,10.1,No,47,No,No,Yes,No,70,None,Mechanical Failure,Head-on,Side,3,605,Off-peak,11.9,19.2,1,2,3,Severe,Critical
PK-2024-00570,2024-09-28,16:26,Sindh,Larkana,Rural,25.0855,67.2109,Rain,242,17.2,13.4,Street-lit,Wet,Asphalt,4,100,Straight,Flat,Physical,Yes,2,Auto-rickshaw;Auto-rickshaw,17.4,Yes,26,No,Partial,No,No,115,None,Human Error,Multi-vehicle pileup,Rear,1,1636,Peak,10.9,21.2,1,3,3,Severe,Critical
PK-2024-00571,2024-09-06,16:03,Punjab,Bahawalpur,Urban,30.1639,74.361,Fog,160,25.1,1.3,Daylight,Potholed,Asphalt,2,40,Gentle,Uphill,Painted,Yes,2,Car;Motorcycle,6.0,No,40,No,No,No,No,40,Braking,Human Error,Rear-end,Front,2,1478,Peak,5.7,12.6,0,1,2,Moderate,Medium
PK-2024-00572,2024-07-15,02:24,Sindh,Larkana,Urban,25.2167,66.9824,Cloudy,20,19.4,34.3,Street-lit,Dry,Gravel,2,30,Gentle,Uphill,Painted,Yes,3,Motorcycle;Motorcycle;Motorcycle,5.7,No,44,No,No,No,No,50,None,Animal Crossing,Pedestrian,Rear,1,1210,Off-peak,9.4,14.9,0,2,1,Moderate,Medium
PK-2024-00573,2024-07-15,07:29,Punjab,Sialkot,Urban,32.1353,72.1029,Clear,671,29.6,31.6,Street-lit,Dry,Asphalt,2,50,Gentle,Flat,None,No,1,Motorcycle,18.5,No,37,No,Not Applicable,No,No,50,Braking,Speeding,Side-swipe,Front,2,64,Off-peak,8.6,21.4,0,0,1,None,Low
PK-2024-00574,2024-02-02,22:36,Punjab,Lahore,Highway,30.9714,72.7411,Cloudy,449,28.9,1.7,Unlit,Flooding,Asphalt,2,40,Straight,Downhill,Painted,Yes,3,Car;Motorcycle;Bus,10.5,No,37,No,Yes,No,No,50,Braking,Mobile Phone,Fixed-object,Front,1,1110,Peak,24.3,38.4,0,2,3,Moderate,High
PK-2024-00575,2024-03-26,07:11,Balochistan,Turbat,Rural,29.2196,66.1163,Cloudy,497,18.1,19.6,Dawn-Dusk,Wet,Asphalt,3,60,Hairpin,Downhill,None,Yes,2,Motorcycle;Bus,9.0,No,48,No,Yes,No,No,60,Braking,Human Error,Fixed-object,Roof,1,828,Peak,2.8,4.8,0,0,1,Minor,Low
PK-2024-00576,2024-01-24,09:00,Punjab,Faisalabad,Highway,32.3773,73.0679,Heavy Rain,375,30.0,2.4,Unlit,Dry,Concrete,4,100,Straight,Flat,Physical,Yes,2,Car;Car,4.8,No,33,No,Yes,No,Yes,95,Braking,Signal Violation,Rear-end,Front,2,693,Peak,7.8,15.6,0,2,3,Severe,High
PK-2024-00577,2024-01-20,13:14,Punjab,Sargodha,Rural,30.3095,73.1679,Cloudy,652,31.6,5.8,Street-lit,Dry,Asphalt,2,50,Sharp,Downhill,Painted,No,3,Motorcycle;Motorcycle;Motorcycle,15.2,No,43,No,Not Applicable,No,No,65,None,Wrong Side,Rear-end,Roof,1,1761,Off-peak,3.7,7.9,0,0,1,Minor,Low
PK-2024-00578,2024-08-20,06:03,Punjab,Faisalabad,Urban,30.8766,74.0182,Heavy Rain,87,21.7,4.7,Daylight,Construction,Asphalt,4,30,Gentle,Downhill,Painted,No,2,Auto-rickshaw;Bus,13.1,No,49,Partial,Partial,No,No,50,Swerving,Mobile Phone,Side-swipe,Front,1,989,Peak,17.5,19.6,0,1,2,Moderate,Medium
PK-2024-00579,2024-11-24,01:35,Punjab,Rawalpindi,Urban,31.4124,74.824,Cloudy,124,27.4,19.7,Dawn-Dusk,Icy,Gravel,2,100,Straight,Uphill,Painted,Yes,2,Auto-rickshaw;Bicycle,7.5,Yes,45,Yes,Not Applicable,Yes,No,100,Braking,Drunk Driving,Head-on,Front,2,1907,Peak,14.5,22.6,2,2,1,Total,Critical
PK-2024-00580,2024-09-03,06:46,Punjab,Rawalpindi,Rural,30.2074,73.6631,Fog,412,21.9,18.4,Dawn-Dusk,Wet,Gravel,2,80,Straight,Downhill,Physical,No,2,Auto-rickshaw;Auto-rickshaw,8.6,No,30,No,Yes,No,No,90,Swerving,Wrong Side,Multi-vehicle pileup,Front,2,1611,Off-peak,9.6,10.9,1,3,3,Total,Critical
PK-2024-00581,2024-06-22,06:10,Punjab,Sargodha,Rural,30.4227,73.5124,Clear,477,12.8,16.3,Daylight,Dry,Asphalt,2,40,Straight,Flat,Painted,No,3,Car;Motorcycle;Car,19.5,No,46,Yes,Yes,No,No,50,Swerving,Mobile Phone,Side-swipe,Front,2,455,Off-peak,20.7,29.8,0,0,2,Minor,Low
PK-2024-00582,2024-01-14,09:45,Punjab,Lahore,Rural,30.3987,74.8708,Haze,35,29.1,5.4,Daylight,Dry,Gravel,2,50,Straight,Downhill,Painted,Yes,3,Motorcycle;Truck;Bus,14.7,Yes,46,No,Yes,No,No,90,Braking,Speeding,Rollover,Front,1,71,Off-peak,6.7,13.0,2,2,3,Total,Critical
PK-2024-00583,2024-09-21,14:49,KPK,Abbottabad,Residential,34.6618,70.0519,Haze,238,24.9,3.2,Street-lit,Flooding,Asphalt,2,60,Straight,Flat,Painted,Yes,4,Motorcycle;Motorcycle;Truck;Car,16.9,No,36,Partial,Yes,No,No,65,None,Wrong Side,Head-on,Rear,1,585,Off-peak,6.9,19.4,1,2,2,Severe,High
PK-2024-00584,2024-07-11,18:43,Islamabad,Islamabad,Urban,33.1894,72.318,Cloudy,20,20.9,16.4,Unlit,Flooding,Gravel,2,30,Gentle,Uphill,Physical,No,2,Motorcycle;Truck,3.8,Yes,40,No,Not Applicable,No,No,20,Swerving,Signal Violation,Fixed-object,Front,3,1104,Off-peak,9.3,12.7,0,1,2,Moderate,High
PK-2024-00585,2024-05-04,18:21,Islamabad,Islamabad,Urban,34.7129,71.7855,Cloudy,75,41.0,3.7,Street-lit,Potholed,Concrete,2,50,Gentle,Flat,Physical,No,2,Truck;Motorcycle,18.2,No,46,Yes,Partial,No,No,55,None,Mechanical Failure,Side-swipe,Front,1,1983,Off-peak,2.7,8.8,0,0,0,Minor,Low
PK-2024-00586,2024-12-23,10:33,Balochistan,Gwadar,Urban,29.2926,66.7876,Clear,104,30.0,4.9,Unlit,Potholed,Asphalt,2,30,Sharp,Flat,Physical,No,2,Motorcycle;Car,14.3,No,24,Yes,No,No,No,45,Braking,Weather,Pedestrian,Rear,2,940,Peak,0.5,3.0,0,1,2,Moderate,Medium
PK-2024-00587,2024-03-15,14:58,Sindh,Sukkur,Urban,24.9531,67.3784,Cloudy,1047,43.4,2.5,Dawn-Dusk,Wet,Concrete,4,110,Gentle,Uphill,None,Yes,3,Motorcycle;Motorcycle;Auto-rickshaw,15.1,No,41,No,Not Applicable,No,No,105,None,Human Error,Rear-end,Front,2,326,Peak,2.9,5.2,0,0,2,Moderate,Medium
PK-2024-00588,2024-05-15,20:23,KPK,Dera Ismail Khan,Highway,33.3163,72.8315,Clear,352,38.8,24.7,Street-lit,Dry,Asphalt,1,100,Hairpin,Downhill,None,No,2,Motorcycle;Motorcycle,11.0,Yes,34,Yes,No,Yes,No,100,Swerving,Speeding,Side-swipe,Side,2,109,Off-peak,13.2,16.4,0,3,2,Severe,High