incident_id,date,time,province,district,road_type,latitude,longitude,weather,visibility_meters,temperature_c,wind_speed_kmh,lighting,road_condition,surface_material,number_of_lanes,speed_limit_kmh,road_curvature,road_gradient,median_type,shoulder_available,num_vehicles,vehicle_types,vehicle_avg_age_years,overloading_detected,driver_age,helmet_usage,seatbelt_usage,mobile_phone_suspected,alcohol_drug_suspected,speed_at_impact_kmh,evasive_action,accident_cause,collision_type,impact_point,num_collisions,traffic_volume_per_hour,peak_off_peak,distance_to_hospital_km,expected_response_min,fatalities,serious_injuries,minor_injuries,property_damage_level,severity
PK-2024-00737,2024-09-06,04:20,Punjab,Lahore,Highway,32.4664,74.881,Fog,199,39.8,10.9,Daylight,Muddy,Gravel,2,60,Hairpin,Uphill,Painted,No,4,Motorcycle;Motorcycle;Car;Bus,7.5,No,44,No,Not Applicable,No,No,90,Braking,Signal Violation,Multi-vehicle pileup,Side,3,1740,Off-peak,4.9,7.9,1,2,1,Total,Critical
PK-2024-00738,2024-04-24,12:24,Islamabad,Islamabad,Highway,34.6374,73.4507,Rain,214,29.8,1.1,Tunnel,Muddy,Gravel,2,100,Straight,Uphill,Physical,Yes,2,Truck;Auto-rickshaw,7.4,No,46,Partial,Yes,No,No,100,Braking,Human Error,Rear-end,Side,1,51,Off-peak,12.2,17.3,0,2,3,Moderate,High
PK-2024-00739,2024-03-24,11:14,Punjab,Faisalabad,Highway,30.1911,74.786,Clear,76,27.9,6.7,Daylight,Construction,Concrete,2,100,Straight,Flat,None,Yes,2,Car;Truck,14.1,No,30,No,No,No,No,100,Swerving,Wrong Side,Side-swipe,Side,3,1249,Off-peak,32.6,40.1,3,3,1,Total,Critical
PK-2024-00740,2024-09-20,08:34,Sindh,Karachi,Urban,24.0101,66.596,Clear,413,25.8,0.2,Street-lit,Dry,Asphalt,3,110,Gentle,Downhill,None,No,2,Truck;Auto-rickshaw,15.7,No,32,No,No,No,No,110,Braking,Weather,Rear-end,Side,1,335,Off-peak,2.4,8.4,0,0,2,None,Low
PK-2024-00741,2024-05-23,06:30,Sindh,Nawabshah,Highway,24.0752,67.3185,Clear,326,33.1,7.2,Dawn-Dusk,Wet,Asphalt,2,60,Gentle,Uphill,Painted,No,4,Car;Bicycle;Bus;Car,13.4,No,34,No,Yes,No,No,90,Braking,Weather,Rear-end,Side,1,1008,Off-peak,3.4,10.1,0,1,2,Moderate,Medium
PK-2024-00742,2024-08-12,04:27,Islamabad,Islamabad,Highway,34.7116,72.309,Heavy Rain,33,34.3,7.2,Unlit,Potholed,Dirt,4,110,Straight,Flat,None,Yes,5,Motorcycle;Car;Bus;Motorcycle;Car,6.6,Yes,59,Partial,Yes,No,No,105,Swerving,Mechanical Failure,Side-swipe,Rear,1,637,Off-peak,8.8,19.9,2,2,1,Total,Critical
PK-2024-00743,2024-01-10,08:21,Punjab,Gujranwala,Rural,30.2004,74.4326,Clear,444,28.5,16.7,Unlit,Muddy,Gravel,2,60,Gentle,Flat,Painted,Yes,3,Car;Bicycle;Truck,10.0,No,48,No,Yes,No,No,65,Braking,Speeding,Rear-end,Front,2,1295,Peak,11.7,19.1,0,0,2,Moderate,Medium
PK-2024-00744,2024-11-23,07:48,Punjab,Bahawalpur,Urban,31.6735,72.9558,Rain,1500,25.2,10.9,Daylight,Dry,Gravel,2,50,Gentle,Downhill,Physical,No,3,Car;Car;Car,17.6,No,31,No,Not Applicable,No,No,65,Braking,Speeding,Head-on,Front,1,573,Peak,11.3,16.3,0,0,0,Minor,Low
PK-2024-00745,2024-09-12,11:21,Punjab,Rawalpindi,Rural,31.8157,73.8828,Heavy Rain,160,34.6,15.7,Street-lit,Dry,Gravel,2,110,Hairpin,Uphill,None,Yes,3,Car;Truck;Car,3.1,No,34,Yes,Yes,No,Unknown,105,Braking,Mechanical Failure,Pedestrian,Rear,3,1407,Off-peak,7.6,15.6,1,3,1,Severe,Critical
PK-2024-00746,2024-06-10,04:33,KPK,Dera Ismail Khan,Highway,34.6681,70.7487,Clear,665,40.4,7.4,Dawn-Dusk,Dry,Asphalt,2,80,Gentle,Flat,Painted,Yes,2,Car;Motorcycle,11.9,No,41,No,No,No,No,90,Braking,Mechanical Failure,Side-swipe,Rear,1,53,Off-peak,10.5,22.4,0,1,1,Minor,Medium
PK-2024-00747,2024-03-27,05:24,Punjab,Sargodha,Residential,29.7313,72.0232,Fog,265,17.7,1.0,Dawn-Dusk,Dry,Asphalt,4,110,Hairpin,Uphill,Physical,Yes,2,Car;Truck,2.4,No,35,Yes,Yes,Yes,No,125,Swerving,Human Error,Rear-end,Front,1,1166,Peak,4.4,9.6,0,0,1,Moderate,Medium
PK-2024-00748,2024-04-05,10:39,Sindh,Larkana,Urban,25.541,68.4608,Rain,483,16.4,5.2,Daylight,Dry,Asphalt,2,50,Hairpin,Downhill,Physical,No,4,Truck;Car;Car;Bicycle,4.8,No,24,Partial,Yes,Yes,No,50,None,Wrong Side,Pedestrian,Rear,1,1697,Peak,1.0,5.2,0,1,2,Moderate,Medium
PK-2024-00749,2024-03-06,02:18,Punjab,Sialkot,Residential,30.1063,72.9181,Heavy Rain,663,40.9,6.5,Unlit,Dry,Gravel,1,120,Sharp,Uphill,Painted,Yes,1,Car,8.6,No,53,No,Yes,No,No,160,Braking,Mobile Phone,Head-on,Rear,1,1671,Off-peak,15.7,24.2,2,2,3,Severe,Critical
PK-2024-00750,2024-05-23,15:18,Sindh,Nawabshah,Residential,25.2204,66.8704,Heavy Rain,138,42.2,13.7,Daylight,Dry,Gravel,2,40,Straight,Flat,Physical,Yes,2,Auto-rickshaw;Motorcycle,17.7,No,46,Yes,Yes,No,No,40,Braking,Speeding,Rollover,Front,1,1245,Off-peak,13.2,18.8,0,0,1,None,Low
PK-2024-00751,2024-08-28,15:45,Sindh,Larkana,Rural,25.2598,67.9252,Dust Storm,136,37.7,10.5,Daylight,Dry,Dirt,2,60,Gentle,Downhill,Painted,No,2,Motorcycle;Motorcycle,4.8,Yes,46,Partial,Not Applicable,No,No,90,Braking,Speeding,Pedestrian,Side,2,1145,Peak,8.8,21.6,3,3,2,Total,Critical
PK-2024-00752,2024-05-27,08:29,Sindh,Nawabshah,Urban,24.8897,67.7095,Haze,1035,29.1,23.9,Dawn-Dusk,Flooding,Gravel,2,30,Gentle,Uphill,Painted,Yes,3,Motorcycle;Car;Motorcycle,3.2,No,42,Partial,Yes,No,No,30,Braking,Signal Violation,Fixed-object,Side,1,1807,Off-peak,1.7,10.4,0,0,0,Minor,Low
PK-2024-00753,2024-12-17,07:48,Sindh,Larkana,Urban,26.3771,69.3799,Cloudy,479,31.6,5.7,Unlit,Icy,Concrete,4,80,Straight,Downhill,None,Yes,3,Car;Motorcycle;Bus,10.6,No,33,Yes,Partial,No,No,95,None,Human Error,Rear-end,Side,1,1605,Off-peak,1.7,4.1,0,0,3,Moderate,Medium
PK-2024-00754,2024-09-18,06:25,Sindh,Karachi,Rural,24.6915,68.0789,Rain,144,31.0,13.1,Street-lit,Wet,Dirt,2,120,Gentle,Flat,Painted,No,5,Car;Motorcycle;Motorcycle;Motorcycle;Car,16.1,No,38,No,No,No,No,150,Swerving,Signal Violation,Rollover,Front,3,1882,Peak,11.0,15.0,2,4,3,Total,Critical
PK-2024-00755,2024-04-04,17:44,Punjab,Multan,Residential,30.5874,72.0631,Clear,370,23.5,13.3,Dawn-Dusk,Dry,Asphalt,2,60,Straight,Uphill,Painted,Yes,3,Car;Auto-rickshaw;Motorcycle,2.5,No,16,No,Yes,Yes,No,70,None,Wrong Side,Multi-vehicle pileup,Front,1,543,Off-peak,4.7,11.5,0,0,1,Moderate,Medium
PK-2024-00756,2024-07-04,02:07,Balochistan,Khuzdar,Rural,28.0877,67.4393,Cloudy,273,26.5,24.2,Unlit,Wet,Concrete,4,80,Straight,Downhill,Physical,Yes,2,Auto-rickshaw;Motorcycle,3.4,No,33,No,No,No,No,80,Braking,Wrong Side,Fixed-object,Side,3,1719,Off-peak,33.5,37.8,0,2,3,Severe,High
PK-2024-00757,2024-10-09,09:41,Punjab,Lahore,Residential,31.8264,74.7714,Clear,27,22.2,2.9,Street-lit,Potholed,Asphalt,2,100,Gentle,Uphill,Physical,Yes,2,Motorcycle;Car,14.3,No,30,No,Partial,No,No,115,Braking,Wrong Side,Pedestrian,Front,1,1372,Off-peak,11.9,19.6,2,3,1,Severe,Critical
PK-2024-00758,2024-05-15,12:40,Islamabad,Islamabad,Residential,32.6802,71.7144,Clear,33,13.1,1.1,Daylight,Potholed,Asphalt,1,40,Hairpin,Flat,Physical,Yes,3,Motorcycle;Bus;Car,14.9,No,33,Yes,Not Applicable,No,No,55,Braking,Signal Violation,Rear-end,Rear,1,1112,Peak,13.6,20.6,0,0,1,None,Low
PK-2024-00759,2024-03-15,18:48,Punjab,Multan,Residential,30.9825,73.8451,Cloudy,74,29.3,10.7,Street-lit,Potholed,Concrete,2,80,Gentle,Flat,Painted,No,4,Car;Car;Motorcycle;Truck,18.4,No,45,Partial,No,No,No,80,Swerving,Weather,Multi-vehicle pileup,Front,2,947,Peak,0.5,6.9,0,1,3,Moderate,High
PK-2024-00760,2024-10-17,02:55,Sindh,Nawabshah,Urban,25.0486,66.7044,Haze,367,32.6,0.8,Street-lit,Dry,Gravel,4,50,Gentle,Flat,Physical,No,2,Motorcycle;Truck,7.3,No,35,Partial,No,No,No,65,None,Mobile Phone,Side-swipe,Side,1,1569,Off-peak,2.3,7.8,0,0,1,Minor,Low
PK-2024-00761,2024-03-21,11:41,Punjab,Faisalabad,Highway,31.151,73.3729,Rain,38,37.4,18.5,Street-lit,Flooding,Gravel,2,60,Gentle,Uphill,None,No,2,Bus;Truck,19.6,Yes,33,No,Not Applicable,No,No,100,None,Mobile Phone,Rollover,Rear,1,548,Peak,3.0,10.0,1,4,3,Severe,Critical
PK-2024-00762,2024-07-20,19:09,Sindh,Karachi,Rural,25.86,69.4967,Cloudy,67,17.9,19.4,Street-lit,Flooding,Asphalt,2,40,Sharp,Uphill,Physical,Yes,2,Truck;Car,11.7,No,37,Partial,Not Applicable,No,No,70,None,Signal Violation,Rear-end,Front,2,1071,Peak,9.2,16.3,1,3,3,Total,Critical
PK-2024-00763,2024-10-11,05:13,Punjab,Multan,Urban,32.2232,73.6353,Dust Storm,84,31.5,9.3,Tunnel,Wet,Asphalt,2,80,Straight,Uphill,Physical,Yes,4,Motorcycle;Bus;Bus;Motorcycle,18.6,No,38,No,Yes,Yes,No,95,None,Wrong Side,Rear-end,Front,3,500,Off-peak,26.5,31.6,3,3,2,Total,Critical
PK-2024-00764,2024-08-12,16:37,Punjab,Sialkot,Urban,30.7019,74.1944,Haze,224,35.5,12.5,Street-lit,Wet,Asphalt,6,110,Straight,Flat,Physical,Yes,1,Bicycle,16.3,Yes,32,Partial,No,No,No,120,None,Human Error,Rear-end,Side,2,1680,Peak,3.7,9.1,0,1,3,Severe,High
PK-2024-00765,2024-12-03,11:34,Punjab,Bahawalpur,Highway,29.8109,73.0469,Dust Storm,379,14.2,18.9,Daylight,Construction,Asphalt,3,60,Straight,Uphill,None,No,1,Motorcycle,18.6,No,26,Yes,Yes,No,No,90,Swerving,Animal Crossing,Head-on,Front,1,422,Off-peak,2.0,6.4,1,3,1,Severe,Critical
PK-2024-00766,2024-12-19,17:06,Punjab,Lahore,Urban,29.8928,72.5247,Cloudy,102,13.0,1.0,Daylight,Dry,Concrete,4,40,Gentle,Flat,Physical,No,3,Motorcycle;Motorcycle;Motorcycle,15.1,No,56,Yes,No,No,No,45,Swerving,Signal Violation,Rear-end,Front,2,874,Off-peak,0.5,6.9,0,0,1,None,Low
PK-2024-00767,2024-10-26,10:59,Punjab,Sargodha,Urban,30.6609,74.7805,Cloudy,20,15.8,3.0,Daylight,Wet,Asphalt,2,60,Gentle,Flat,Physical,Yes,4,Motorcycle;Bus;Motorcycle;Motorcycle,13.7,No,27,Partial,Yes,No,No,90,Braking,Mechanical Failure,Rear-end,Side,1,1622,Off-peak,5.0,13.6,0,0,3,Minor,Medium
PK-2024-00768,2024-11-15,15:39,Punjab,Multan,Residential,32.0939,72.0338,Cloudy,965,19.7,1.3,Unlit,Dry,Asphalt,4,100,Gentle,Downhill,None,Yes,3,Motorcycle;Car;Car,16.2,No,20,Partial,No,No,No,110,Swerving,Mobile Phone,Fixed-object,Rear,1,996,Off-peak,18.0,20.3,0,2,1,Moderate,Medium
PK-2024-00769,2024-12-21,03:38,Islamabad,Islamabad,Urban,33.1595,72.9416,Heavy Rain,135,27.3,23.2,Unlit,Construction,Concrete,1,100,Straight,Downhill,None,No,2,Bicycle;Motorcycle,3.7,No,34,No,Partial,No,No,105,Braking,Mechanical Failure,Side-swipe,Side,1,1435,Peak,11.5,23.8,1,3,1,Total,Critical
PK-2024-00770,2024-02-10,12:25,Punjab,Gujranwala,Rural,29.5065,72.4735,Rain,559,44.3,9.7,Street-lit,Construction,Concrete,2,110,Sharp,Uphill,Physical,Yes,2,Motorcycle;Truck,12.3,No,32,Partial,Partial,No,No,110,Braking,Mechanical Failure,Head-on,Front,1,1745,Peak,50.5,64.4,3,3,3,Total,Critical
PK-2024-00771,2024-05-27,12:14,Punjab,Gujranwala,Urban,32.2152,73.5791,Heavy Rain,176,42.9,2.3,Daylight,Icy,Gravel,2,30,Straight,Flat,None,No,5,Truck;Truck;Motorcycle;Bus;Car,10.5,No,66,No,Partial,No,Unknown,40,Braking,Speeding,Side-swipe,Front,1,810,Peak,10.3,18.1,0,0,3,Moderate,Medium
PK-2024-00772,2024-08-25,16:52,KPK,Mardan,Residential,33.497,72.2422,Clear,90,37.7,4.2,Daylight,Construction,Asphalt,3,80,Gentle,Uphill,Physical,Yes,3,Truck;Motorcycle;Motorcycle,9.0,No,33,No,Not Applicable,No,No,90,Braking,Signal Violation,Side-swipe,Side,1,1456,Off-peak,10.5,20.4,0,1,2,Minor,Medium
PK-2024-00773,2024-03-09,08:55,Punjab,Sargodha,Urban,31.0861,74.5956,Cloudy,869,37.2,52.6,Daylight,Wet,Concrete,3,80,Sharp,Downhill,Painted,No,3,Bus;Truck;Auto-rickshaw,10.5,No,36,Yes,Yes,No,Yes,80,Braking,Human Error,Head-on,Side,2,1539,Off-peak,16.0,23.7,0,1,3,Moderate,Medium
PK-2024-00774,2024-01-28,00:42,KPK,Peshawar,Residential,32.813,71.424,Clear,37,15.2,8.3,Daylight,Dry,Asphalt,4,110,Straight,Flat,None,Yes,2,Motorcycle;Car,17.6,No,30,No,Not Applicable,No,No,115,Braking,Drunk Driving,Rear-end,Rear,2,480,Off-peak,69.1,86.2,0,0,3,Moderate,Medium
PK-2024-00775,2024-12-02,10:23,Islamabad,Islamabad,Rural,32.3477,72.0413,Cloudy,73,33.2,25.3,Daylight,Wet,Concrete,4,40,Gentle,Flat,Painted,Yes,2,Car;Car,14.6,No,37,No,Partial,No,No,60,None,Speeding,Pedestrian,Front,2,1982,Peak,8.2,13.6,0,0,3,Minor,Medium
PK-2024-00776,2024-10-07,22:56,Punjab,Faisalabad,Highway,30.7932,73.2848,Haze,311,32.9,2.7,Street-lit,Wet,Asphalt,1,50,Gentle,Uphill,Physical,No,3,Car;Motorcycle;Bicycle,5.4,No,54,Yes,No,No,No,50,Braking,Mobile Phone,Rear-end,Side,1,239,Peak,48.6,59.6,0,0,0,Minor,Low
PK-2024-00777,2024-11-01,12:01,Punjab,Sialkot,Highway,31.1345,73.7963,Cloudy,789,35.7,24.9,Daylight,Wet,Asphalt,6,30,Straight,Flat,Painted,Yes,1,Bus,6.8,No,49,No,Yes,No,No,45,Braking,Human Error,Multi-vehicle pileup,Roof,1,1133,Off-peak,8.8,13.6,0,0,0,Minor,Low
PK-2024-00778,2024-08-28,11:53,Sindh,Nawabshah,Urban,24.0899,66.8166,Cloudy,362,31.7,4.3,Unlit,Potholed,Asphalt,4,100,Straight,Uphill,None,Yes,2,Motorcycle;Motorcycle,4.6,Yes,41,Partial,Partial,No,No,110,None,Speeding,Rollover,Rear,3,915,Off-peak,0.7,6.2,2,4,3,Total,Critical
PK-2024-00779,2024-05-25,12:33,Balochistan,Turbat,Residential,28.6829,67.8363,Haze,160,25.6,9.4,Street-lit,Wet,Asphalt,2,30,Straight,Uphill,Painted,No,2,Motorcycle;Bicycle,12.1,No,38,No,Yes,No,No,40,None,Speeding,Rollover,Rear,1,1000,Peak,3.4,9.0,0,0,3,Moderate,Medium
PK-2024-00780,2024-06-08,13:06,Punjab,Rawalpindi,Rural,31.5799,72.3982,Cloudy,84,30.0,7.4,Street-lit,Potholed,Concrete,4,60,Sharp,Downhill,Physical,No,2,Auto-rickshaw;Truck,6.6,No,18,Partial,No,No,No,65,None,Signal Violation,Head-on,Rear,1,391,Peak,31.0,42.8,3,4,1,Total,Critical
PK-2024-00781,2024-08-18,02:48,Punjab,Sargodha,Residential,29.944,73.8849,Cloudy,641,25.4,6.6,Street-lit,Wet,Asphalt,3,100,Sharp,Flat,Painted,Yes,2,Bicycle;Motorcycle,17.7,No,36,No,No,No,No,120,Swerving,Human Error,Side-swipe,Front,1,1324,Off-peak,2.9,10.8,0,2,1,Minor,Medium
PK-2024-00782,2024-11-15,19:14,KPK,Swat,Highway,34.2231,71.2861,Cloudy,356,24.3,6.1,Unlit,Icy,Asphalt,1,80,Gentle,Flat,Physical,Yes,2,Truck;Auto-rickshaw,17.2,No,44,Yes,No,No,No,80,None,Mobile Phone,Rollover,Side,2,300,Off-peak,16.9,25.4,1,3,1,Severe,Critical
PK-2024-00783,2024-01-21,14:29,Sindh,Sukkur,Rural,26.8023,67.8642,Rain,617,30.8,7.0,Unlit,Dry,Concrete,1,60,Straight,Uphill,Physical,No,2,Auto-rickshaw;Motorcycle,10.7,Yes,44,Yes,No,No,No,55,Swerving,Signal Violation,Multi-vehicle pileup,Side,2,609,Peak,13.8,19.1,1,3,4,Moderate,High
PK-2024-00784,2024-09-26,13:23,Balochistan,Turbat,Urban,28.6815,67.8495,Clear,34,36.2,1.1,Street-lit,Potholed,Asphalt,4,40,Straight,Uphill,None,Yes,2,Motorcycle;Car,13.3,No,40,No,No,No,No,80,None,Drunk Driving,Multi-vehicle pileup,Rear,1,1082,Peak,8.3,17.0,2,2,1,Total,Critical
PK-2024-00785,2024-06-04,04:56,KPK,Dera Ismail Khan,Rural,34.5382,71.4382,Clear,1500,27.8,20.5,Dawn-Dusk,Dry,Asphalt,4,50,Straight,Uphill,None,No,5,Car;Auto-rickshaw;Bus;Car;Motorcycle,14.2,No,30,Partial,Not Applicable,No,No,60,Braking,Animal Crossing,Rear-end,Rear,1,1681,Off-peak,10.3,15.4,0,0,1,Minor,Low
PK-2024-00786,2024-04-11,06:29,Punjab,Multan,Rural,30.7296,74.4486,Clear,27,42.2,1.6,Street-lit,Wet,Asphalt,2,100,Gentle,Uphill,Physical,No,3,Car;Truck;Motorcycle,19.5,No,43,No,Partial,Yes,No,130,Braking,Speeding,Head-on,Side,1,1313,Off-peak,14.5,16.7,1,3,2,Total,Critical
PK-2024-00787,2024-01-26,16:30,Punjab,Rawalpindi,Residential,30.0904,72.383,Dust Storm,936,23.6,8.6,Unlit,Wet,Concrete,2,80,Straight,Flat,None,Yes,5,Motorcycle;Motorcycle;Motorcycle;Bicycle;Car,4.3,No,34,Yes,Not Applicable,No,Yes,120,Braking,Signal Violation,Side-swipe,Front,1,657,Peak,3.8,16.8,0,3,3,Severe,High
PK-2024-00788,2024-03-13,13:07,Balochistan,Gwadar,Residential,27.7044,65.25,Clear,294,18.0,1.8,Tunnel,Dry,Asphalt,1,50,Sharp,Flat,Physical,Yes,2,Car;Car,15.1,No,36,Yes,Yes,Yes,No,50,None,Signal Violation,Head-on,Front,1,1402,Off-peak,7.2,18.4,0,0,0,Minor,Low
PK-2024-00789,2024-10-17,01:13,Sindh,Nawabshah,Urban,24.991,67.0575,Haze,91,31.0,19.8,Street-lit,Construction,Asphalt,2,60,Gentle,Downhill,Physical,Yes,3,Truck;Truck;Motorcycle,17.0,No,31,Partial,Yes,Yes,No,50,Braking,Signal Violation,Pedestrian,Front,1,473,Peak,16.4,21.4,0,1,2,Moderate,Medium
PK-2024-00790,2024-05-25,00:30,Sindh,Larkana,Rural,26.4667,67.1558,Clear,88,21.8,7.0,Street-lit,Icy,Asphalt,6,110,Straight,Flat,Physical,Yes,3,Truck;Motorcycle;Auto-rickshaw,11.7,No,19,No,Yes,No,No,110,Braking,Human Error,Rear-end,Front,1,507,Off-peak,10.4,12.4,0,2,2,Severe,High
PK-2024-00791,2024-06-17,19:19,Punjab,Sialkot,Highway,32.2479,72.7558,Heavy Rain,377,33.0,10.8,Unlit,Dry,Asphalt,2,100,Hairpin,Flat,Painted,Yes,1,Motorcycle,12.7,No,37,No,Yes,No,No,105,None,Human Error,Rear-end,Roof,1,1387,Off-peak,15.9,20.3,1,4,2,Total,Critical
PK-2024-00792,2024-08-03,19:17,Punjab,Sargodha,Highway,31.4809,73.1305,Cloudy,181,21.8,12.4,Unlit,Flooding,Concrete,3,60,Straight,Flat,None,No,2,Car;Car,3.0,Yes,52,No,Yes,No,No,75,None,Overloading,Pedestrian,Rear,1,1266,Off-peak,15.0,24.1,1,3,3,Severe,Critical
PK-2024-00793,2024-05-20,03:54,Punjab,Rawalpindi,Urban,32.2463,73.6526,Clear,63,25.7,35.1,Daylight,Construction,Concrete,2,30,Straight,Uphill,None,Yes,4,Bus;Car;Bicycle;Motorcycle,15.4,No,26,No,Yes,Yes,No,50,Swerving,Human Error,Head-on,Side,1,1092,Peak,7.3,14.2,0,1,2,Moderate,Medium
PK-2024-00794,2024-07-05,07:49,Sindh,Nawabshah,Highway,24.0339,66.9438,Cloudy,762,27.9,11.7,Daylight,Muddy,Asphalt,2,100,Gentle,Uphill,Physical,Yes,4,Bus;Motorcycle;Motorcycle;Car,14.8,Yes,30,Yes,Yes,No,Unknown,95,Swerving,Wrong Side,Rear-end,Front,1,542,Off-peak,7.2,16.3,0,1,3,Moderate,High
PK-2024-00795,2024-06-28,07:46,Punjab,Sargodha,Residential,32.0668,72.8597,Rain,106,34.9,15.4,Unlit,Potholed,Concrete,2,100,Straight,Downhill,None,Yes,4,Car;Car;Motorcycle;Car,6.1,Yes,41,No,Not Applicable,No,No,105,None,Weather,Side-swipe,Front,1,1862,Peak,15.3,27.7,1,4,2,Total,Critical
PK-2024-00796,2024-12-08,20:16,Punjab,Sargodha,Urban,32.4619,72.1187,Clear,338,34.5,6.0,Tunnel,Dry,Concrete,6,40,Straight,Uphill,Painted,Yes,2,Motorcycle;Truck,10.3,No,48,No,Not Applicable,No,No,55,Braking,Signal Violation,Side-swipe,Side,1,976,Off-peak,1.5,4.8,0,0,2,Minor,Low
PK-2024-00797,2024-01-09,11:32,Punjab,Gujranwala,Urban,30.1346,73.6686,Haze,155,29.3,2.2,Unlit,Wet,Concrete,4,40,Sharp,Flat,Painted,No,3,Bus;Truck;Motorcycle,4.9,No,31,Partial,No,No,No,55,Swerving,Mechanical Failure,Rear-end,Front,1,616,Off-peak,23.2,34.3,0,2,2,Moderate,Medium
PK-2024-00798,2024-09-09,12:32,Islamabad,Islamabad,Residential,34.0311,72.3303,Clear,156,22.0,15.9,Street-lit,Dry,Dirt,2,100,Gentle,Flat,None,No,3,Car;Motorcycle;Motorcycle,5.0,No,32,No,Not Applicable,No,No,120,None,Animal Crossing,Side-swipe,Front,1,916,Peak,0.6,5.2,0,0,0,Minor,Low
PK-2024-00799,2024-03-27,20:09,Sindh,Sukkur,Rural,24.7741,68.749,Fog,176,32.0,37.5,Dawn-Dusk,Icy,Gravel,2,120,Gentle,Flat,Physical,Yes,2,Car;Bicycle,2.2,Yes,37,Yes,No,No,No,115,None,Speeding,Side-swipe,Front,2,1272,Peak,43.1,61.8,1,3,2,Total,Critical
PK-2024-00800,2024-06-24,11:23,Punjab,Lahore,Urban,32.176,73.5059,Dust Storm,92,22.4,0.9,Daylight,Flooding,Gravel,2,110,Straight,Flat,Painted,No,3,Bicycle;Motorcycle;Car,6.3,No,35,Yes,Partial,No,No,120,None,Mechanical Failure,Side-swipe,Front,1,1270,Peak,1.2,7.9,1,2,1,Total,Critical
PK-2024-00801,2024-01-22,22:10,Islamabad,Islamabad,Rural,34.298,73.3358,Cloudy,1470,22.6,14.0,Dawn-Dusk,Icy,Gravel,2,40,Hairpin,Uphill,Painted,Yes,2,Motorcycle;Motorcycle,7.6,No,16,No,Partial,No,No,50,Braking,Human Error,Fixed-object,Front,2,569,Off-peak,3.3,12.0,0,1,2,Moderate,Medium
PK-2024-00802,2024-02-22,04:18,Punjab,Lahore,Residential,31.2897,74.0258,Clear,268,32.3,15.0,Street-lit,Potholed,Concrete,2,60,Gentle,Flat,Painted,No,2,Motorcycle;Motorcycle,6.0,No,46,Yes,Yes,No,No,65,None,Wrong Side,Side-swipe,Roof,1,1350,Peak,20.6,30.7,0,0,1,Minor,Low
PK-2024-00803,2024-03-21,09:53,Punjab,Sargodha,Urban,31.3161,74.1821,Clear,42,25.9,4.2,Daylight,Potholed,Asphalt,6,100,Straight,Flat,Physical,Yes,2,Motorcycle;Truck,10.1,No,45,No,Yes,No,No,105,None,Speeding,Head-on,Rear,2,266,Peak,1.4,5.9,1,3,1,Total,Critical
PK-2024-00804,2024-02-01,07:08,Islamabad,Islamabad,Highway,33.6371,73.7381,Cloudy,1213,35.3,49.3,Street-lit,Dry,Concrete,4,30,Hairpin,Flat,Physical,No,3,Motorcycle;Car;Truck,6.0,No,31,Partial,No,No,No,45,Braking,Speeding,Side-swipe,Front,1,147,Off-peak,33.0,45.1,0,0,1,None,Low
PK-2024-00805,2024-10-27,18:17,Balochistan,Gwadar,Urban,28.214,65.382,Cloudy,334,30.1,7.3,Daylight,Dry,Asphalt,1,60,Gentle,Flat,None,Yes,2,Motorcycle;Motorcycle,11.5,No,26,Yes,Yes,Yes,No,80,Swerving,Human Error,Pedestrian,Front,2,1503,Off-peak,10.6,18.9,0,0,0,Minor,Low
PK-2024-00806,2024-06-14,05:03,Islamabad,Islamabad,Urban,32.7777,72.9712,Rain,428,24.8,24.3,Daylight,Dry,Dirt,2,60,Straight,Flat,Painted,Yes,3,Car;Bus;Bus,13.2,No,20,Yes,No,No,No,90,Braking,Speeding,Head-on,Side,2,812,Off-peak,10.8,18.4,0,2,2,Moderate,High
PK-2024-00807,2024-03-28,00:45,Punjab,Faisalabad,Urban,31.1382,74.1525,Rain,270,33.1,14.2,Tunnel,Wet,Asphalt,2,50,Sharp,Flat,None,Yes,2,Motorcycle;Motorcycle,2.1,No,31,Yes,Yes,No,No,55,Braking,Mobile Phone,Rear-end,Side,2,654,Peak,15.9,23.2,0,0,1,Minor,Low
PK-2024-00808,2024-11-21,07:45,Punjab,Multan,Urban,29.6956,74.9398,Haze,34,12.7,13.3,Daylight,Dry,Dirt,6,30,Sharp,Uphill,Painted,Yes,3,Car;Bicycle;Car,7.0,No,51,Partial,Yes,No,No,40,Braking,Signal Violation,Head-on,Front,1,1936,Off-peak,6.9,12.9,0,0,1,None,Low
PK-2024-00809,2024-01-26,18:45,Punjab,Gujranwala,Rural,31.8451,74.5021,Clear,1251,34.7,18.0,Daylight,Dry,Asphalt,2,80,Straight,Flat,Painted,Yes,1,Car,15.6,No,54,No,No,No,No,100,Braking,Wrong Side,Fixed-object,Side,2,196,Peak,30.5,42.0,0,0,3,Moderate,Medium