incident_id,date,time,province,district,road_type,latitude,longitude,weather,visibility_meters,temperature_c,wind_speed_kmh,lighting,road_condition,surface_material,number_of_lanes,speed_limit_kmh,road_curvature,road_gradient,median_type,shoulder_available,num_vehicles,vehicle_types,vehicle_avg_age_years,overloading_detected,driver_age,helmet_usage,seatbelt_usage,mobile_phone_suspected,alcohol_drug_suspected,speed_at_impact_kmh,evasive_action,accident_cause,collision_type,impact_point,num_collisions,traffic_volume_per_hour,peak_off_peak,distance_to_hospital_km,expected_response_min,fatalities,serious_injuries,minor_injuries,property_damage_level,severity
PK-2024-00810,2024-04-25,09:08,Punjab,Sialkot,Highway,30.3049,73.2384,Fog,179,41.1,40.1,Dawn-Dusk,Dry,Asphalt,2,110,Gentle,Uphill,None,Yes,1,Bus,4.4,No,49,No,Yes,No,No,130,None,Overloading,Fixed-object,Side,2,1951,Off-peak,73.0,90.0,1,4,2,Total,Critical
PK-2024-00811,2024-01-16,13:57,Balochistan,Quetta,Residential,28.2927,67.6711,Dust Storm,788,28.2,9.7,Dawn-Dusk,Muddy,Asphalt,1,50,Straight,Flat,Physical,Yes,3,Motorcycle;Motorcycle;Motorcycle,3.7,No,35,No,Partial,No,No,40,Braking,Human Error,Rollover,Rear,1,1963,Off-peak,11.3,15.8,0,1,2,Severe,High
PK-2024-00812,2024-03-01,14:02,Punjab,Gujranwala,Urban,30.5678,73.6041,Clear,23,33.7,1.5,Dawn-Dusk,Dry,Dirt,3,50,Straight,Uphill,Painted,Yes,2,Auto-rickshaw;Bicycle,5.1,No,39,Yes,Yes,No,No,60,None,Mechanical Failure,Head-on,Front,1,699,Peak,24.6,39.2,0,2,3,Moderate,Medium
PK-2024-00813,2024-03-15,07:14,Punjab,Faisalabad,Residential,29.5145,73.1324,Heavy Rain,484,28.7,6.6,Street-lit,Icy,Asphalt,3,80,Straight,Downhill,Painted,Yes,1,Motorcycle,7.6,No,35,Yes,Partial,No,No,80,Swerving,Speeding,Multi-vehicle pileup,Front,2,1250,Off-peak,1.2,4.9,3,3,2,Total,Critical
PK-2024-00814,2024-07-27,21:10,Balochistan,Quetta,Urban,27.9634,65.9187,Dust Storm,149,26.1,3.2,Unlit,Dry,Asphalt,2,80,Hairpin,Flat,None,Yes,2,Car;Car,8.3,Yes,16,No,Partial,No,No,80,None,Wrong Side,Multi-vehicle pileup,Rear,2,947,Peak,2.0,7.6,1,3,1,Total,Critical
PK-2024-00815,2024-11-04,15:12,Sindh,Karachi,Highway,24.5833,67.8728,Rain,477,25.4,7.6,Tunnel,Dry,Concrete,4,80,Straight,Uphill,Physical,No,1,Bus,4.7,No,36,No,Not Applicable,No,No,80,Braking,Weather,Side-swipe,Side,1,1435,Peak,6.0,15.0,0,0,1,Minor,Low
PK-2024-00816,2024-06-15,21:30,KPK,Abbottabad,Residential,32.7298,72.4838,Haze,97,28.2,18.5,Daylight,Dry,Concrete,2,50,Gentle,Flat,Physical,Yes,4,Bus;Car;Car;Motorcycle,10.3,No,27,Yes,Not Applicable,No,No,80,Braking,Drunk Driving,Rollover,Side,1,1147,Off-peak,7.5,15.9,0,2,2,Severe,High
PK-2024-00817,2024-04-19,18:51,Sindh,Sukkur,Urban,25.1728,68.82,Clear,233,30.1,2.6,Street-lit,Wet,Asphalt,6,50,Straight,Downhill,Physical,No,2,Motorcycle;Truck,10.7,No,28,No,No,No,Unknown,60,Braking,Mechanical Failure,Pedestrian,Side,2,744,Off-peak,0.7,12.4,0,0,0,None,Low
PK-2024-00818,2024-10-14,16:40,Punjab,Rawalpindi,Urban,31.4959,73.327,Fog,300,23.8,11.5,Street-lit,Dry,Concrete,2,80,Straight,Flat,None,No,2,Car;Motorcycle,4.0,No,48,Yes,Yes,No,No,90,Braking,Human Error,Side-swipe,Front,2,1351,Off-peak,20.9,28.2,0,0,2,Minor,Low
PK-2024-00819,2024-07-19,11:49,Islamabad,Islamabad,Urban,35.1571,71.8511,Heavy Rain,20,32.4,44.0,Unlit,Construction,Concrete,2,40,Gentle,Flat,None,Yes,2,Car;Truck,13.0,Yes,28,Partial,Not Applicable,No,Yes,70,None,Weather,Rollover,Front,2,1607,Off-peak,15.1,19.5,3,4,1,Severe,Critical
PK-2024-00820,2024-08-23,18:45,Punjab,Multan,Urban,31.2718,73.7139,Fog,600,50.0,23.5,Dawn-Dusk,Wet,Asphalt,2,60,Gentle,Flat,Painted,Yes,1,Bicycle,2.7,No,38,Partial,No,No,No,65,None,Signal Violation,Rear-end,Side,2,870,Peak,7.0,10.3,0,2,3,Minor,Medium
PK-2024-00821,2024-12-15,14:54,Balochistan,Quetta,Rural,28.0339,66.2664,Clear,99,39.4,22.5,Unlit,Potholed,Concrete,3,50,Sharp,Uphill,Painted,No,2,Car;Motorcycle,14.6,No,42,Partial,Partial,No,No,55,Swerving,Mechanical Failure,Multi-vehicle pileup,Rear,1,873,Off-peak,20.9,31.0,2,4,2,Severe,Critical
PK-2024-00822,2024-02-21,19:07,Sindh,Nawabshah,Rural,25.4505,66.7917,Rain,36,33.2,23.4,Daylight,Wet,Dirt,2,30,Straight,Flat,Painted,No,2,Car;Motorcycle,16.5,No,31,Yes,No,No,No,45,Braking,Signal Violation,Head-on,Front,1,838,Off-peak,12.0,20.8,0,2,2,Moderate,Medium
PK-2024-00823,2024-10-01,11:39,Punjab,Lahore,Residential,30.8124,74.3207,Cloudy,1209,29.3,35.6,Daylight,Dry,Dirt,6,30,Straight,Flat,Painted,Yes,4,Motorcycle;Motorcycle;Car;Auto-rickshaw,9.5,No,31,Yes,Not Applicable,No,No,35,Swerving,Human Error,Head-on,Front,2,1703,Peak,12.9,18.1,0,0,0,Minor,Low
PK-2024-00824,2024-04-17,20:53,KPK,Mardan,Highway,32.4663,71.8772,Clear,703,28.0,11.8,Daylight,Wet,Asphalt,4,30,Gentle,Flat,None,Yes,3,Car;Truck;Motorcycle,11.7,No,34,No,Yes,No,No,20,None,Signal Violation,Pedestrian,Front,1,1679,Peak,1.7,7.5,0,0,1,Minor,Low
PK-2024-00825,2024-02-21,04:49,Islamabad,Islamabad,Residential,33.5174,71.9659,Dust Storm,1308,29.4,23.7,Street-lit,Dry,Concrete,4,40,Straight,Downhill,Painted,Yes,5,Bicycle;Car;Truck;Motorcycle;Car,17.9,Yes,30,Yes,Partial,No,No,40,None,Speeding,Rear-end,Front,2,102,Peak,44.5,57.0,0,0,2,Moderate,Medium
PK-2024-00826,2024-03-02,03:14,Sindh,Hyderabad,Rural,26.1064,66.7371,Cloudy,69,22.2,5.1,Street-lit,Dry,Asphalt,1,60,Gentle,Flat,None,Yes,2,Auto-rickshaw;Motorcycle,17.4,No,17,No,No,No,No,70,None,Weather,Rollover,Rear,1,861,Peak,12.1,15.3,1,4,1,Total,Critical
PK-2024-00827,2024-07-14,23:10,Punjab,Sialkot,Urban,32.4425,73.8182,Clear,195,15.3,4.5,Street-lit,Wet,Asphalt,2,60,Straight,Flat,Physical,Yes,4,Bus;Motorcycle;Motorcycle;Auto-rickshaw,7.7,No,45,No,Yes,No,No,60,Braking,Human Error,Side-swipe,Front,1,1903,Peak,4.8,7.2,0,0,1,Minor,Low
PK-2024-00828,2024-11-16,06:24,Sindh,Sukkur,Rural,25.8309,66.7285,Cloudy,90,24.2,41.2,Street-lit,Construction,Asphalt,2,30,Straight,Flat,Physical,No,3,Bus;Car;Car,14.6,No,47,No,Not Applicable,No,Unknown,25,None,Human Error,Rear-end,Roof,2,1559,Peak,0.5,6.9,0,0,2,Minor,Low
PK-2024-00829,2024-09-09,10:44,Sindh,Sukkur,Residential,25.5816,68.6176,Rain,320,17.5,17.6,Daylight,Wet,Concrete,6,60,Sharp,Uphill,None,Yes,2,Motorcycle;Motorcycle,9.9,No,35,Yes,Yes,No,No,75,Braking,Signal Violation,Head-on,Side,1,537,Off-peak,0.9,6.5,0,0,1,Minor,Medium
PK-2024-00830,2024-11-08,12:58,Sindh,Sukkur,Rural,24.4872,69.4366,Cloudy,328,15.0,25.4,Street-lit,Dry,Gravel,2,60,Straight,Flat,None,No,3,Car;Motorcycle;Truck,14.4,Yes,16,No,Yes,No,No,75,None,Speeding,Rollover,Front,2,1975,Off-peak,10.9,15.5,1,2,2,Total,Critical
PK-2024-00831,2024-12-11,21:56,Balochistan,Quetta,Urban,30.3695,67.9624,Clear,62,25.8,1.0,Street-lit,Wet,Asphalt,4,60,Straight,Flat,None,No,3,Car;Truck;Auto-rickshaw,6.4,No,29,No,Not Applicable,No,No,50,None,Mechanical Failure,Rear-end,Side,1,918,Peak,14.6,22.7,0,0,1,None,Low
PK-2024-00832,2024-09-02,10:16,Islamabad,Islamabad,Urban,32.3433,72.1589,Cloudy,287,21.9,30.8,Daylight,Dry,Asphalt,1,60,Straight,Uphill,None,Yes,2,Auto-rickshaw;Car,7.8,No,16,No,Yes,No,No,75,Braking,Signal Violation,Side-swipe,Side,1,1926,Off-peak,24.5,32.2,0,0,0,Minor,Low
PK-2024-00833,2024-11-10,00:18,Balochistan,Khuzdar,Highway,28.3135,66.7456,Rain,131,38.8,3.1,Daylight,Construction,Asphalt,4,60,Gentle,Downhill,Physical,No,2,Car;Motorcycle,18.8,No,29,No,Yes,No,No,65,Braking,Mobile Phone,Rear-end,Rear,1,1593,Off-peak,23.6,28.1,0,0,2,Moderate,Medium
PK-2024-00834,2024-02-23,15:11,Islamabad,Islamabad,Highway,32.6546,72.4002,Rain,349,23.4,7.8,Tunnel,Potholed,Concrete,2,60,Sharp,Flat,Painted,No,3,Motorcycle;Car;Motorcycle,5.2,No,30,No,Yes,No,No,60,Braking,Speeding,Head-on,Rear,1,1110,Off-peak,7.6,20.0,0,1,2,Severe,High
PK-2024-00835,2024-09-12,14:43,Punjab,Sargodha,Highway,30.295,73.3412,Cloudy,1281,19.4,3.6,Tunnel,Dry,Dirt,2,80,Straight,Flat,Physical,Yes,2,Motorcycle;Motorcycle,14.2,No,32,Yes,Partial,No,No,90,Braking,Weather,Fixed-object,Rear,1,1373,Off-peak,1.5,5.1,0,0,0,None,Low
PK-2024-00836,2024-09-09,13:32,Sindh,Karachi,Rural,24.3038,69.0992,Clear,77,19.9,9.5,Daylight,Dry,Gravel,4,110,Straight,Flat,Physical,Yes,2,Car;Motorcycle,16.3,No,19,No,No,No,No,140,Braking,Signal Violation,Fixed-object,Side,2,1108,Off-peak,16.2,24.1,2,2,3,Total,Critical
PK-2024-00837,2024-05-20,22:27,Sindh,Larkana,Rural,25.1851,68.1408,Fog,170,19.5,1.3,Unlit,Dry,Concrete,1,40,Gentle,Downhill,None,Yes,3,Auto-rickshaw;Truck;Bus,12.6,No,16,Yes,No,No,No,50,Braking,Weather,Head-on,Front,1,1799,Off-peak,25.4,33.9,0,1,4,Moderate,High
PK-2024-00838,2024-11-16,15:19,KPK,Swat,Urban,34.7287,72.1147,Fog,20,16.8,3.2,Tunnel,Wet,Asphalt,4,30,Sharp,Uphill,None,Yes,3,Motorcycle;Truck;Auto-rickshaw,13.8,No,31,Yes,No,No,No,45,None,Signal Violation,Head-on,Front,2,1792,Peak,4.0,8.1,1,2,2,Severe,High
PK-2024-00839,2024-06-06,16:17,Punjab,Multan,Urban,32.2955,72.1979,Cloudy,793,34.4,18.2,Street-lit,Muddy,Asphalt,4,80,Straight,Downhill,Painted,Yes,2,Bicycle;Motorcycle,3.0,No,33,Yes,Yes,No,No,100,Braking,Human Error,Rear-end,Front,2,333,Off-peak,7.2,16.2,0,0,3,Moderate,Medium
PK-2024-00840,2024-12-20,20:24,Sindh,Nawabshah,Urban,24.5494,68.3055,Dust Storm,117,34.6,2.0,Daylight,Potholed,Asphalt,4,100,Straight,Uphill,Painted,No,2,Motorcycle;Bus,14.0,No,32,Yes,Not Applicable,No,No,115,None,Wrong Side,Pedestrian,Side,1,812,Peak,6.4,7.0,1,2,3,Total,Critical
PK-2024-00841,2024-03-26,02:52,Balochistan,Khuzdar,Residential,29.8063,67.2576,Cloudy,320,45.6,0.9,Street-lit,Wet,Dirt,2,110,Straight,Uphill,Physical,No,4,Motorcycle;Truck;Motorcycle;Car,6.9,No,17,No,Not Applicable,No,Yes,105,Braking,Mobile Phone,Rear-end,Rear,3,716,Off-peak,9.5,16.7,0,0,2,Minor,Medium
PK-2024-00842,2024-08-14,21:05,KPK,Swat,Urban,34.934,70.1038,Fog,218,19.4,1.3,Street-lit,Potholed,Gravel,2,60,Sharp,Flat,Painted,Yes,5,Bicycle;Car;Bus;Motorcycle;Motorcycle,14.7,No,53,Yes,No,Yes,No,60,Swerving,Human Error,Head-on,Front,2,607,Off-peak,11.6,16.6,0,2,4,Severe,High
PK-2024-00843,2024-04-07,15:30,Balochistan,Quetta,Urban,27.6247,65.4827,Cloudy,564,37.3,1.1,Daylight,Dry,Asphalt,4,120,Gentle,Flat,Physical,Yes,1,Bicycle,14.3,No,30,No,Not Applicable,No,No,150,Swerving,Human Error,Side-swipe,Side,2,1318,Peak,0.5,3.0,0,0,1,Minor,Low
PK-2024-00844,2024-03-12,12:57,Punjab,Sargodha,Residential,30.5624,72.1223,Rain,199,27.2,0.4,Unlit,Wet,Asphalt,2,40,Gentle,Flat,Physical,No,2,Truck;Motorcycle,8.4,No,55,No,Yes,No,No,80,Swerving,Signal Violation,Rear-end,Rear,2,761,Peak,5.0,10.9,0,2,4,Severe,High
PK-2024-00845,2024-03-15,16:40,Punjab,Lahore,Rural,31.005,74.1213,Rain,371,31.0,21.0,Street-lit,Wet,Dirt,1,50,Sharp,Flat,Painted,Yes,3,Auto-rickshaw;Truck;Truck,2.6,No,45,Partial,Yes,Yes,No,45,Braking,Human Error,Fixed-object,Front,1,1192,Peak,28.5,43.6,0,0,0,Minor,Low
PK-2024-00846,2024-07-26,21:59,KPK,Mardan,Highway,34.2214,71.1462,Rain,46,29.2,5.7,Street-lit,Dry,Asphalt,2,80,Gentle,Flat,Physical,No,1,Car,3.3,No,43,No,Not Applicable,No,No,95,Swerving,Human Error,Multi-vehicle pileup,Side,1,458,Off-peak,41.7,49.7,3,3,1,Severe,Critical
PK-2024-00847,2024-06-16,09:00,Balochistan,Khuzdar,Rural,28.0407,65.8658,Clear,396,36.8,10.5,Street-lit,Construction,Asphalt,3,60,Sharp,Flat,Physical,Yes,2,Motorcycle;Truck,18.3,No,17,No,Not Applicable,No,Yes,65,None,Overloading,Fixed-object,Front,2,501,Peak,11.5,16.4,0,2,2,Moderate,Medium
PK-2024-00848,2024-12-19,03:35,Sindh,Nawabshah,Residential,25.0956,69.4034,Fog,434,21.2,3.5,Daylight,Potholed,Asphalt,2,40,Gentle,Flat,Physical,Yes,2,Car;Motorcycle,7.4,No,16,Yes,No,No,No,60,None,Human Error,Head-on,Front,1,897,Off-peak,2.0,10.8,0,2,3,Severe,High
PK-2024-00849,2024-02-09,01:34,Sindh,Sukkur,Urban,25.0659,67.5691,Clear,93,31.0,24.0,Dawn-Dusk,Potholed,Asphalt,2,30,Gentle,Flat,Physical,No,4,Bus;Motorcycle;Auto-rickshaw;Motorcycle,16.5,No,33,No,Yes,No,No,60,Braking,Speeding,Head-on,Front,1,1268,Off-peak,5.8,13.1,0,2,2,Moderate,High
PK-2024-00850,2024-03-04,02:46,Punjab,Multan,Rural,30.1369,72.0342,Clear,44,22.9,19.8,Daylight,Dry,Asphalt,4,80,Sharp,Downhill,Painted,Yes,3,Car;Car;Motorcycle,6.5,No,39,Yes,Yes,No,Unknown,75,Swerving,Animal Crossing,Head-on,Front,1,337,Peak,14.6,17.8,0,2,2,Moderate,Medium
PK-2024-00851,2024-10-14,09:10,Punjab,Bahawalpur,Urban,31.9711,74.6359,Cloudy,219,25.9,15.0,Daylight,Potholed,Asphalt,1,80,Gentle,Uphill,Physical,No,2,Car;Car,12.1,No,28,No,Yes,No,No,90,Swerving,Animal Crossing,Side-swipe,Rear,2,310,Off-peak,7.0,11.7,0,0,2,Minor,Low
PK-2024-00852,2024-08-08,09:10,Sindh,Hyderabad,Urban,24.6511,69.3854,Cloudy,367,23.6,5.3,Street-lit,Icy,Asphalt,2,100,Sharp,Flat,Physical,Yes,1,Motorcycle,17.5,No,33,Yes,Not Applicable,No,No,100,None,Overloading,Side-swipe,Side,1,451,Off-peak,3.9,6.8,0,1,2,Moderate,Medium
PK-2024-00853,2024-01-17,12:05,Punjab,Bahawalpur,Highway,31.0007,72.6543,Clear,72,45.3,4.5,Unlit,Dry,Gravel,2,50,Straight,Flat,Physical,Yes,2,Motorcycle;Car,10.5,No,26,Partial,Yes,No,No,90,Swerving,Human Error,Rear-end,Roof,1,1473,Peak,30.3,41.0,1,1,4,Severe,High
PK-2024-00854,2024-09-05,15:55,Punjab,Rawalpindi,Urban,32.1199,72.9351,Haze,55,33.0,13.1,Unlit,Wet,Gravel,2,50,Sharp,Flat,Physical,Yes,2,Motorcycle;Motorcycle,6.7,Yes,35,Yes,Yes,No,No,80,None,Human Error,Fixed-object,Front,2,1121,Off-peak,3.2,6.5,3,3,3,Severe,Critical
PK-2024-00855,2024-01-16,00:24,Punjab,Faisalabad,Rural,30.1472,72.1404,Heavy Rain,65,32.2,7.6,Dawn-Dusk,Dry,Asphalt,2,80,Gentle,Uphill,None,No,4,Motorcycle;Motorcycle;Car;Motorcycle,18.9,No,18,Partial,Yes,Yes,No,120,None,Wrong Side,Fixed-object,Rear,1,508,Off-peak,3.1,12.5,1,3,1,Severe,Critical
PK-2024-00856,2024-12-12,00:25,Islamabad,Islamabad,Highway,33.1787,71.9503,Cloudy,774,36.1,2.3,Unlit,Dry,Concrete,4,100,Gentle,Downhill,None,Yes,4,Bicycle;Truck;Car;Motorcycle,17.6,No,46,No,Yes,No,No,100,None,Signal Violation,Rollover,Side,2,238,Peak,11.3,15.2,1,4,1,Total,Critical
PK-2024-00857,2024-11-07,01:51,Islamabad,Islamabad,Rural,34.7031,74.3912,Clear,1076,35.6,1.0,Dawn-Dusk,Potholed,Asphalt,4,60,Sharp,Downhill,Physical,No,2,Motorcycle;Bicycle,9.9,No,20,Yes,Yes,No,No,90,Braking,Speeding,Side-swipe,Rear,1,471,Off-peak,11.2,15.5,1,2,2,Severe,High
PK-2024-00858,2024-01-18,13:48,KPK,Swat,Rural,33.5634,70.2481,Clear,1117,23.0,7.1,Daylight,Flooding,Gravel,2,50,Gentle,Downhill,Painted,No,3,Bus;Bus;Bicycle,15.7,No,39,No,Partial,No,No,55,None,Speeding,Rollover,Front,1,1416,Peak,22.2,30.5,3,2,3,Total,Critical
PK-2024-00859,2024-12-08,09:38,Punjab,Lahore,Urban,30.0454,73.4362,Haze,594,23.8,0.4,Daylight,Construction,Concrete,2,50,Gentle,Downhill,Physical,Yes,2,Motorcycle;Motorcycle,4.7,Yes,36,Yes,Yes,No,No,80,None,Overloading,Rollover,Front,1,1901,Off-peak,6.2,8.8,1,3,3,Severe,High
PK-2024-00860,2024-10-05,05:00,KPK,Swat,Residential,33.1925,70.4226,Rain,227,16.7,8.7,Street-lit,Icy,Asphalt,2,50,Straight,Flat,Painted,Yes,2,Truck;Motorcycle,17.6,No,51,Yes,Yes,Yes,No,80,Braking,Speeding,Pedestrian,Side,1,972,Peak,14.4,20.8,1,2,4,Moderate,High
PK-2024-00861,2024-06-25,18:27,Islamabad,Islamabad,Rural,33.5664,71.6289,Clear,45,34.7,3.4,Tunnel,Dry,Gravel,4,60,Sharp,Flat,None,No,3,Motorcycle;Motorcycle;Auto-rickshaw,19.7,Yes,43,Partial,No,Yes,Yes,70,None,Speeding,Rear-end,Rear,2,1890,Off-peak,14.4,22.7,0,2,2,Severe,High
PK-2024-00862,2024-11-09,05:59,Balochistan,Quetta,Highway,29.605,65.8492,Fog,402,29.6,15.6,Unlit,Construction,Asphalt,2,50,Straight,Downhill,None,Yes,2,Motorcycle;Motorcycle,9.0,No,34,Yes,Yes,No,No,50,None,Speeding,Fixed-object,Front,2,1413,Peak,32.4,48.4,1,2,2,Severe,High
PK-2024-00863,2024-09-01,02:09,Sindh,Hyderabad,Highway,24.7576,68.9045,Clear,180,37.5,14.8,Tunnel,Dry,Asphalt,1,40,Straight,Flat,Physical,Yes,3,Car;Truck;Motorcycle,7.5,No,46,No,Yes,Yes,No,50,Braking,Weather,Rear-end,Side,2,1442,Peak,26.3,32.6,0,0,2,Minor,Low
PK-2024-00864,2024-05-27,08:45,Punjab,Faisalabad,Highway,31.6301,74.8723,Cloudy,545,32.1,10.8,Dawn-Dusk,Dry,Concrete,4,50,Hairpin,Downhill,Painted,Yes,4,Motorcycle;Motorcycle;Motorcycle;Car,4.4,No,29,Yes,No,No,No,55,None,Wrong Side,Side-swipe,Front,1,273,Off-peak,5.9,14.8,0,0,0,None,Low
PK-2024-00865,2024-01-10,03:04,Punjab,Faisalabad,Rural,31.0554,74.7497,Clear,239,24.0,22.3,Street-lit,Muddy,Asphalt,4,110,Gentle,Flat,Physical,No,2,Motorcycle;Car,12.5,No,34,Partial,Yes,No,Unknown,100,Braking,Mechanical Failure,Side-swipe,Front,1,1178,Off-peak,19.1,23.7,0,0,2,Moderate,Medium
PK-2024-00866,2024-01-05,07:10,Balochistan,Gwadar,Rural,30.2169,65.8351,Heavy Rain,257,32.5,5.9,Daylight,Dry,Gravel,2,40,Straight,Flat,Physical,Yes,2,Car;Car,17.8,No,33,No,No,No,Unknown,45,Swerving,Human Error,Pedestrian,Side,1,947,Off-peak,1.4,9.8,0,0,0,Minor,Low
PK-2024-00867,2024-03-16,11:10,Punjab,Multan,Highway,30.8957,73.6946,Heavy Rain,176,37.8,5.6,Daylight,Wet,Asphalt,4,60,Gentle,Flat,None,No,3,Car;Bus;Auto-rickshaw,20.0,No,29,Yes,Yes,No,Unknown,80,None,Wrong Side,Fixed-object,Side,1,345,Off-peak,47.9,62.1,0,1,2,Severe,High
PK-2024-00868,2024-12-15,07:51,KPK,Swat,Highway,33.6639,71.8665,Clear,163,42.1,5.8,Unlit,Flooding,Gravel,1,30,Hairpin,Downhill,Painted,Yes,3,Motorcycle;Motorcycle;Bus,4.0,No,30,Yes,No,Yes,No,40,Swerving,Speeding,Fixed-object,Front,1,229,Peak,5.2,11.4,0,2,3,Moderate,High
PK-2024-00869,2024-01-26,01:03,Punjab,Gujranwala,Residential,31.5577,73.2341,Heavy Rain,198,27.0,5.9,Street-lit,Construction,Gravel,1,50,Sharp,Uphill,Physical,Yes,3,Motorcycle;Auto-rickshaw;Bicycle,3.4,No,48,Yes,Yes,No,No,50,Swerving,Signal Violation,Fixed-object,Rear,1,443,Off-peak,11.1,12.6,0,0,3,Moderate,Medium
PK-2024-00870,2024-04-22,08:34,Sindh,Nawabshah,Rural,24.2754,67.6744,Clear,82,41.5,25.3,Unlit,Muddy,Asphalt,3,50,Sharp,Downhill,Painted,Yes,2,Motorcycle;Truck,12.2,No,32,No,No,No,No,55,Braking,Mechanical Failure,Side-swipe,Rear,1,348,Peak,6.4,13.0,1,3,3,Moderate,High
PK-2024-00871,2024-01-15,17:26,Sindh,Karachi,Highway,24.5408,66.8236,Cloudy,188,23.8,6.5,Unlit,Dry,Gravel,4,30,Sharp,Flat,Painted,Yes,3,Motorcycle;Bus;Bicycle,7.0,No,27,No,Yes,No,No,60,None,Human Error,Rear-end,Front,2,1269,Off-peak,8.9,20.8,0,0,3,Moderate,Medium
PK-2024-00872,2024-07-28,14:51,Punjab,Multan,Urban,30.8742,72.8234,Clear,80,39.9,25.4,Unlit,Wet,Dirt,4,60,Gentle,Flat,Physical,No,3,Car;Truck;Car,4.2,No,54,Yes,Not Applicable,No,No,90,None,Human Error,Head-on,Side,3,1314,Off-peak,16.7,30.0,1,3,1,Severe,Critical
PK-2024-00873,2024-02-13,07:49,Punjab,Bahawalpur,Highway,30.2782,73.5181,Cloudy,501,32.7,2.7,Dawn-Dusk,Icy,Asphalt,2,80,Gentle,Flat,Physical,Yes,3,Car;Car;Bus,15.9,No,20,Yes,No,No,No,100,None,Mobile Phone,Rear-end,Front,1,1618,Off-peak,14.1,20.3,0,3,3,Severe,High
PK-2024-00874,2024-10-28,19:06,Punjab,Bahawalpur,Rural,30.8065,72.402,Cloudy,193,30.2,15.1,Tunnel,Dry,Concrete,1,50,Sharp,Flat,Physical,Yes,2,Car;Truck,7.4,No,34,No,Yes,No,Unknown,65,None,Mechanical Failure,Side-swipe,Front,1,1659,Off-peak,29.2,45.7,0,0,0,None,Low
PK-2024-00875,2024-10-19,15:15,Punjab,Sargodha,Urban,29.8035,73.2152,Clear,587,27.2,14.6,Unlit,Potholed,Gravel,2,80,Gentle,Downhill,Physical,No,3,Motorcycle;Car;Truck,6.7,No,24,Yes,No,No,No,80,Swerving,Human Error,Fixed-object,Side,1,931,Peak,0.6,5.0,0,1,1,Moderate,Medium
PK-2024-00876,2024-04-07,23:15,Balochistan,Gwadar,Rural,29.4508,67.9086,Rain,423,25.0,14.1,Street-lit,Dry,Asphalt,3,60,Sharp,Flat,None,Yes,2,Car;Motorcycle,17.4,No,32,No,Not Applicable,No,No,80,Braking,Human Error,Rear-end,Side,1,89,Off-peak,13.6,21.8,0,0,1,None,Low
PK-2024-00877,2024-11-08,01:14,Punjab,Sargodha,Rural,32.487,74.2492,Cloudy,55,30.9,5.7,Unlit,Potholed,Asphalt,4,100,Straight,Flat,Painted,No,2,Motorcycle;Truck,3.6,Yes,34,Partial,Partial,Yes,Unknown,120,Swerving,Signal Violation,Rear-end,Front,2,1196,Peak,1.6,11.0,1,4,1,Total,Critical
PK-2024-00878,2024-10-25,07:46,Punjab,Sialkot,Rural,31.9932,74.9255,Clear,148,28.3,12.9,Daylight,Dry,Asphalt,2,30,Gentle,Flat,Painted,No,2,Motorcycle;Auto-rickshaw,7.6,Yes,34,No,No,No,No,20,None,Speeding,Rear-end,Roof,1,830,Off-peak,0.5,7.6,0,0,0,Minor,Low
PK-2024-00879,2024-12-10,07:56,KPK,Mardan,Urban,32.2406,70.8613,Rain,1012,23.9,2.0,Daylight,Dry,Dirt,3,50,Straight,Uphill,Physical,Yes,1,Car,12.9,No,34,Yes,Yes,No,No,55,None,Animal Crossing,Head-on,Side,2,434,Peak,2.4,7.9,0,0,0,Minor,Low
PK-2024-00880,2024-02-12,17:06,Punjab,Faisalabad,Rural,30.8478,74.951,Rain,642,40.6,9.4,Unlit,Wet,Asphalt,3,100,Straight,Downhill,Physical,Yes,4,Car;Bicycle;Motorcycle;Bus,6.9,No,51,No,No,No,No,90,None,Signal Violation,Rear-end,Front,2,831,Off-peak,2.9,10.6,1,3,2,Total,Critical
PK-2024-00881,2024-05-02,21:14,Punjab,Bahawalpur,Residential,32.2033,72.6894,Clear,159,38.3,9.9,Street-lit,Potholed,Asphalt,1,120,Straight,Uphill,Physical,No,2,Bicycle;Truck,4.8,No,16,No,Yes,No,No,125,None,Overloading,Fixed-object,Front,1,1094,Peak,4.9,9.9,0,2,3,Moderate,High
PK-2024-00882,2024-01-13,19:23,Punjab,Multan,Rural,30.6954,72.2183,Rain,85,32.6,29.5,Street-lit,Dry,Asphalt,2,80,Gentle,Flat,None,Yes,2,Motorcycle;Car,19.4,No,64,Yes,No,No,No,120,None,Wrong Side,Side-swipe,Front,1,1140,Peak,2.4,11.1,2,3,1,Total,Critical
PK-2024-00883,2024-07-22,18:17,Sindh,Hyderabad,Urban,25.7957,66.7055,Haze,489,35.1,7.7,Daylight,Construction,Dirt,3,80,Gentle,Downhill,Painted,Yes,1,Car,2.7,No,25,Partial,Partial,No,No,70,Braking,Mechanical Failure,Side-swipe,Side,1,1842,Peak,11.2,18.6,0,0,2,Minor,Low