incident_id,date,time,province,district,road_type,latitude,longitude,weather,visibility_meters,temperature_c,wind_speed_kmh,lighting,road_condition,surface_material,number_of_lanes,speed_limit_kmh,road_curvature,road_gradient,median_type,shoulder_available,num_vehicles,vehicle_types,vehicle_avg_age_years,overloading_detected,driver_age,helmet_usage,seatbelt_usage,mobile_phone_suspected,alcohol_drug_suspected,speed_at_impact_kmh,evasive_action,accident_cause,collision_type,impact_point,num_collisions,traffic_volume_per_hour,peak_off_peak,distance_to_hospital_km,expected_response_min,fatalities,serious_injuries,minor_injuries,property_damage_level,severity
PK-2024-00884,2024-05-06,21:48,Islamabad,Islamabad,Rural,33.5468,71.6251,Haze,77,20.6,2.7,Unlit,Wet,Asphalt,4,100,Straight,Downhill,Physical,No,2,Auto-rickshaw;Motorcycle,17.0,No,56,Yes,Not Applicable,No,No,95,None,Speeding,Rear-end,Rear,1,183,Peak,17.7,22.3,1,3,3,Total,Critical
PK-2024-00885,2024-06-04,15:57,Punjab,Faisalabad,Rural,32.015,73.4689,Haze,144,16.6,1.2,Street-lit,Potholed,Concrete,3,60,Straight,Flat,None,Yes,2,Car;Auto-rickshaw,4.1,No,36,No,No,No,No,100,Braking,Animal Crossing,Rear-end,Front,1,828,Off-peak,1.0,8.8,0,2,3,Severe,High
PK-2024-00886,2024-01-27,00:57,Punjab,Sargodha,Residential,32.3233,72.8301,Heavy Rain,90,50.0,12.5,Tunnel,Dry,Gravel,4,120,Straight,Uphill,Physical,No,2,Auto-rickshaw;Car,11.2,Yes,48,No,No,No,No,130,Swerving,Weather,Rollover,Side,2,1630,Off-peak,36.5,49.5,1,2,1,Severe,Critical
PK-2024-00887,2024-05-15,14:57,Balochistan,Quetta,Residential,29.8363,67.859,Rain,297,22.7,2.0,Street-lit,Muddy,Asphalt,4,110,Straight,Flat,Painted,No,4,Truck;Auto-rickshaw;Motorcycle;Truck,3.4,Yes,37,Partial,No,No,No,125,Braking,Mobile Phone,Head-on,Side,3,1586,Off-peak,4.3,9.9,1,4,1,Severe,Critical
PK-2024-00888,2024-10-18,04:03,KPK,Swat,Urban,33.2025,70.2703,Clear,68,31.2,10.4,Street-lit,Flooding,Asphalt,3,50,Straight,Flat,Painted,Yes,3,Auto-rickshaw;Motorcycle;Bus,4.8,Yes,52,Yes,Not Applicable,No,No,45,None,Human Error,Head-on,Rear,2,1832,Off-peak,37.8,48.3,1,2,3,Moderate,High
PK-2024-00889,2024-10-28,21:55,Punjab,Sialkot,Residential,31.4912,74.1572,Clear,451,42.4,7.2,Unlit,Wet,Asphalt,1,60,Straight,Downhill,None,No,3,Truck;Auto-rickshaw;Motorcycle,3.6,No,35,No,Not Applicable,No,No,60,Swerving,Weather,Rollover,Side,1,720,Off-peak,11.8,17.0,0,0,1,Minor,Low
PK-2024-00890,2024-02-24,03:07,Punjab,Multan,Urban,31.5859,72.9334,Rain,203,32.7,4.0,Street-lit,Dry,Concrete,2,60,Straight,Downhill,Painted,Yes,2,Bicycle;Motorcycle,10.3,No,25,No,Not Applicable,No,Yes,90,Braking,Animal Crossing,Head-on,Front,1,1734,Peak,2.1,8.6,0,2,4,Severe,High
PK-2024-00891,2024-05-11,10:18,Punjab,Faisalabad,Highway,32.1158,74.7264,Haze,697,34.6,25.9,Daylight,Wet,Concrete,4,50,Straight,Downhill,Painted,Yes,1,Truck,15.4,Yes,44,Partial,Partial,No,No,60,None,Signal Violation,Rear-end,Side,2,1498,Off-peak,39.2,51.3,0,0,1,Moderate,Medium
PK-2024-00892,2024-07-23,11:34,Punjab,Gujranwala,Urban,31.373,72.5423,Cloudy,184,27.3,46.1,Daylight,Dry,Asphalt,3,80,Straight,Flat,Physical,Yes,1,Bicycle,4.2,No,36,Partial,No,No,No,90,None,Wrong Side,Multi-vehicle pileup,Roof,2,1888,Off-peak,4.1,9.7,2,4,1,Severe,Critical
PK-2024-00893,2024-12-05,08:49,KPK,Dera Ismail Khan,Residential,34.5063,72.7294,Clear,129,20.2,3.5,Street-lit,Flooding,Asphalt,2,30,Straight,Downhill,Physical,Yes,2,Bus;Car,9.1,No,29,No,Not Applicable,No,No,40,None,Human Error,Rear-end,Side,1,1921,Off-peak,5.3,11.4,0,0,1,Minor,Low
PK-2024-00894,2024-10-03,22:27,Punjab,Multan,Urban,31.4334,73.4012,Rain,625,36.0,6.3,Street-lit,Muddy,Asphalt,2,110,Straight,Downhill,Physical,Yes,3,Truck;Auto-rickshaw;Bus,10.1,No,22,No,Yes,No,No,115,Swerving,Drunk Driving,Head-on,Front,1,1984,Peak,3.1,10.6,1,4,3,Total,Critical
PK-2024-00895,2024-02-27,10:44,Punjab,Lahore,Urban,30.5438,72.5133,Rain,113,8.9,19.7,Daylight,Dry,Dirt,2,50,Gentle,Flat,Painted,Yes,4,Truck;Car;Car;Auto-rickshaw,5.5,Yes,19,Partial,Yes,No,No,45,Swerving,Human Error,Rollover,Side,2,1863,Off-peak,2.0,11.2,0,1,1,Moderate,Medium
PK-2024-00896,2024-01-06,21:25,KPK,Peshawar,Urban,34.0607,70.2119,Rain,427,29.2,24.9,Tunnel,Dry,Asphalt,3,80,Straight,Uphill,Painted,No,4,Motorcycle;Bus;Truck;Truck,13.5,Yes,41,No,Not Applicable,No,No,120,Braking,Signal Violation,Rear-end,Front,1,596,Off-peak,22.6,28.7,0,3,2,Severe,High
PK-2024-00897,2024-12-20,21:01,Punjab,Lahore,Highway,32.3805,73.4279,Cloudy,422,20.6,5.4,Unlit,Dry,Asphalt,2,30,Sharp,Downhill,None,No,2,Auto-rickshaw;Motorcycle,5.8,No,24,No,Not Applicable,No,Unknown,35,Swerving,Signal Violation,Rear-end,Front,1,548,Off-peak,2.0,10.8,0,0,2,None,Low
PK-2024-00898,2024-03-09,02:29,KPK,Abbottabad,Urban,33.2431,72.1396,Fog,1113,31.5,4.6,Dawn-Dusk,Wet,Asphalt,2,50,Gentle,Uphill,Painted,Yes,2,Motorcycle;Car,10.9,No,43,No,No,Yes,No,45,Braking,Human Error,Rear-end,Front,1,794,Peak,33.8,44.0,0,0,0,Minor,Low
PK-2024-00899,2024-02-05,06:49,Punjab,Multan,Residential,29.9176,73.6167,Haze,234,23.3,15.8,Street-lit,Muddy,Asphalt,3,80,Gentle,Flat,Physical,Yes,2,Car;Motorcycle,13.4,Yes,42,Partial,Not Applicable,No,No,90,Swerving,Signal Violation,Multi-vehicle pileup,Front,1,1051,Off-peak,9.2,17.9,3,4,2,Total,Critical
PK-2024-00900,2024-03-27,16:08,Balochistan,Turbat,Urban,28.6708,67.8151,Clear,856,41.5,54.5,Daylight,Potholed,Asphalt,6,60,Straight,Flat,Physical,Yes,2,Motorcycle;Car,10.2,No,37,Yes,No,No,No,65,Braking,Weather,Side-swipe,Rear,1,1814,Off-peak,14.4,22.0,0,0,1,None,Low
PK-2024-00901,2024-12-25,23:19,Sindh,Larkana,Rural,26.7599,68.1339,Dust Storm,169,33.5,5.7,Street-lit,Dry,Concrete,4,80,Sharp,Flat,Physical,No,2,Car;Car,5.5,No,42,No,Not Applicable,No,No,80,Swerving,Mechanical Failure,Pedestrian,Side,1,335,Off-peak,2.3,5.1,0,2,2,Severe,High
PK-2024-00902,2024-11-09,21:02,Punjab,Sargodha,Residential,30.8552,74.2964,Haze,346,35.9,7.6,Daylight,Muddy,Asphalt,4,40,Straight,Flat,Physical,No,3,Truck;Motorcycle;Truck,2.7,No,38,Partial,Yes,No,No,55,None,Weather,Pedestrian,Side,1,1180,Peak,14.6,21.2,0,2,2,Minor,Medium
PK-2024-00903,2024-09-25,14:30,Islamabad,Islamabad,Highway,32.8797,72.8919,Fog,176,16.6,3.7,Daylight,Muddy,Asphalt,2,60,Gentle,Downhill,Physical,No,3,Motorcycle;Car;Car,12.5,No,26,Yes,Yes,No,No,60,Braking,Mechanical Failure,Side-swipe,Front,2,1870,Off-peak,5.3,15.6,0,1,2,Moderate,Medium
PK-2024-00904,2024-02-03,21:52,Sindh,Hyderabad,Rural,26.435,66.9164,Cloudy,57,20.9,22.5,Street-lit,Icy,Asphalt,2,30,Sharp,Downhill,None,Yes,3,Motorcycle;Motorcycle;Bicycle,10.0,No,34,Yes,No,No,No,25,None,Wrong Side,Rear-end,Roof,2,1130,Off-peak,8.6,16.7,0,1,2,Moderate,Medium
PK-2024-00905,2024-09-03,01:29,Punjab,Sialkot,Highway,32.1094,72.2665,Cloudy,835,35.3,2.2,Street-lit,Construction,Concrete,2,50,Gentle,Flat,Physical,No,5,Car;Car;Motorcycle;Truck;Motorcycle,13.0,No,32,Yes,Yes,No,Unknown,45,Braking,Human Error,Pedestrian,Roof,2,337,Off-peak,3.1,6.4,0,0,2,Minor,Low
PK-2024-00906,2024-09-09,17:34,KPK,Abbottabad,Highway,34.4832,72.559,Clear,105,20.9,11.8,Unlit,Dry,Concrete,2,40,Hairpin,Flat,Physical,No,4,Motorcycle;Car;Motorcycle;Truck,13.7,No,46,Yes,Yes,No,No,55,None,Weather,Side-swipe,Side,1,876,Peak,47.6,64.8,0,0,1,Minor,Low
PK-2024-00907,2024-09-10,23:04,Punjab,Sargodha,Rural,30.9997,73.4909,Cloudy,116,30.5,34.1,Dawn-Dusk,Construction,Asphalt,3,110,Gentle,Uphill,Painted,No,2,Motorcycle;Car,11.6,No,33,No,No,No,No,110,Swerving,Human Error,Rear-end,Front,1,331,Peak,15.8,23.2,2,4,1,Total,Critical
PK-2024-00908,2024-12-03,01:55,Punjab,Gujranwala,Rural,31.109,72.3963,Rain,100,31.9,16.6,Daylight,Flooding,Asphalt,3,110,Straight,Flat,Painted,No,5,Motorcycle;Auto-rickshaw;Motorcycle;Bicycle;Motorcycle,6.8,No,29,No,Yes,No,Unknown,120,Swerving,Mobile Phone,Head-on,Front,1,409,Peak,8.1,14.4,2,3,2,Total,Critical
PK-2024-00909,2024-06-18,12:23,KPK,Dera Ismail Khan,Rural,34.9461,70.7055,Cloudy,711,35.3,6.1,Street-lit,Wet,Concrete,4,50,Gentle,Downhill,Physical,No,2,Car;Motorcycle,6.1,No,19,Yes,Not Applicable,No,No,50,None,Overloading,Head-on,Rear,1,196,Peak,0.7,4.8,0,2,1,Moderate,Medium
PK-2024-00910,2024-12-28,06:29,Sindh,Larkana,Rural,26.112,67.4297,Clear,236,38.3,0.6,Street-lit,Potholed,Asphalt,2,60,Straight,Downhill,None,Yes,2,Motorcycle;Car,10.1,No,26,Yes,No,No,No,60,Swerving,Speeding,Side-swipe,Side,1,1238,Peak,23.2,31.3,0,0,1,Minor,Low
PK-2024-00911,2024-02-05,01:02,Islamabad,Islamabad,Urban,32.8605,71.5211,Rain,187,33.0,3.4,Unlit,Potholed,Asphalt,2,50,Gentle,Flat,None,Yes,2,Truck;Bicycle,11.5,No,47,No,No,No,No,55,None,Signal Violation,Rollover,Side,1,230,Off-peak,3.7,11.2,1,4,2,Severe,Critical
PK-2024-00912,2024-07-23,10:24,Punjab,Rawalpindi,Urban,29.6908,74.147,Dust Storm,151,13.6,1.8,Street-lit,Muddy,Asphalt,2,50,Gentle,Flat,Painted,Yes,2,Car;Car,6.0,No,35,Yes,Yes,No,No,70,Braking,Human Error,Side-swipe,Rear,2,307,Off-peak,8.2,12.9,0,0,1,Moderate,Medium
PK-2024-00913,2024-01-09,07:57,Punjab,Sialkot,Highway,30.8068,72.1313,Haze,528,32.9,18.1,Street-lit,Wet,Asphalt,2,100,Straight,Downhill,None,No,5,Bicycle;Car;Motorcycle;Bicycle;Car,2.7,Yes,21,No,Not Applicable,No,No,140,Braking,Signal Violation,Head-on,Rear,2,1687,Off-peak,5.9,12.2,1,4,3,Total,Critical
PK-2024-00914,2024-11-26,09:23,Punjab,Bahawalpur,Rural,32.3339,72.7738,Cloudy,919,27.5,3.6,Daylight,Construction,Asphalt,1,110,Straight,Uphill,Painted,Yes,2,Auto-rickshaw;Car,5.6,No,38,No,No,No,No,110,None,Weather,Rollover,Front,1,1483,Peak,3.9,9.0,0,3,2,Moderate,High
PK-2024-00915,2024-11-03,19:17,Sindh,Nawabshah,Residential,24.6578,68.5568,Haze,1108,35.7,11.9,Street-lit,Icy,Asphalt,3,110,Gentle,Flat,Painted,No,2,Bicycle;Truck,4.4,No,16,Partial,Not Applicable,Yes,No,110,None,Human Error,Side-swipe,Side,3,587,Peak,33.3,44.0,0,2,4,Severe,High
PK-2024-00916,2024-02-22,06:28,Balochistan,Khuzdar,Rural,27.888,67.4424,Clear,30,26.3,14.7,Street-lit,Potholed,Concrete,3,30,Straight,Flat,None,No,3,Car;Car;Motorcycle,5.0,Yes,33,Yes,No,No,No,40,Swerving,Speeding,Head-on,Side,1,849,Peak,13.8,15.8,0,2,2,Severe,High
PK-2024-00917,2024-10-14,10:28,Punjab,Bahawalpur,Rural,29.879,73.5829,Fog,92,25.5,5.7,Daylight,Dry,Asphalt,1,100,Hairpin,Downhill,Painted,Yes,2,Motorcycle;Bus,6.6,No,39,No,Partial,No,No,120,None,Overloading,Multi-vehicle pileup,Side,3,579,Off-peak,6.1,14.1,3,3,3,Total,Critical
PK-2024-00918,2024-05-24,12:59,Sindh,Nawabshah,Residential,24.0536,67.6315,Dust Storm,164,35.5,2.2,Daylight,Dry,Asphalt,2,60,Hairpin,Downhill,Painted,Yes,2,Motorcycle;Motorcycle,18.3,No,35,Partial,No,No,No,90,Braking,Mobile Phone,Fixed-object,Front,1,1682,Peak,12.3,21.5,2,2,3,Total,Critical
PK-2024-00919,2024-07-07,03:41,Punjab,Multan,Residential,32.1699,74.9281,Heavy Rain,20,29.4,37.0,Unlit,Dry,Asphalt,4,40,Gentle,Uphill,None,Yes,2,Car;Motorcycle,19.4,No,27,Yes,Not Applicable,No,No,40,Swerving,Wrong Side,Rear-end,Side,1,410,Peak,0.9,7.1,0,0,1,Minor,Low
PK-2024-00920,2024-02-27,16:32,Balochistan,Khuzdar,Rural,29.109,66.4275,Clear,772,35.5,32.9,Street-lit,Dry,Concrete,4,80,Straight,Uphill,Painted,No,2,Auto-rickshaw;Motorcycle,3.0,No,39,Yes,Yes,Yes,No,95,Swerving,Wrong Side,Pedestrian,Side,1,1175,Off-peak,4.2,8.2,0,0,1,Minor,Medium
PK-2024-00921,2024-07-14,10:53,Punjab,Bahawalpur,Urban,31.9025,73.5814,Dust Storm,74,28.2,11.5,Street-lit,Muddy,Gravel,3,60,Hairpin,Flat,Physical,No,2,Motorcycle;Motorcycle,7.2,No,37,No,Yes,Yes,No,60,None,Wrong Side,Rear-end,Side,2,209,Off-peak,16.0,27.5,3,3,3,Total,Critical
PK-2024-00922,2024-09-13,14:49,Punjab,Gujranwala,Urban,29.8404,72.1861,Cloudy,20,40.8,2.6,Unlit,Wet,Gravel,2,50,Gentle,Flat,Physical,Yes,2,Truck;Motorcycle,2.5,No,28,Yes,Not Applicable,No,No,65,None,Wrong Side,Rollover,Front,1,1890,Off-peak,5.9,11.2,0,3,4,Moderate,High
PK-2024-00923,2024-03-15,13:44,Punjab,Multan,Rural,31.3221,73.0829,Rain,636,28.0,29.2,Daylight,Dry,Asphalt,4,50,Gentle,Uphill,None,Yes,2,Motorcycle;Motorcycle,5.6,No,31,No,Partial,No,No,90,Braking,Mobile Phone,Side-swipe,Side,1,66,Peak,5.6,12.3,0,2,2,Severe,High
PK-2024-00924,2024-05-07,04:12,Punjab,Sargodha,Rural,31.3092,73.8924,Clear,1190,35.3,19.3,Street-lit,Dry,Concrete,6,60,Sharp,Flat,Physical,Yes,3,Auto-rickshaw;Bicycle;Auto-rickshaw,7.3,No,47,No,Not Applicable,No,No,75,Swerving,Speeding,Rear-end,Side,3,1836,Peak,41.7,52.5,0,0,2,Minor,Medium
PK-2024-00925,2024-04-07,09:02,Punjab,Lahore,Rural,30.3428,74.1723,Dust Storm,307,33.7,5.1,Daylight,Potholed,Asphalt,3,60,Straight,Flat,Physical,Yes,2,Bus;Truck,14.3,No,25,Yes,Yes,No,No,65,None,Signal Violation,Rear-end,Front,2,985,Off-peak,23.4,37.5,0,0,3,Moderate,Medium
PK-2024-00926,2024-11-18,21:01,KPK,Peshawar,Highway,32.4544,72.113,Clear,296,30.2,3.8,Unlit,Dry,Asphalt,6,30,Gentle,Flat,Physical,No,1,Motorcycle,2.0,No,16,No,No,No,No,60,Swerving,Mobile Phone,Side-swipe,Rear,1,1339,Off-peak,14.9,24.0,0,2,3,Minor,Medium
PK-2024-00927,2024-04-10,12:35,KPK,Dera Ismail Khan,Highway,33.5028,71.3216,Fog,59,27.2,29.8,Daylight,Dry,Concrete,2,40,Straight,Downhill,None,No,3,Motorcycle;Motorcycle;Car,10.3,No,43,Yes,Partial,No,No,55,None,Drunk Driving,Multi-vehicle pileup,Front,1,1585,Off-peak,12.7,15.2,1,2,3,Total,Critical
PK-2024-00928,2024-03-25,20:12,Punjab,Bahawalpur,Highway,29.9041,72.5985,Rain,88,39.8,0.2,Daylight,Icy,Dirt,4,120,Gentle,Flat,Physical,Yes,1,Motorcycle,9.0,No,23,No,Not Applicable,No,No,130,None,Animal Crossing,Pedestrian,Side,1,1466,Off-peak,9.6,14.8,1,3,3,Total,Critical
PK-2024-00929,2024-12-07,14:36,Sindh,Sukkur,Urban,25.581,69.4072,Clear,57,26.4,8.1,Daylight,Dry,Asphalt,4,40,Straight,Flat,Physical,No,3,Motorcycle;Auto-rickshaw;Motorcycle,4.3,No,40,Yes,Yes,No,No,40,None,Speeding,Head-on,Side,1,1617,Peak,12.0,15.7,0,0,1,Minor,Low
PK-2024-00930,2024-12-13,20:52,Sindh,Nawabshah,Rural,25.5317,68.3669,Haze,358,29.4,35.0,Dawn-Dusk,Muddy,Dirt,4,60,Sharp,Uphill,Painted,No,3,Auto-rickshaw;Motorcycle;Truck,12.2,No,16,No,Yes,No,No,70,Swerving,Speeding,Rollover,Rear,2,94,Off-peak,37.4,52.5,2,3,2,Total,Critical
PK-2024-00931,2024-07-04,10:35,Balochistan,Quetta,Urban,29.7316,65.5436,Cloudy,468,20.5,14.2,Daylight,Icy,Asphalt,2,40,Straight,Flat,Physical,Yes,3,Car;Car;Bicycle,19.9,No,61,No,No,No,No,40,Swerving,Overloading,Side-swipe,Rear,2,990,Peak,2.3,8.5,0,0,2,None,Low
PK-2024-00932,2024-09-01,08:12,KPK,Dera Ismail Khan,Rural,32.9686,70.9715,Rain,895,43.4,0.5,Street-lit,Potholed,Asphalt,2,110,Sharp,Downhill,Physical,Yes,2,Bus;Bus,7.7,No,45,Yes,Not Applicable,No,No,120,None,Human Error,Rear-end,Side,1,955,Peak,0.5,4.9,0,1,1,Moderate,Medium
PK-2024-00933,2024-03-04,02:45,Sindh,Sukkur,Urban,24.4875,66.5398,Clear,104,30.7,0.8,Dawn-Dusk,Construction,Asphalt,2,80,Sharp,Uphill,None,No,3,Truck;Car;Bus,7.2,No,26,Yes,Yes,No,No,85,None,Speeding,Rear-end,Front,1,1052,Peak,17.5,25.2,0,1,2,Moderate,Medium
PK-2024-00934,2024-10-25,13:35,Sindh,Nawabshah,Urban,24.2467,67.7916,Fog,584,30.7,3.4,Daylight,Muddy,Asphalt,2,60,Gentle,Uphill,Painted,No,1,Truck,6.9,No,33,Yes,Yes,No,No,55,Braking,Speeding,Rear-end,Rear,1,1004,Peak,42.2,52.5,0,0,1,None,Low
PK-2024-00935,2024-05-12,17:42,Sindh,Nawabshah,Urban,25.1831,68.8121,Dust Storm,1162,33.6,5.2,Dawn-Dusk,Potholed,Concrete,4,50,Gentle,Flat,Painted,Yes,2,Motorcycle;Bus,6.8,No,24,No,No,No,No,50,Braking,Weather,Pedestrian,Front,3,75,Off-peak,24.3,31.8,3,3,3,Total,Critical
PK-2024-00936,2024-10-15,08:05,Punjab,Faisalabad,Urban,29.7806,74.5514,Clear,429,34.6,23.7,Unlit,Flooding,Asphalt,4,50,Straight,Flat,Painted,No,2,Motorcycle;Motorcycle,11.2,No,47,No,No,No,No,70,Swerving,Speeding,Rear-end,Front,2,1925,Off-peak,5.3,6.5,1,2,1,Total,Critical
PK-2024-00937,2024-11-14,00:41,Punjab,Sialkot,Residential,30.7978,72.5395,Fog,593,42.2,20.8,Dawn-Dusk,Dry,Asphalt,2,120,Straight,Flat,Physical,No,3,Truck;Truck;Motorcycle,3.5,No,32,Yes,No,No,No,150,None,Signal Violation,Rollover,Front,1,1800,Peak,6.1,12.3,1,4,1,Total,Critical
PK-2024-00938,2024-01-18,00:42,Punjab,Rawalpindi,Rural,30.1575,74.0377,Heavy Rain,247,20.4,7.1,Daylight,Dry,Asphalt,2,50,Straight,Flat,Physical,Yes,3,Truck;Car;Auto-rickshaw,16.2,No,36,Yes,No,No,Unknown,90,Braking,Mobile Phone,Fixed-object,Side,2,683,Peak,7.4,14.2,1,3,1,Total,Critical
PK-2024-00939,2024-01-14,07:37,Punjab,Rawalpindi,Residential,29.5385,72.5629,Dust Storm,175,33.3,11.1,Street-lit,Wet,Asphalt,2,60,Gentle,Uphill,None,Yes,1,Truck,11.4,Yes,36,Yes,Partial,No,Yes,55,Swerving,Mechanical Failure,Rollover,Front,1,990,Off-peak,4.9,12.2,0,1,4,Severe,High
PK-2024-00940,2024-08-24,12:51,Balochistan,Gwadar,Rural,29.8556,65.1883,Cloudy,48,42.9,2.7,Unlit,Dry,Dirt,4,50,Straight,Uphill,Physical,No,2,Bicycle;Car,2.1,No,16,Yes,Not Applicable,No,No,55,Braking,Overloading,Pedestrian,Roof,1,147,Off-peak,21.3,31.9,0,1,1,Moderate,Medium
PK-2024-00941,2024-10-09,17:36,KPK,Peshawar,Urban,34.5659,70.0466,Fog,861,11.5,2.8,Daylight,Muddy,Concrete,2,60,Gentle,Downhill,Painted,Yes,3,Bicycle;Truck;Bus,14.6,No,59,No,No,No,No,100,None,Animal Crossing,Pedestrian,Rear,2,550,Off-peak,0.5,3.2,2,4,1,Severe,Critical
PK-2024-00942,2024-12-09,17:45,Punjab,Bahawalpur,Urban,29.7518,73.8515,Fog,648,34.8,24.3,Daylight,Construction,Dirt,2,50,Straight,Uphill,Physical,No,2,Bicycle;Car,6.4,Yes,16,No,No,No,No,70,Braking,Wrong Side,Head-on,Side,1,1207,Off-peak,2.6,3.6,1,4,3,Total,Critical
PK-2024-00943,2024-11-18,10:16,Punjab,Bahawalpur,Urban,31.7123,72.2259,Clear,213,22.0,10.5,Unlit,Dry,Asphalt,2,40,Gentle,Uphill,Painted,No,2,Car;Car,18.4,No,24,Partial,Not Applicable,No,No,40,Swerving,Signal Violation,Side-swipe,Rear,1,183,Peak,29.0,39.6,0,0,2,Minor,Low
PK-2024-00944,2024-01-04,06:11,KPK,Abbottabad,Urban,32.9383,71.5889,Rain,369,27.0,4.5,Dawn-Dusk,Potholed,Gravel,4,110,Gentle,Flat,Painted,Yes,1,Auto-rickshaw,5.3,No,21,Yes,Yes,No,No,115,None,Speeding,Head-on,Roof,2,1321,Peak,32.7,41.9,3,4,3,Total,Critical
PK-2024-00945,2024-02-19,00:22,Sindh,Nawabshah,Highway,25.8808,68.6478,Cloudy,1327,28.8,39.2,Daylight,Icy,Concrete,4,30,Straight,Flat,Physical,Yes,4,Car;Motorcycle;Motorcycle;Motorcycle,17.3,No,29,Yes,Yes,No,No,25,Braking,Mobile Phone,Rollover,Front,2,754,Off-peak,2.7,6.9,0,0,2,Minor,Low
PK-2024-00946,2024-02-21,07:06,Punjab,Sargodha,Urban,30.1688,73.1648,Clear,702,14.1,5.0,Tunnel,Muddy,Dirt,3,40,Straight,Flat,Painted,No,3,Car;Car;Car,2.7,No,45,No,Yes,No,No,70,None,Human Error,Multi-vehicle pileup,Front,2,961,Off-peak,0.7,5.4,0,1,4,Moderate,High
PK-2024-00947,2024-04-26,23:00,Sindh,Hyderabad,Highway,26.9705,67.0133,Clear,20,35.2,6.5,Daylight,Icy,Asphalt,2,50,Straight,Flat,Physical,No,2,Motorcycle;Car,9.6,No,51,Yes,No,No,No,70,None,Drunk Driving,Rear-end,Roof,2,1268,Off-peak,40.6,52.2,0,2,4,Severe,High
PK-2024-00948,2024-11-19,10:34,Islamabad,Islamabad,Rural,32.2495,71.8357,Haze,320,30.0,1.2,Daylight,Wet,Gravel,4,50,Straight,Uphill,Painted,No,3,Car;Truck;Motorcycle,6.9,No,34,No,Yes,No,No,60,None,Mobile Phone,Fixed-object,Side,1,1636,Off-peak,37.6,50.3,0,0,0,Minor,Low
PK-2024-00949,2024-08-21,20:28,Islamabad,Islamabad,Highway,33.6836,72.4058,Rain,187,23.5,1.4,Daylight,Dry,Concrete,2,60,Straight,Downhill,None,No,2,Truck;Car,17.4,No,41,No,Partial,No,No,75,Braking,Drunk Driving,Side-swipe,Rear,1,1884,Off-peak,20.2,27.9,0,1,2,Moderate,Medium
PK-2024-00950,2024-11-04,17:18,Balochistan,Gwadar,Urban,28.2647,66.9633,Cloudy,610,26.4,8.9,Tunnel,Construction,Asphalt,2,50,Gentle,Flat,Physical,No,3,Motorcycle;Car;Car,8.1,No,45,Partial,Not Applicable,Yes,No,65,Braking,Speeding,Side-swipe,Side,2,368,Peak,46.9,67.1,0,0,0,None,Low
PK-2024-00951,2024-09-27,20:58,KPK,Abbottabad,Urban,34.6064,72.22,Cloudy,131,43.3,9.7,Daylight,Flooding,Asphalt,2,110,Straight,Uphill,Painted,Yes,5,Car;Motorcycle;Car;Car;Motorcycle,13.0,Yes,48,No,Not Applicable,No,No,115,Braking,Human Error,Pedestrian,Rear,1,1333,Peak,9.5,15.1,2,2,2,Severe,Critical
PK-2024-00952,2024-07-24,04:27,Sindh,Hyderabad,Urban,25.4406,68.3121,Heavy Rain,94,25.0,6.9,Daylight,Wet,Gravel,4,30,Gentle,Flat,Painted,Yes,2,Auto-rickshaw;Motorcycle,4.7,No,26,No,Yes,Yes,No,30,Braking,Signal Violation,Pedestrian,Side,2,1251,Off-peak,80.0,90.0,0,1,2,Severe,High
PK-2024-00953,2024-02-04,13:17,Punjab,Lahore,Highway,29.9814,72.2009,Fog,621,24.9,11.0,Daylight,Potholed,Asphalt,2,50,Gentle,Flat,Physical,Yes,3,Auto-rickshaw;Car;Car,12.0,No,28,No,No,No,No,45,Swerving,Animal Crossing,Fixed-object,Front,2,1997,Peak,5.1,5.9,0,0,0,Minor,Low
PK-2024-00954,2024-04-11,03:59,Punjab,Rawalpindi,Rural,29.7104,74.638,Dust Storm,1203,29.8,35.2,Street-lit,Potholed,Asphalt,2,50,Sharp,Uphill,Physical,No,2,Car;Car,4.6,No,30,No,Yes,No,No,60,None,Weather,Pedestrian,Roof,3,673,Peak,0.5,4.4,1,3,2,Total,Critical
PK-2024-00955,2024-04-15,14:30,Sindh,Karachi,Highway,24.9514,67.7027,Dust Storm,170,31.9,8.5,Street-lit,Potholed,Asphalt,4,100,Gentle,Flat,None,No,2,Motorcycle;Motorcycle,6.1,Yes,16,No,No,No,No,105,Braking,Overloading,Fixed-object,Front,2,1119,Peak,8.3,15.8,1,3,1,Total,Critical
PK-2024-00956,2024-07-22,00:19,Punjab,Rawalpindi,Highway,31.3994,72.0126,Clear,42,31.9,12.3,Unlit,Construction,Concrete,4,50,Hairpin,Uphill,None,No,2,Motorcycle;Car,8.7,No,46,Yes,No,No,No,60,Braking,Overloading,Multi-vehicle pileup,Rear,2,102,Off-peak,8.4,14.9,3,3,3,Severe,Critical