incident_id,date,time,province,district,road_type,latitude,longitude,weather,visibility_meters,temperature_c,wind_speed_kmh,lighting,road_condition,surface_material,number_of_lanes,speed_limit_kmh,road_curvature,road_gradient,median_type,shoulder_available,num_vehicles,vehicle_types,vehicle_avg_age_years,overloading_detected,driver_age,helmet_usage,seatbelt_usage,mobile_phone_suspected,alcohol_drug_suspected,speed_at_impact_kmh,evasive_action,accident_cause,collision_type,impact_point,num_collisions,traffic_volume_per_hour,peak_off_peak,distance_to_hospital_km,expected_response_min,fatalities,serious_injuries,minor_injuries,property_damage_level,severity
PK-2024-00957,2024-10-24,14:09,Sindh,Sukkur,Residential,24.6564,67.6128,Cloudy,672,43.1,11.6,Daylight,Construction,Concrete,2,40,Gentle,Flat,None,No,2,Auto-rickshaw;Car,15.6,No,19,Yes,Yes,No,No,45,None,Wrong Side,Rear-end,Front,1,1409,Off-peak,3.0,9.8,0,0,0,Minor,Low
PK-2024-00958,2024-11-07,09:06,KPK,Dera Ismail Khan,Urban,33.6567,71.7821,Fog,33,19.8,3.0,Unlit,Wet,Asphalt,3,60,Gentle,Flat,Painted,Yes,1,Car,5.5,No,29,Yes,Yes,No,No,80,Braking,Signal Violation,Multi-vehicle pileup,Side,1,1565,Off-peak,3.1,7.8,1,2,3,Severe,High
PK-2024-00959,2024-10-13,15:26,Punjab,Sargodha,Urban,32.0116,72.3107,Haze,79,41.7,29.2,Daylight,Flooding,Asphalt,2,50,Straight,Flat,None,Yes,3,Car;Motorcycle;Car,17.9,No,39,Yes,Yes,Yes,No,65,Swerving,Weather,Side-swipe,Side,1,975,Peak,16.9,25.3,0,1,2,Moderate,Medium
PK-2024-00960,2024-02-12,17:48,Punjab,Lahore,Highway,32.3416,73.5621,Haze,39,32.9,66.7,Unlit,Dry,Gravel,2,80,Sharp,Uphill,Physical,Yes,2,Auto-rickshaw;Motorcycle,20.0,Yes,47,Yes,Not Applicable,No,No,75,None,Mobile Phone,Fixed-object,Front,1,865,Off-peak,37.6,47.5,2,2,1,Severe,Critical
PK-2024-00961,2024-09-28,05:01,Punjab,Lahore,Residential,31.904,72.4301,Cloudy,226,34.1,9.7,Street-lit,Dry,Asphalt,3,50,Straight,Uphill,Physical,No,3,Truck;Truck;Auto-rickshaw,16.5,No,28,Yes,Partial,No,Unknown,60,Braking,Weather,Side-swipe,Side,1,1898,Peak,11.3,17.8,0,0,2,None,Low
PK-2024-00962,2024-04-07,04:22,Sindh,Larkana,Rural,24.7481,68.1017,Cloudy,702,40.6,28.7,Street-lit,Dry,Concrete,1,40,Sharp,Uphill,None,No,3,Truck;Bicycle;Motorcycle,6.3,No,33,No,No,No,No,60,None,Speeding,Rear-end,Roof,1,80,Off-peak,3.1,14.2,0,1,1,Minor,Medium
PK-2024-00963,2024-01-24,05:03,Balochistan,Gwadar,Urban,28.989,65.3335,Cloudy,226,44.4,23.0,Street-lit,Muddy,Concrete,4,50,Sharp,Flat,None,No,1,Car,10.9,No,44,No,Yes,No,No,80,Braking,Human Error,Head-on,Front,1,129,Off-peak,16.7,22.1,0,1,2,Moderate,High
PK-2024-00964,2024-11-25,06:36,Punjab,Rawalpindi,Highway,30.6098,74.1838,Cloudy,115,21.6,3.0,Daylight,Icy,Asphalt,2,120,Sharp,Flat,None,No,2,Auto-rickshaw;Truck,5.1,No,37,No,No,No,No,150,Swerving,Human Error,Head-on,Roof,2,1900,Off-peak,2.8,9.3,3,4,3,Severe,Critical
PK-2024-00965,2024-11-21,05:18,Sindh,Nawabshah,Urban,26.665,69.3851,Clear,602,25.0,4.6,Street-lit,Dry,Asphalt,4,40,Straight,Flat,Physical,Yes,2,Motorcycle;Motorcycle,8.4,No,23,No,Not Applicable,No,No,35,Swerving,Human Error,Side-swipe,Side,3,1042,Off-peak,10.4,12.8,0,0,1,Minor,Low
PK-2024-00966,2024-01-06,13:46,Punjab,Sialkot,Rural,30.3044,73.8706,Cloudy,287,33.6,51.8,Daylight,Dry,Asphalt,1,110,Straight,Flat,Painted,No,2,Truck;Motorcycle,17.2,Yes,39,Partial,Yes,No,No,110,Braking,Animal Crossing,Multi-vehicle pileup,Front,2,1674,Off-peak,13.1,21.0,0,1,3,Severe,High
PK-2024-00967,2024-02-06,23:11,Punjab,Bahawalpur,Urban,31.5512,73.4685,Cloudy,520,32.9,14.9,Daylight,Construction,Gravel,2,50,Gentle,Flat,None,Yes,4,Motorcycle;Bicycle;Bicycle;Auto-rickshaw,16.3,No,27,Yes,Not Applicable,Yes,No,55,None,Speeding,Side-swipe,Side,2,284,Off-peak,10.2,21.8,0,0,0,None,Low
PK-2024-00968,2024-11-21,21:14,KPK,Abbottabad,Highway,32.6224,71.9539,Haze,66,38.2,2.0,Street-lit,Muddy,Asphalt,4,80,Gentle,Flat,Painted,No,2,Bicycle;Motorcycle,13.4,No,29,Yes,No,Yes,No,80,None,Mechanical Failure,Multi-vehicle pileup,Front,2,931,Off-peak,12.2,19.8,1,3,1,Severe,Critical
PK-2024-00969,2024-04-27,18:47,Punjab,Rawalpindi,Highway,30.2421,74.8231,Haze,66,40.9,7.6,Street-lit,Construction,Concrete,4,100,Gentle,Flat,Physical,Yes,3,Motorcycle;Bus;Motorcycle,18.1,No,21,Yes,Yes,No,No,95,Swerving,Signal Violation,Multi-vehicle pileup,Side,1,1175,Off-peak,5.2,10.9,2,3,3,Total,Critical
PK-2024-00970,2024-01-11,20:20,Punjab,Rawalpindi,Residential,32.2941,73.669,Clear,353,21.1,11.2,Street-lit,Muddy,Asphalt,4,80,Straight,Downhill,None,Yes,4,Motorcycle;Car;Truck;Car,8.3,No,29,Yes,No,No,No,85,Braking,Signal Violation,Pedestrian,Rear,2,1164,Peak,6.3,19.0,0,1,3,Moderate,Medium
PK-2024-00971,2024-02-23,18:12,Balochistan,Gwadar,Rural,27.8539,66.7337,Clear,1299,17.2,38.8,Unlit,Wet,Asphalt,3,50,Gentle,Flat,Physical,No,1,Auto-rickshaw,19.0,No,24,No,Yes,No,No,50,Swerving,Speeding,Side-swipe,Front,1,1867,Off-peak,14.7,21.3,0,0,1,Minor,Low
PK-2024-00972,2024-02-01,15:42,KPK,Swat,Urban,34.4113,72.1425,Heavy Rain,483,28.3,2.1,Daylight,Potholed,Gravel,4,60,Hairpin,Uphill,Physical,No,2,Motorcycle;Truck,10.0,Yes,47,Partial,Yes,No,Unknown,100,Braking,Speeding,Side-swipe,Front,1,1212,Off-peak,3.5,14.8,2,2,2,Severe,Critical
PK-2024-00973,2024-08-19,04:05,Punjab,Multan,Urban,31.3359,73.3314,Fog,892,36.2,8.4,Daylight,Potholed,Asphalt,1,30,Gentle,Downhill,Physical,Yes,2,Motorcycle;Car,14.6,No,21,Partial,Not Applicable,No,No,35,Braking,Mobile Phone,Multi-vehicle pileup,Front,1,177,Off-peak,26.7,37.3,0,0,3,Moderate,Medium
PK-2024-00974,2024-07-02,16:30,Punjab,Lahore,Highway,32.0295,72.5875,Fog,93,25.2,10.2,Street-lit,Icy,Concrete,4,80,Gentle,Flat,Painted,No,1,Motorcycle,3.2,Yes,39,No,No,Yes,No,75,Braking,Animal Crossing,Rollover,Front,1,842,Off-peak,6.0,7.9,1,4,3,Severe,Critical
PK-2024-00975,2024-08-05,10:19,Punjab,Rawalpindi,Highway,30.6609,74.0755,Clear,299,10.5,12.0,Dawn-Dusk,Muddy,Concrete,1,110,Straight,Uphill,Painted,No,2,Motorcycle;Car,6.5,No,39,Partial,Not Applicable,No,No,140,Braking,Speeding,Side-swipe,Side,2,722,Off-peak,44.3,60.9,0,2,4,Moderate,High
PK-2024-00976,2024-03-07,04:36,Punjab,Lahore,Residential,31.4016,74.3751,Dust Storm,264,33.9,7.4,Unlit,Wet,Asphalt,1,100,Straight,Flat,None,Yes,4,Truck;Motorcycle;Motorcycle;Bicycle,14.6,No,23,No,Not Applicable,No,No,90,None,Speeding,Rear-end,Side,2,844,Off-peak,3.2,10.0,1,3,2,Total,Critical
PK-2024-00977,2024-07-27,07:31,KPK,Abbottabad,Residential,33.3431,70.3164,Heavy Rain,487,20.8,13.9,Street-lit,Potholed,Asphalt,2,50,Straight,Downhill,Painted,Yes,3,Motorcycle;Car;Truck,12.7,No,28,No,No,No,No,55,Braking,Weather,Side-swipe,Rear,3,1441,Peak,6.9,21.4,0,0,1,Moderate,Medium
PK-2024-00978,2024-05-21,08:23,Sindh,Sukkur,Highway,24.5493,68.616,Clear,160,24.2,0.9,Street-lit,Muddy,Gravel,4,60,Straight,Flat,None,No,4,Truck;Motorcycle;Motorcycle;Auto-rickshaw,18.6,No,30,Yes,Partial,No,No,65,Swerving,Mobile Phone,Pedestrian,Front,1,633,Peak,20.8,29.7,0,2,2,Moderate,Medium
PK-2024-00979,2024-04-14,07:08,Punjab,Faisalabad,Rural,31.4552,73.5014,Cloudy,24,34.3,7.2,Tunnel,Construction,Concrete,2,100,Sharp,Downhill,None,Yes,5,Car;Bicycle;Truck;Motorcycle;Auto-rickshaw,17.1,No,16,Yes,No,No,No,110,Braking,Signal Violation,Head-on,Side,1,1025,Off-peak,10.7,19.1,1,2,2,Total,Critical
PK-2024-00980,2024-02-04,23:41,KPK,Swat,Rural,32.4322,72.3882,Dust Storm,96,33.3,4.9,Daylight,Wet,Asphalt,6,50,Gentle,Uphill,Painted,No,4,Auto-rickshaw;Truck;Motorcycle;Motorcycle,9.8,Yes,31,Yes,No,No,No,70,Braking,Wrong Side,Side-swipe,Side,1,1440,Peak,10.4,19.2,0,1,2,Severe,High
PK-2024-00981,2024-10-28,18:30,KPK,Dera Ismail Khan,Urban,34.2441,70.4702,Clear,476,33.5,18.8,Unlit,Flooding,Asphalt,6,40,Straight,Uphill,Painted,Yes,3,Auto-rickshaw;Motorcycle;Car,2.5,No,48,No,No,No,No,35,Swerving,Drunk Driving,Fixed-object,Front,3,408,Off-peak,5.0,10.3,1,3,4,Severe,High
PK-2024-00982,2024-06-26,10:18,Punjab,Faisalabad,Rural,29.796,72.7878,Clear,716,22.6,8.0,Street-lit,Dry,Asphalt,4,60,Straight,Downhill,Painted,Yes,2,Motorcycle;Car,17.8,Yes,19,Yes,No,No,No,55,Swerving,Wrong Side,Multi-vehicle pileup,Side,2,1860,Peak,16.7,19.8,0,1,3,Minor,Medium
PK-2024-00983,2024-11-19,19:00,Punjab,Faisalabad,Urban,30.471,72.3691,Clear,20,26.7,8.5,Daylight,Icy,Gravel,4,60,Straight,Downhill,None,No,2,Auto-rickshaw;Bus,6.9,No,50,No,No,Yes,No,60,Braking,Weather,Rear-end,Side,1,1035,Peak,9.7,9.8,0,0,1,Minor,Low
PK-2024-00984,2024-10-07,18:20,Punjab,Sargodha,Rural,31.1167,73.0554,Clear,97,19.2,30.5,Dawn-Dusk,Potholed,Concrete,2,50,Gentle,Flat,Physical,Yes,1,Motorcycle,19.6,No,44,No,Yes,No,No,55,Braking,Animal Crossing,Rear-end,Side,1,1336,Off-peak,35.3,45.1,0,1,2,Moderate,Medium
PK-2024-00985,2024-09-11,01:32,Sindh,Nawabshah,Rural,25.9768,68.2558,Fog,31,32.9,9.8,Daylight,Potholed,Gravel,2,80,Straight,Flat,Physical,Yes,2,Car;Motorcycle,17.1,No,63,Yes,Not Applicable,No,Unknown,85,None,Wrong Side,Head-on,Side,1,1609,Peak,11.8,20.1,1,3,2,Total,Critical
PK-2024-00986,2024-04-17,17:19,KPK,Mardan,Highway,34.4303,71.9826,Haze,52,20.2,4.0,Tunnel,Muddy,Asphalt,4,30,Sharp,Flat,Physical,No,4,Auto-rickshaw;Motorcycle;Motorcycle;Auto-rickshaw,3.3,No,31,No,Not Applicable,No,No,45,Swerving,Speeding,Side-swipe,Side,1,840,Peak,2.9,10.0,0,2,2,Moderate,Medium
PK-2024-00987,2024-07-20,23:13,Punjab,Gujranwala,Rural,32.4176,73.0488,Clear,1398,30.4,7.8,Street-lit,Wet,Asphalt,6,30,Straight,Flat,Painted,Yes,3,Car;Truck;Truck,13.2,No,40,No,Yes,No,No,40,Braking,Mobile Phone,Multi-vehicle pileup,Side,1,619,Off-peak,18.7,27.3,0,0,1,Minor,Low
PK-2024-00988,2024-12-03,16:00,Punjab,Rawalpindi,Urban,32.3916,73.996,Fog,390,38.8,12.7,Daylight,Muddy,Dirt,2,120,Straight,Flat,Painted,No,4,Truck;Car;Car;Truck,14.3,No,24,No,No,No,No,120,Braking,Wrong Side,Rollover,Rear,1,671,Off-peak,8.6,11.4,3,3,1,Total,Critical
PK-2024-00989,2024-05-07,17:33,Punjab,Lahore,Rural,31.3192,74.3357,Cloudy,298,20.6,22.0,Unlit,Construction,Gravel,2,50,Straight,Downhill,None,Yes,2,Car;Motorcycle,9.7,No,17,Partial,Yes,No,Unknown,55,Swerving,Mobile Phone,Side-swipe,Rear,3,549,Off-peak,31.3,44.7,0,0,1,Moderate,Medium
PK-2024-00990,2024-03-03,16:58,Islamabad,Islamabad,Urban,33.9817,74.3395,Rain,200,36.0,11.5,Daylight,Wet,Dirt,2,100,Hairpin,Flat,None,Yes,2,Car;Motorcycle,4.6,No,23,No,Partial,No,No,110,None,Speeding,Side-swipe,Front,1,1191,Off-peak,12.2,18.9,2,4,3,Severe,Critical
PK-2024-00991,2024-11-25,19:13,KPK,Peshawar,Urban,33.4399,71.8103,Clear,313,35.6,12.0,Street-lit,Muddy,Asphalt,2,50,Gentle,Uphill,None,Yes,2,Motorcycle;Truck,17.3,No,31,Partial,Yes,No,No,65,None,Signal Violation,Side-swipe,Side,1,1675,Peak,6.8,12.7,0,0,0,None,Low
PK-2024-00992,2024-05-05,01:51,Sindh,Nawabshah,Urban,25.169,68.929,Clear,1063,38.7,11.1,Tunnel,Dry,Gravel,3,110,Hairpin,Flat,Painted,No,2,Auto-rickshaw;Car,8.2,No,42,No,Yes,No,No,115,None,Drunk Driving,Fixed-object,Front,2,418,Peak,6.3,9.1,0,2,2,Moderate,Medium
PK-2024-00993,2024-12-03,16:31,Balochistan,Khuzdar,Highway,30.4732,65.4497,Clear,753,31.2,22.1,Street-lit,Dry,Asphalt,3,30,Straight,Uphill,Painted,Yes,2,Auto-rickshaw;Car,16.1,No,54,Partial,Yes,No,No,40,None,Mobile Phone,Head-on,Front,2,336,Off-peak,6.7,16.4,0,0,2,None,Low
PK-2024-00994,2024-09-10,08:08,Punjab,Bahawalpur,Urban,29.9867,73.005,Cloudy,134,34.0,2.5,Daylight,Muddy,Asphalt,2,40,Sharp,Uphill,Painted,No,3,Motorcycle;Motorcycle;Auto-rickshaw,18.1,No,50,No,Yes,No,No,40,Braking,Human Error,Side-swipe,Front,3,1566,Off-peak,11.7,19.4,0,0,0,Minor,Low
PK-2024-00995,2024-02-25,21:53,Balochistan,Gwadar,Rural,29.6992,65.5398,Haze,516,29.0,5.8,Dawn-Dusk,Construction,Concrete,4,60,Sharp,Flat,Painted,Yes,3,Motorcycle;Motorcycle;Bus,9.1,No,19,Yes,Yes,No,Unknown,55,Braking,Mobile Phone,Pedestrian,Side,1,1685,Off-peak,11.2,19.8,0,0,2,Moderate,Medium
PK-2024-00996,2024-09-06,11:06,KPK,Peshawar,Urban,33.2375,70.1749,Clear,1265,19.5,13.7,Street-lit,Dry,Concrete,4,50,Hairpin,Flat,Physical,Yes,2,Motorcycle;Motorcycle,15.0,No,26,No,No,No,No,70,None,Wrong Side,Head-on,Rear,1,905,Off-peak,6.4,16.1,0,2,2,Severe,High
PK-2024-00997,2024-05-25,15:57,Islamabad,Islamabad,Urban,33.1637,73.2372,Cloudy,79,37.0,0.8,Street-lit,Flooding,Asphalt,3,60,Gentle,Flat,None,No,3,Car;Car;Auto-rickshaw,6.5,No,31,No,Not Applicable,No,No,100,Braking,Overloading,Multi-vehicle pileup,Rear,1,1324,Peak,50.1,64.0,3,3,2,Total,Critical
PK-2024-00998,2024-03-02,13:19,Sindh,Karachi,Urban,24.3214,69.0133,Clear,20,33.7,18.9,Dawn-Dusk,Potholed,Asphalt,4,60,Straight,Uphill,Physical,Yes,1,Motorcycle,5.3,No,55,No,Partial,No,No,75,None,Human Error,Head-on,Front,1,807,Off-peak,2.2,13.5,1,2,2,Severe,High
PK-2024-00999,2024-01-18,19:18,Punjab,Bahawalpur,Urban,32.3972,74.0766,Cloudy,91,36.9,1.2,Street-lit,Muddy,Asphalt,1,60,Gentle,Uphill,Painted,No,4,Car;Car;Bus;Car,10.4,No,16,Yes,Partial,No,Unknown,60,Braking,Human Error,Head-on,Side,1,364,Off-peak,4.8,9.5,0,2,3,Minor,Medium
PK-2024-01000,2024-05-08,05:47,Punjab,Bahawalpur,Highway,31.2313,74.5543,Clear,24,30.1,24.9,Dawn-Dusk,Muddy,Concrete,2,30,Gentle,Flat,None,No,2,Motorcycle;Motorcycle,11.2,No,31,No,Partial,No,No,50,Braking,Drunk Driving,Head-on,Side,1,880,Peak,16.8,31.1,2,3,1,Severe,Critical
PK-2024-01001,2024-09-07,00:53,Punjab,Sargodha,Urban,29.8436,74.0126,Fog,703,23.7,17.1,Dawn-Dusk,Potholed,Asphalt,4,50,Straight,Uphill,Physical,No,3,Car;Motorcycle;Motorcycle,11.5,No,32,Yes,Yes,No,No,60,Braking,Mechanical Failure,Rear-end,Front,1,1476,Off-peak,10.0,15.2,0,0,1,Minor,Low
PK-2024-01002,2024-08-09,11:04,Islamabad,Islamabad,Highway,33.478,72.2026,Cloudy,20,24.2,19.0,Street-lit,Wet,Asphalt,3,50,Sharp,Flat,None,No,4,Car;Motorcycle;Motorcycle;Auto-rickshaw,4.7,No,40,No,Partial,No,No,40,Braking,Signal Violation,Side-swipe,Front,1,402,Peak,4.1,7.0,0,0,2,Minor,Low
PK-2024-01003,2024-04-14,04:18,Punjab,Faisalabad,Rural,29.7016,72.2165,Heavy Rain,86,31.9,17.5,Street-lit,Icy,Asphalt,4,50,Sharp,Flat,Painted,Yes,3,Auto-rickshaw;Motorcycle;Bicycle,11.5,No,48,No,Not Applicable,No,No,90,None,Mobile Phone,Fixed-object,Front,2,1349,Peak,11.1,14.2,3,4,3,Total,Critical
PK-2024-01004,2024-11-24,03:52,Punjab,Sargodha,Rural,30.6112,73.2185,Clear,194,35.5,24.9,Unlit,Potholed,Dirt,4,100,Sharp,Uphill,None,Yes,4,Motorcycle;Bus;Motorcycle;Bus,18.7,Yes,34,No,Not Applicable,Yes,Unknown,140,None,Wrong Side,Rollover,Front,2,186,Peak,21.7,34.3,2,3,1,Severe,Critical
PK-2024-01005,2024-02-28,09:09,Sindh,Nawabshah,Rural,25.8872,67.538,Cloudy,141,22.3,14.1,Daylight,Dry,Asphalt,4,40,Straight,Downhill,Painted,Yes,3,Motorcycle;Car;Truck,6.6,Yes,39,No,Not Applicable,No,No,50,None,Signal Violation,Head-on,Side,2,738,Off-peak,3.6,12.8,0,0,1,Moderate,Medium
PK-2024-01006,2024-07-18,17:46,Balochistan,Turbat,Residential,30.0079,65.3058,Haze,132,23.4,12.5,Unlit,Construction,Asphalt,2,30,Sharp,Flat,Physical,Yes,3,Motorcycle;Auto-rickshaw;Bicycle,15.3,No,50,Yes,No,No,No,30,None,Speeding,Side-swipe,Front,1,1815,Peak,19.1,26.3,0,1,2,Moderate,Medium
PK-2024-01007,2024-10-20,08:53,Balochistan,Quetta,Rural,28.0495,67.3836,Rain,736,17.6,10.1,Street-lit,Dry,Concrete,2,50,Gentle,Flat,None,Yes,3,Motorcycle;Truck;Car,5.3,Yes,45,No,Yes,No,No,90,None,Signal Violation,Side-swipe,Front,1,708,Off-peak,13.9,16.9,0,2,3,Severe,High
PK-2024-01008,2024-10-14,10:17,Balochistan,Khuzdar,Urban,29.2893,65.7632,Cloudy,102,27.3,2.1,Dawn-Dusk,Dry,Asphalt,3,120,Gentle,Flat,Physical,Yes,4,Car;Bus;Car;Car,5.1,No,23,Partial,No,No,No,115,None,Speeding,Side-swipe,Front,2,51,Off-peak,8.3,15.3,0,0,2,Moderate,Medium
PK-2024-01009,2024-01-15,03:00,Punjab,Sialkot,Urban,30.3632,72.0132,Fog,96,37.5,10.5,Daylight,Wet,Concrete,2,40,Gentle,Flat,Painted,Yes,4,Car;Car;Car;Motorcycle,3.1,No,27,No,Yes,No,No,50,Braking,Overloading,Side-swipe,Side,2,1572,Peak,12.9,19.5,0,0,2,None,Low
PK-2024-01010,2024-12-22,08:41,Sindh,Nawabshah,Rural,25.9855,67.941,Clear,42,17.5,2.9,Unlit,Wet,Concrete,2,100,Straight,Downhill,Physical,Yes,3,Motorcycle;Motorcycle;Motorcycle,14.3,No,24,No,Not Applicable,No,No,105,None,Human Error,Multi-vehicle pileup,Front,2,1216,Off-peak,24.3,33.0,1,2,2,Severe,Critical
PK-2024-01011,2024-07-14,19:46,Sindh,Nawabshah,Urban,25.3204,69.4577,Clear,61,31.9,36.1,Unlit,Dry,Concrete,4,80,Gentle,Uphill,Physical,No,2,Car;Car,6.2,Yes,41,No,Yes,No,No,85,Braking,Wrong Side,Rear-end,Front,2,1913,Peak,13.3,22.2,0,2,1,Minor,Medium
PK-2024-01012,2024-02-20,07:33,Punjab,Gujranwala,Highway,31.9532,74.555,Fog,802,11.0,11.6,Unlit,Muddy,Asphalt,2,100,Straight,Downhill,Painted,Yes,4,Truck;Truck;Bus;Motorcycle,12.4,No,41,Yes,Not Applicable,No,Yes,110,Braking,Human Error,Side-swipe,Rear,1,1583,Peak,7.6,9.3,0,3,2,Moderate,High
PK-2024-01013,2024-10-18,12:03,Punjab,Lahore,Urban,29.6446,73.2319,Cloudy,68,19.9,13.7,Daylight,Wet,Asphalt,6,60,Gentle,Flat,Painted,Yes,2,Bicycle;Auto-rickshaw,14.1,No,39,No,Not Applicable,No,No,60,None,Overloading,Fixed-object,Front,2,964,Peak,6.6,12.6,0,1,1,Moderate,Medium
PK-2024-01014,2024-09-07,01:20,Islamabad,Islamabad,Rural,34.2857,72.4104,Clear,533,18.0,1.7,Street-lit,Dry,Dirt,4,60,Straight,Downhill,Painted,Yes,3,Bus;Motorcycle;Motorcycle,17.6,No,24,Yes,No,No,No,100,Braking,Human Error,Rear-end,Front,1,1127,Off-peak,34.9,45.4,0,1,2,Minor,Medium
PK-2024-01015,2024-11-21,22:21,Sindh,Larkana,Rural,25.8696,69.0239,Fog,859,33.2,3.8,Street-lit,Dry,Concrete,3,60,Hairpin,Flat,Painted,No,2,Motorcycle;Car,13.5,No,16,No,Yes,No,No,70,Swerving,Wrong Side,Side-swipe,Rear,2,1488,Peak,2.1,6.8,0,1,3,Moderate,Medium
PK-2024-01016,2024-11-02,15:07,Sindh,Sukkur,Rural,24.0378,66.5315,Heavy Rain,221,27.1,10.5,Street-lit,Dry,Asphalt,4,60,Straight,Flat,Painted,Yes,3,Truck;Truck;Motorcycle,9.5,Yes,36,Yes,No,No,No,60,Swerving,Human Error,Pedestrian,Rear,1,1843,Peak,32.2,49.4,0,3,3,Severe,High
PK-2024-01017,2024-02-20,18:47,Balochistan,Quetta,Rural,28.9095,65.067,Heavy Rain,198,21.3,6.2,Daylight,Flooding,Asphalt,4,60,Gentle,Downhill,Physical,Yes,2,Bicycle;Auto-rickshaw,18.0,No,53,No,Partial,Yes,No,60,None,Human Error,Rollover,Front,1,1082,Off-peak,13.7,22.2,1,3,1,Total,Critical
PK-2024-01018,2024-08-11,01:53,Punjab,Rawalpindi,Urban,32.2075,74.4191,Rain,185,28.5,31.2,Daylight,Dry,Asphalt,4,120,Sharp,Flat,None,Yes,2,Car;Motorcycle,3.5,No,32,Partial,Not Applicable,No,No,140,Braking,Mechanical Failure,Rear-end,Front,1,687,Peak,19.7,31.1,1,3,4,Moderate,High
PK-2024-01019,2024-09-12,19:19,Punjab,Gujranwala,Highway,32.3989,73.3232,Dust Storm,552,21.2,13.7,Street-lit,Muddy,Asphalt,2,80,Sharp,Flat,Painted,No,2,Bus;Car,16.6,No,34,No,No,No,No,95,Braking,Signal Violation,Rollover,Side,2,1996,Off-peak,20.7,28.7,1,3,2,Total,Critical
PK-2024-01020,2024-08-09,02:06,Punjab,Faisalabad,Highway,31.9059,74.4444,Dust Storm,509,35.0,3.4,Daylight,Wet,Asphalt,2,100,Sharp,Downhill,None,Yes,2,Motorcycle;Auto-rickshaw,2.5,No,48,Yes,Not Applicable,No,No,100,Swerving,Mechanical Failure,Rollover,Side,1,307,Peak,6.6,8.2,2,3,1,Severe,Critical
PK-2024-01021,2024-01-19,09:15,Islamabad,Islamabad,Highway,34.2111,73.9307,Rain,491,15.3,7.7,Unlit,Wet,Asphalt,6,50,Hairpin,Flat,Painted,Yes,4,Motorcycle;Auto-rickshaw;Car;Auto-rickshaw,12.8,Yes,40,No,Partial,No,No,70,Swerving,Human Error,Side-swipe,Front,1,110,Off-peak,6.0,9.2,0,2,2,Severe,High
PK-2024-01022,2024-04-27,19:59,Punjab,Sargodha,Residential,31.0072,73.4672,Clear,897,37.1,0.9,Street-lit,Icy,Gravel,2,80,Straight,Downhill,None,No,3,Car;Bus;Motorcycle,5.3,No,20,Yes,Not Applicable,No,No,80,Swerving,Signal Violation,Head-on,Front,1,1220,Peak,2.3,10.3,0,0,0,Minor,Low
PK-2024-01023,2024-03-24,06:07,KPK,Dera Ismail Khan,Rural,34.7573,70.113,Rain,94,23.3,9.7,Daylight,Construction,Concrete,2,40,Straight,Downhill,Physical,No,4,Auto-rickshaw;Car;Motorcycle;Truck,6.1,No,36,Yes,Yes,No,No,50,Braking,Signal Violation,Rear-end,Side,1,272,Off-peak,1.8,11.7,0,0,2,Minor,Low
PK-2024-01024,2024-03-16,17:34,Punjab,Lahore,Urban,31.6361,73.419,Heavy Rain,1500,15.7,1.3,Daylight,Construction,Gravel,2,50,Straight,Flat,None,Yes,3,Truck;Truck;Car,6.7,No,35,No,No,No,Yes,45,None,Human Error,Head-on,Roof,2,997,Off-peak,11.5,20.6,0,1,2,Moderate,Medium
PK-2024-01025,2024-09-26,20:43,Punjab,Bahawalpur,Highway,31.4714,74.5295,Rain,136,26.8,10.8,Street-lit,Dry,Concrete,2,40,Straight,Uphill,Physical,Yes,2,Truck;Motorcycle,11.0,No,40,No,Yes,No,No,80,Braking,Speeding,Rear-end,Rear,1,1592,Peak,0.5,8.5,0,1,3,Moderate,Medium
PK-2024-01026,2024-09-09,19:49,Sindh,Larkana,Rural,24.3854,66.7436,Clear,387,19.0,2.5,Unlit,Dry,Gravel,1,60,Sharp,Flat,None,No,2,Motorcycle;Bus,7.3,No,34,Yes,No,No,No,55,Swerving,Human Error,Rollover,Side,1,1545,Off-peak,1.4,6.3,0,1,1,Minor,Medium
PK-2024-01027,2024-01-09,19:34,Punjab,Bahawalpur,Highway,29.8055,72.3917,Cloudy,20,48.9,9.7,Daylight,Dry,Gravel,2,30,Sharp,Flat,Physical,Yes,3,Motorcycle;Motorcycle;Truck,15.9,No,35,Yes,Yes,No,No,20,None,Overloading,Head-on,Front,1,815,Off-peak,20.3,28.2,0,0,2,Minor,Low
PK-2024-01028,2024-06-17,10:08,Sindh,Nawabshah,Urban,25.4006,66.7939,Clear,79,27.2,14.5,Street-lit,Dry,Dirt,4,60,Sharp,Flat,Painted,Yes,2,Truck;Motorcycle,7.2,No,24,Yes,Not Applicable,No,No,55,None,Human Error,Rollover,Rear,1,1286,Off-peak,20.4,29.1,0,1,1,Moderate,Medium
PK-2024-01029,2024-05-09,23:19,Sindh,Karachi,Highway,24.0501,68.035,Fog,48,24.3,12.4,Street-lit,Dry,Concrete,2,50,Gentle,Uphill,Physical,No,3,Bicycle;Motorcycle;Motorcycle,19.5,No,48,No,Not Applicable,Yes,No,50,None,Signal Violation,Rollover,Rear,1,1526,Peak,15.2,23.9,1,4,3,Total,Critical