incident_id,date,time,province,district,road_type,latitude,longitude,weather,visibility_meters,temperature_c,wind_speed_kmh,lighting,road_condition,surface_material,number_of_lanes,speed_limit_kmh,road_curvature,road_gradient,median_type,shoulder_available,num_vehicles,vehicle_types,vehicle_avg_age_years,overloading_detected,driver_age,helmet_usage,seatbelt_usage,mobile_phone_suspected,alcohol_drug_suspected,speed_at_impact_kmh,evasive_action,accident_cause,collision_type,impact_point,num_collisions,traffic_volume_per_hour,peak_off_peak,distance_to_hospital_km,expected_response_min,fatalities,serious_injuries,minor_injuries,property_damage_level,severity
PK-2024-01030,2024-09-11,19:19,Balochistan,Khuzdar,Residential,30.3181,65.0074,Heavy Rain,210,28.8,22.7,Daylight,Muddy,Asphalt,2,120,Gentle,Flat,Painted,No,2,Motorcycle;Bus,2.7,No,31,Yes,Not Applicable,No,No,125,Braking,Human Error,Head-on,Rear,1,600,Off-peak,5.2,9.4,1,3,3,Total,Critical
PK-2024-01031,2024-04-16,02:39,Sindh,Karachi,Residential,26.9378,67.2236,Cloudy,150,34.1,1.0,Unlit,Dry,Gravel,4,80,Straight,Downhill,None,No,3,Motorcycle;Bus;Car,16.1,No,35,Yes,No,No,No,80,None,Animal Crossing,Pedestrian,Roof,1,1789,Peak,4.1,14.0,0,0,2,Minor,Medium
PK-2024-01032,2024-10-25,03:47,Balochistan,Quetta,Rural,28.1304,67.7051,Haze,426,27.4,9.0,Daylight,Wet,Asphalt,2,110,Straight,Flat,Painted,No,2,Truck;Motorcycle,19.3,No,27,Partial,Yes,No,Yes,110,Braking,Human Error,Fixed-object,Side,1,895,Off-peak,13.8,21.9,0,0,2,Minor,Low
PK-2024-01033,2024-10-22,12:14,KPK,Mardan,Rural,34.9933,72.8611,Cloudy,663,21.0,7.3,Street-lit,Muddy,Gravel,4,60,Straight,Downhill,Painted,Yes,3,Bus;Motorcycle;Auto-rickshaw,4.9,No,33,No,Not Applicable,No,No,70,None,Wrong Side,Rear-end,Side,2,1279,Off-peak,5.9,13.9,0,0,2,Moderate,Medium
PK-2024-01034,2024-02-26,22:15,Punjab,Sargodha,Rural,31.6947,73.2121,Rain,862,31.8,15.4,Unlit,Dry,Gravel,2,60,Straight,Flat,Physical,No,2,Motorcycle;Bus,6.0,No,40,No,Yes,No,No,50,Braking,Wrong Side,Pedestrian,Front,2,1909,Peak,1.5,7.3,0,0,2,Moderate,Medium
PK-2024-01035,2024-07-17,12:10,Sindh,Larkana,Residential,26.9197,66.8287,Heavy Rain,1365,27.6,1.0,Daylight,Wet,Asphalt,2,80,Gentle,Uphill,None,No,2,Car;Motorcycle,3.8,No,43,No,Yes,Yes,No,100,Swerving,Overloading,Rear-end,Side,2,147,Off-peak,15.2,26.0,0,2,2,Severe,High
PK-2024-01036,2024-06-25,18:02,KPK,Mardan,Rural,34.4522,72.4951,Haze,232,27.4,6.3,Dawn-Dusk,Potholed,Asphalt,4,60,Straight,Flat,None,No,4,Auto-rickshaw;Motorcycle;Motorcycle;Bus,14.0,No,38,Yes,No,No,No,55,None,Mechanical Failure,Rear-end,Side,1,1641,Off-peak,3.8,9.3,0,1,3,Moderate,Medium
PK-2024-01037,2024-11-06,17:42,Punjab,Bahawalpur,Rural,29.5924,73.4696,Cloudy,307,38.9,8.0,Unlit,Dry,Dirt,2,100,Straight,Uphill,Physical,Yes,2,Motorcycle;Motorcycle,7.7,No,39,No,Not Applicable,No,No,120,Braking,Animal Crossing,Side-swipe,Front,3,1016,Off-peak,11.0,20.0,0,2,1,Moderate,Medium
PK-2024-01038,2024-01-07,01:20,Punjab,Sargodha,Rural,30.0018,72.2765,Rain,102,28.5,43.6,Unlit,Icy,Asphalt,1,80,Gentle,Flat,Painted,Yes,1,Motorcycle,17.9,No,28,Yes,Yes,No,No,100,Braking,Wrong Side,Rear-end,Rear,1,1425,Off-peak,2.6,5.5,1,3,2,Total,Critical
PK-2024-01039,2024-04-14,10:52,Sindh,Hyderabad,Rural,24.2135,69.0737,Haze,79,19.4,22.9,Street-lit,Wet,Dirt,4,80,Gentle,Uphill,Physical,No,2,Auto-rickshaw;Car,16.9,Yes,37,Partial,Partial,Yes,No,70,Braking,Speeding,Rear-end,Front,2,1496,Peak,1.9,8.0,0,0,3,Moderate,Medium
PK-2024-01040,2024-09-08,20:31,KPK,Mardan,Urban,33.7161,70.2246,Clear,56,25.5,51.2,Tunnel,Dry,Asphalt,2,110,Straight,Uphill,Painted,Yes,2,Motorcycle;Motorcycle,9.9,No,23,Yes,Not Applicable,No,No,125,Swerving,Mobile Phone,Side-swipe,Front,3,989,Off-peak,7.4,13.8,0,0,2,Minor,Medium
PK-2024-01041,2024-09-22,09:15,KPK,Dera Ismail Khan,Rural,33.6743,72.6852,Fog,94,28.3,1.0,Tunnel,Wet,Asphalt,3,80,Sharp,Uphill,Painted,No,3,Car;Motorcycle;Motorcycle,15.1,No,50,No,No,Yes,No,85,None,Signal Violation,Side-swipe,Rear,2,1565,Off-peak,0.5,4.1,3,4,1,Severe,Critical
PK-2024-01042,2024-02-24,15:26,Sindh,Hyderabad,Urban,24.8595,67.6202,Clear,335,27.9,21.0,Daylight,Muddy,Concrete,3,40,Gentle,Uphill,Painted,Yes,2,Car;Motorcycle,16.8,Yes,16,No,Partial,No,No,45,Braking,Signal Violation,Multi-vehicle pileup,Side,1,401,Off-peak,29.2,38.7,0,3,4,Severe,High
PK-2024-01043,2024-08-06,15:59,Balochistan,Gwadar,Highway,28.2284,66.533,Clear,325,20.5,25.1,Tunnel,Dry,Asphalt,4,100,Gentle,Uphill,Physical,No,2,Motorcycle;Auto-rickshaw,14.2,No,47,Yes,Not Applicable,No,No,110,None,Speeding,Head-on,Front,2,1411,Off-peak,8.3,8.3,1,2,2,Severe,High
PK-2024-01044,2024-05-10,17:48,Punjab,Multan,Urban,31.4245,73.7864,Clear,21,38.9,37.8,Daylight,Wet,Asphalt,1,50,Sharp,Downhill,Painted,Yes,3,Motorcycle;Bus;Bicycle,15.3,No,40,Yes,Not Applicable,No,No,40,Swerving,Speeding,Head-on,Side,1,410,Off-peak,33.4,41.9,0,1,2,Minor,Medium
PK-2024-01045,2024-12-18,03:13,Punjab,Multan,Residential,31.0111,72.3173,Cloudy,1032,31.5,3.3,Daylight,Dry,Dirt,4,100,Sharp,Flat,Physical,Yes,4,Truck;Car;Motorcycle;Bus,13.7,No,26,Yes,Yes,No,No,100,Swerving,Speeding,Rollover,Side,2,1987,Peak,29.4,41.0,0,2,3,Severe,High
PK-2024-01046,2024-04-01,08:54,Sindh,Karachi,Highway,24.957,68.6365,Haze,193,41.5,20.4,Unlit,Wet,Gravel,1,80,Hairpin,Flat,Physical,No,3,Car;Motorcycle;Truck,12.8,No,54,Partial,Yes,No,Unknown,75,Braking,Signal Violation,Fixed-object,Rear,2,336,Peak,3.0,12.2,1,3,4,Severe,High
PK-2024-01047,2024-08-14,00:42,Sindh,Larkana,Urban,25.8472,66.7099,Heavy Rain,1500,33.3,8.9,Daylight,Potholed,Gravel,2,60,Gentle,Uphill,Painted,Yes,2,Truck;Truck,2.1,No,45,Yes,No,No,Unknown,70,None,Mobile Phone,Rollover,Rear,1,497,Peak,29.7,42.4,2,2,3,Severe,Critical
PK-2024-01048,2024-10-23,12:02,Punjab,Sialkot,Urban,30.3506,74.552,Cloudy,28,33.6,2.3,Unlit,Wet,Asphalt,3,60,Gentle,Downhill,None,Yes,2,Car;Auto-rickshaw,15.9,No,42,No,No,No,Unknown,100,None,Mechanical Failure,Side-swipe,Front,3,938,Peak,2.3,7.7,1,2,1,Total,Critical
PK-2024-01049,2024-03-13,14:40,Balochistan,Khuzdar,Highway,29.0956,66.2083,Cloudy,36,30.6,10.7,Tunnel,Dry,Asphalt,4,100,Straight,Flat,Physical,Yes,2,Auto-rickshaw;Motorcycle,11.1,No,16,Partial,No,No,No,90,Braking,Overloading,Head-on,Front,3,1299,Peak,16.8,17.6,3,3,1,Severe,Critical
PK-2024-01050,2024-01-23,23:24,Balochistan,Quetta,Rural,29.1422,67.8665,Clear,233,28.1,12.3,Unlit,Potholed,Asphalt,1,100,Sharp,Flat,Painted,No,2,Car;Bicycle,18.6,No,46,No,Not Applicable,No,No,95,None,Drunk Driving,Rear-end,Side,1,353,Peak,33.0,43.7,3,3,2,Severe,Critical
PK-2024-01051,2024-03-22,18:40,KPK,Abbottabad,Urban,33.4413,70.5636,Rain,140,38.7,9.4,Daylight,Muddy,Asphalt,6,80,Straight,Downhill,Physical,No,1,Auto-rickshaw,4.3,No,22,No,Yes,No,No,80,None,Weather,Side-swipe,Front,2,730,Peak,1.8,4.8,0,0,3,Moderate,Medium
PK-2024-01052,2024-02-10,02:47,Sindh,Karachi,Urban,25.7592,66.9663,Rain,185,18.4,2.4,Daylight,Wet,Gravel,2,30,Sharp,Downhill,None,Yes,2,Bus;Motorcycle,10.4,No,18,No,Not Applicable,No,Unknown,60,None,Human Error,Rear-end,Rear,3,666,Peak,4.1,7.3,1,2,4,Moderate,High
PK-2024-01053,2024-06-24,09:38,Punjab,Sialkot,Rural,31.5137,74.2738,Dust Storm,344,38.0,23.9,Daylight,Flooding,Asphalt,4,60,Gentle,Flat,Physical,No,2,Bus;Auto-rickshaw,14.1,No,27,Partial,Yes,No,No,70,Braking,Human Error,Multi-vehicle pileup,Rear,1,1759,Off-peak,0.7,7.5,1,2,1,Total,Critical
PK-2024-01054,2024-07-22,17:48,Punjab,Multan,Rural,31.6456,73.0961,Fog,1500,29.1,3.6,Daylight,Flooding,Concrete,2,40,Straight,Flat,Painted,Yes,3,Motorcycle;Car;Car,9.1,No,40,No,No,No,No,45,None,Speeding,Pedestrian,Side,1,1269,Peak,7.0,9.8,1,1,4,Moderate,High
PK-2024-01055,2024-05-18,07:05,Sindh,Nawabshah,Rural,24.4171,66.7397,Clear,21,34.4,3.5,Street-lit,Potholed,Gravel,4,110,Sharp,Flat,Physical,Yes,2,Motorcycle;Auto-rickshaw,12.4,No,62,Yes,Yes,No,No,115,Swerving,Speeding,Head-on,Front,1,1970,Peak,3.3,4.0,1,3,1,Total,Critical
PK-2024-01056,2024-04-05,21:47,Sindh,Hyderabad,Urban,24.5055,67.9268,Clear,99,27.2,0.9,Street-lit,Dry,Asphalt,4,60,Gentle,Flat,Physical,Yes,1,Motorcycle,10.0,No,25,No,Not Applicable,No,No,80,Braking,Animal Crossing,Rollover,Side,1,1440,Off-peak,4.5,8.8,0,1,3,Moderate,Medium
PK-2024-01057,2024-01-26,11:37,Punjab,Sargodha,Highway,30.7283,72.2838,Cloudy,737,25.6,0.4,Unlit,Wet,Asphalt,2,80,Straight,Flat,None,Yes,3,Car;Motorcycle;Auto-rickshaw,8.3,No,45,Partial,Not Applicable,No,No,80,None,Mechanical Failure,Rear-end,Front,2,889,Off-peak,33.9,45.9,0,0,2,Moderate,Medium
PK-2024-01058,2024-07-04,00:02,KPK,Dera Ismail Khan,Urban,34.6192,72.9282,Cloudy,962,31.6,0.0,Street-lit,Dry,Concrete,2,80,Sharp,Uphill,Painted,Yes,4,Auto-rickshaw;Car;Motorcycle;Truck,19.1,No,16,Yes,Not Applicable,Yes,Yes,95,Braking,Wrong Side,Head-on,Front,1,1131,Peak,17.5,27.3,0,2,2,Moderate,High
PK-2024-01059,2024-07-04,04:13,Balochistan,Quetta,Rural,28.7457,67.3087,Clear,20,40.2,2.0,Street-lit,Wet,Gravel,6,40,Gentle,Flat,Physical,No,3,Car;Motorcycle;Motorcycle,15.0,Yes,26,Yes,No,No,No,35,Braking,Weather,Side-swipe,Side,1,115,Peak,12.3,21.5,0,0,1,Minor,Low
PK-2024-01060,2024-02-01,09:32,KPK,Dera Ismail Khan,Rural,32.733,71.6301,Clear,526,16.9,23.0,Street-lit,Flooding,Concrete,1,30,Hairpin,Flat,Physical,Yes,4,Car;Auto-rickshaw;Auto-rickshaw;Truck,18.5,No,21,No,No,No,Unknown,60,Braking,Signal Violation,Rear-end,Rear,1,1340,Peak,7.0,9.3,0,2,2,Severe,High
PK-2024-01061,2024-01-27,10:26,Islamabad,Islamabad,Rural,33.5616,74.4613,Rain,231,17.8,13.9,Tunnel,Construction,Dirt,4,100,Sharp,Flat,Physical,No,2,Car;Truck,9.9,No,16,No,Yes,No,No,115,None,Human Error,Pedestrian,Rear,1,1099,Off-peak,0.6,3.0,1,4,1,Total,Critical
PK-2024-01062,2024-10-03,05:37,Punjab,Gujranwala,Urban,30.9695,74.3161,Clear,20,34.2,54.1,Street-lit,Wet,Concrete,2,60,Straight,Flat,Physical,No,3,Motorcycle;Motorcycle;Car,18.3,No,29,Yes,No,No,Unknown,50,Braking,Signal Violation,Pedestrian,Side,1,821,Peak,24.0,35.7,0,0,2,Moderate,Medium
PK-2024-01063,2024-08-16,10:18,Punjab,Lahore,Rural,30.8559,73.332,Clear,821,28.9,8.0,Dawn-Dusk,Icy,Asphalt,4,110,Straight,Uphill,None,Yes,2,Motorcycle;Motorcycle,17.8,No,48,No,Partial,No,No,140,Swerving,Mobile Phone,Rear-end,Side,1,182,Off-peak,10.3,21.8,0,2,3,Severe,High
PK-2024-01064,2024-12-04,14:27,Sindh,Larkana,Residential,25.1359,68.111,Haze,110,36.8,27.8,Daylight,Dry,Asphalt,3,40,Gentle,Flat,Physical,No,2,Truck;Motorcycle,2.2,No,19,No,No,No,No,55,None,Speeding,Side-swipe,Front,2,1551,Off-peak,13.5,17.7,0,2,2,Minor,Medium
PK-2024-01065,2024-01-15,13:24,KPK,Abbottabad,Rural,32.9573,70.0104,Rain,298,30.6,20.9,Street-lit,Potholed,Gravel,2,60,Straight,Uphill,Physical,No,2,Motorcycle;Car,9.8,No,44,Yes,No,No,No,65,None,Human Error,Pedestrian,Front,1,1137,Peak,29.9,37.5,0,0,1,Minor,Medium
PK-2024-01066,2024-07-26,19:16,Balochistan,Quetta,Rural,28.9635,65.5718,Cloudy,454,30.9,9.7,Dawn-Dusk,Wet,Concrete,4,50,Sharp,Flat,None,Yes,2,Truck;Auto-rickshaw,15.8,No,58,No,Not Applicable,Yes,No,50,None,Speeding,Rear-end,Front,1,1186,Peak,20.3,29.6,0,1,2,Moderate,Medium
PK-2024-01067,2024-04-17,07:24,Punjab,Multan,Urban,30.3198,72.2138,Fog,457,31.1,1.7,Unlit,Dry,Asphalt,2,40,Gentle,Flat,Physical,No,2,Car;Motorcycle,16.2,No,39,Partial,No,No,No,45,None,Drunk Driving,Fixed-object,Side,2,234,Off-peak,8.9,18.4,0,0,1,Moderate,Medium
PK-2024-01068,2024-07-16,16:14,Sindh,Larkana,Highway,26.981,68.9137,Cloudy,20,17.7,0.6,Tunnel,Construction,Concrete,2,120,Gentle,Flat,Painted,Yes,3,Car;Truck;Truck,10.2,No,23,No,Yes,No,No,115,Swerving,Drunk Driving,Fixed-object,Front,1,722,Peak,2.5,11.6,2,2,2,Severe,Critical
PK-2024-01069,2024-08-17,04:47,Punjab,Faisalabad,Highway,31.3753,74.9971,Heavy Rain,414,29.4,2.0,Dawn-Dusk,Wet,Dirt,2,60,Sharp,Flat,Physical,Yes,3,Car;Auto-rickshaw;Motorcycle,18.6,No,41,Yes,No,No,No,80,Swerving,Wrong Side,Rollover,Front,2,394,Off-peak,20.9,26.8,2,2,1,Total,Critical
PK-2024-01070,2024-06-24,22:01,Punjab,Rawalpindi,Residential,30.9936,72.3129,Fog,20,27.8,66.6,Daylight,Construction,Asphalt,2,120,Straight,Flat,Physical,Yes,2,Truck;Motorcycle,20.0,No,26,No,Yes,No,No,125,Braking,Mechanical Failure,Head-on,Front,1,850,Peak,1.9,11.4,1,2,2,Severe,Critical
PK-2024-01071,2024-01-14,02:32,Balochistan,Quetta,Rural,30.3618,66.3731,Fog,191,36.5,5.3,Daylight,Icy,Asphalt,3,50,Gentle,Flat,Painted,No,3,Auto-rickshaw;Motorcycle;Motorcycle,11.5,No,35,Yes,No,No,No,60,None,Signal Violation,Rear-end,Front,2,1349,Off-peak,10.8,16.9,0,2,4,Moderate,High
PK-2024-01072,2024-03-28,17:18,Sindh,Hyderabad,Rural,24.0354,66.879,Haze,667,45.8,0.3,Tunnel,Wet,Gravel,6,60,Gentle,Uphill,Physical,No,2,Motorcycle;Motorcycle,16.5,No,45,Yes,No,No,No,65,Braking,Signal Violation,Pedestrian,Rear,1,454,Off-peak,17.5,24.6,0,0,1,Minor,Low
PK-2024-01073,2024-04-21,01:59,Punjab,Bahawalpur,Residential,32.1572,72.0632,Heavy Rain,153,26.7,0.3,Daylight,Potholed,Concrete,4,60,Sharp,Uphill,Physical,No,1,Car,17.1,No,25,Yes,Yes,No,No,65,None,Wrong Side,Rear-end,Rear,1,899,Off-peak,7.7,10.0,0,2,2,Minor,Medium
PK-2024-01074,2024-10-10,06:42,KPK,Peshawar,Urban,32.1613,71.5661,Clear,254,12.5,9.7,Dawn-Dusk,Dry,Asphalt,1,110,Straight,Uphill,Physical,Yes,2,Motorcycle;Truck,16.0,No,52,Yes,Not Applicable,No,No,120,Braking,Signal Violation,Side-swipe,Roof,1,976,Peak,5.3,14.0,0,0,0,Minor,Low
PK-2024-01075,2024-12-07,17:19,Sindh,Karachi,Highway,24.0589,68.0538,Clear,328,20.5,0.5,Dawn-Dusk,Construction,Asphalt,4,50,Gentle,Flat,Physical,Yes,2,Motorcycle;Motorcycle,10.4,No,46,No,Not Applicable,No,No,55,Swerving,Overloading,Pedestrian,Side,2,1047,Off-peak,7.1,14.8,0,2,2,Moderate,Medium
PK-2024-01076,2024-10-28,01:46,Sindh,Hyderabad,Rural,24.437,68.902,Fog,71,39.2,8.7,Daylight,Wet,Concrete,2,60,Straight,Flat,Physical,No,2,Motorcycle;Car,4.7,No,16,No,No,Yes,No,50,Braking,Signal Violation,Head-on,Side,3,429,Off-peak,5.7,11.4,2,4,2,Total,Critical
PK-2024-01077,2024-01-05,19:19,Sindh,Larkana,Rural,24.6331,67.3282,Heavy Rain,1500,18.3,20.3,Street-lit,Potholed,Asphalt,4,30,Gentle,Uphill,Physical,No,1,Truck,13.4,No,28,Yes,Yes,No,No,60,None,Drunk Driving,Fixed-object,Side,1,1181,Off-peak,39.5,54.4,0,3,4,Severe,High
PK-2024-01078,2024-02-18,06:26,Sindh,Hyderabad,Highway,26.2284,69.3455,Haze,161,34.5,40.9,Street-lit,Wet,Dirt,2,100,Straight,Downhill,None,No,2,Car;Motorcycle,6.6,Yes,58,Yes,No,No,No,120,None,Human Error,Rollover,Rear,1,928,Peak,11.2,20.0,1,4,1,Total,Critical
PK-2024-01079,2024-09-19,10:07,Balochistan,Gwadar,Rural,29.5124,65.154,Clear,379,29.9,15.4,Daylight,Potholed,Dirt,2,100,Sharp,Flat,Physical,Yes,3,Auto-rickshaw;Car;Truck,19.2,No,23,Yes,Yes,Yes,No,115,Braking,Speeding,Rear-end,Rear,1,116,Off-peak,4.1,7.5,0,1,1,Moderate,Medium
PK-2024-01080,2024-06-27,02:17,Punjab,Multan,Highway,31.846,73.682,Cloudy,1500,20.7,52.1,Dawn-Dusk,Potholed,Dirt,2,30,Gentle,Flat,Physical,Yes,3,Motorcycle;Motorcycle;Truck,6.6,No,43,Yes,Yes,No,No,60,Braking,Human Error,Rear-end,Front,1,1509,Off-peak,24.5,32.4,0,0,0,Minor,Low
PK-2024-01081,2024-01-27,18:59,Punjab,Rawalpindi,Highway,30.6795,72.4477,Rain,128,38.1,2.5,Daylight,Dry,Asphalt,6,40,Gentle,Flat,Physical,No,2,Car;Motorcycle,9.2,Yes,38,No,Yes,No,No,55,None,Animal Crossing,Rear-end,Side,2,478,Peak,5.8,8.5,0,0,1,Moderate,Medium
PK-2024-01082,2024-01-18,00:53,Sindh,Larkana,Urban,26.3672,69.1105,Rain,33,33.0,13.3,Daylight,Wet,Dirt,3,100,Straight,Downhill,None,Yes,3,Truck;Motorcycle;Auto-rickshaw,6.2,No,35,Yes,No,No,Unknown,105,Swerving,Signal Violation,Head-on,Front,1,1114,Peak,1.1,12.1,1,2,2,Total,Critical
PK-2024-01083,2024-01-04,22:09,Sindh,Sukkur,Urban,25.8648,67.618,Fog,800,34.8,23.7,Daylight,Dry,Asphalt,2,40,Straight,Flat,Physical,Yes,2,Truck;Car,4.6,No,38,Yes,Yes,No,No,45,Braking,Human Error,Rear-end,Rear,1,628,Off-peak,19.8,28.7,0,0,2,None,Low
PK-2024-01084,2024-09-18,07:15,Sindh,Larkana,Rural,25.428,69.4612,Rain,404,21.5,4.4,Unlit,Potholed,Asphalt,2,100,Straight,Uphill,Physical,No,2,Car;Bicycle,12.2,Yes,40,Yes,Partial,No,No,140,Braking,Signal Violation,Side-swipe,Front,1,1264,Peak,8.4,19.0,1,3,1,Total,Critical
PK-2024-01085,2024-03-15,22:08,Punjab,Faisalabad,Urban,31.5253,73.9236,Cloudy,274,40.6,30.1,Street-lit,Dry,Asphalt,6,40,Straight,Flat,Physical,Yes,1,Bicycle,15.7,No,35,Partial,Partial,No,No,80,Swerving,Animal Crossing,Head-on,Rear,3,69,Peak,28.7,43.7,0,2,3,Severe,High
PK-2024-01086,2024-03-15,15:27,Punjab,Bahawalpur,Rural,29.7702,73.0737,Cloudy,84,28.3,2.7,Unlit,Dry,Asphalt,4,110,Gentle,Uphill,None,Yes,2,Car;Auto-rickshaw,7.4,No,29,No,Not Applicable,No,No,110,None,Speeding,Rollover,Front,1,1069,Peak,11.9,21.4,2,3,1,Total,Critical
PK-2024-01087,2024-02-18,03:56,Sindh,Larkana,Residential,24.3688,68.3912,Rain,35,24.0,2.6,Dawn-Dusk,Dry,Concrete,1,80,Straight,Uphill,None,No,3,Motorcycle;Motorcycle;Truck,7.7,Yes,36,Partial,No,No,No,90,None,Mobile Phone,Fixed-object,Front,1,891,Peak,5.2,5.4,3,3,3,Total,Critical
PK-2024-01088,2024-12-22,05:54,Sindh,Hyderabad,Urban,24.0833,67.3407,Rain,148,27.9,6.6,Dawn-Dusk,Dry,Asphalt,3,50,Straight,Uphill,Physical,Yes,1,Motorcycle,17.3,No,16,No,Not Applicable,Yes,No,70,Swerving,Mobile Phone,Rollover,Rear,1,83,Off-peak,7.3,15.7,0,3,3,Severe,High
PK-2024-01089,2024-07-10,06:05,Balochistan,Khuzdar,Rural,29.8879,67.4057,Fog,975,25.9,2.1,Unlit,Dry,Dirt,4,80,Straight,Flat,Physical,No,2,Motorcycle;Motorcycle,7.9,No,47,No,Not Applicable,No,No,85,None,Signal Violation,Head-on,Front,3,719,Off-peak,2.8,8.6,3,3,1,Total,Critical
PK-2024-01090,2024-05-23,11:26,Punjab,Bahawalpur,Highway,29.6408,72.335,Haze,20,14.2,2.3,Street-lit,Dry,Asphalt,3,60,Sharp,Flat,None,Yes,4,Car;Car;Truck;Motorcycle,6.9,No,38,No,No,No,No,100,Braking,Signal Violation,Pedestrian,Rear,1,1119,Off-peak,4.4,12.3,1,2,1,Total,Critical
PK-2024-01091,2024-01-15,18:19,Punjab,Rawalpindi,Residential,31.3406,72.2561,Cloudy,172,30.9,1.2,Daylight,Potholed,Asphalt,3,50,Straight,Uphill,Physical,No,2,Motorcycle;Auto-rickshaw,16.8,No,40,Yes,No,No,No,90,None,Mechanical Failure,Pedestrian,Front,1,1478,Off-peak,22.4,24.2,1,4,1,Total,Critical
PK-2024-01092,2024-06-12,03:29,Punjab,Bahawalpur,Highway,29.9037,72.837,Clear,243,27.2,9.7,Daylight,Construction,Concrete,2,50,Gentle,Downhill,Painted,No,2,Bicycle;Auto-rickshaw,10.1,No,51,No,Yes,No,No,60,Swerving,Human Error,Head-on,Side,1,330,Off-peak,13.3,17.9,0,0,2,Minor,Medium
PK-2024-01093,2024-03-02,23:05,Sindh,Karachi,Rural,26.2544,67.7055,Fog,1162,24.9,4.5,Daylight,Dry,Asphalt,2,40,Hairpin,Uphill,Physical,Yes,5,Car;Truck;Auto-rickshaw;Motorcycle;Motorcycle,6.7,No,33,No,Yes,Yes,No,40,None,Mobile Phone,Multi-vehicle pileup,Side,1,993,Peak,7.2,19.9,0,1,2,Moderate,Medium
PK-2024-01094,2024-12-26,13:22,Balochistan,Khuzdar,Urban,29.6218,66.9861,Fog,859,32.2,16.5,Street-lit,Icy,Gravel,2,60,Straight,Flat,Painted,Yes,2,Car;Motorcycle,4.8,No,26,No,No,No,Unknown,55,None,Speeding,Fixed-object,Front,1,1881,Off-peak,4.2,9.2,0,2,3,Moderate,High
PK-2024-01095,2024-04-15,09:22,Sindh,Hyderabad,Urban,25.6955,69.1795,Clear,1298,39.9,5.7,Daylight,Construction,Gravel,3,60,Straight,Flat,Painted,Yes,2,Motorcycle;Auto-rickshaw,5.1,Yes,36,No,Not Applicable,No,No,65,Braking,Speeding,Rear-end,Side,2,1975,Off-peak,35.3,43.3,0,0,0,Minor,Low
PK-2024-01096,2024-12-22,19:50,Sindh,Larkana,Highway,26.5572,66.6585,Clear,602,22.3,5.7,Daylight,Potholed,Asphalt,2,110,Straight,Uphill,Painted,Yes,3,Car;Bus;Auto-rickshaw,8.8,Yes,16,No,Not Applicable,Yes,No,110,Swerving,Overloading,Fixed-object,Roof,1,1343,Off-peak,2.7,9.6,0,2,4,Severe,High
PK-2024-01097,2024-10-20,09:44,KPK,Abbottabad,Urban,32.5613,72.6072,Cloudy,215,32.0,12.5,Daylight,Potholed,Dirt,1,110,Straight,Flat,None,Yes,3,Motorcycle;Bicycle;Truck,4.1,No,16,No,No,No,No,120,Braking,Animal Crossing,Rear-end,Front,1,1639,Off-peak,9.8,18.5,0,3,3,Moderate,High
PK-2024-01098,2024-07-26,20:57,Sindh,Karachi,Highway,24.3967,67.1136,Cloudy,445,24.2,17.4,Daylight,Dry,Asphalt,2,120,Gentle,Flat,Painted,Yes,2,Auto-rickshaw;Car,3.3,No,51,No,Yes,Yes,No,115,Braking,Drunk Driving,Rollover,Rear,1,377,Peak,1.7,3.0,0,0,3,Moderate,Medium
PK-2024-01099,2024-07-24,22:52,Balochistan,Turbat,Rural,29.723,67.1644,Rain,239,35.3,22.2,Daylight,Wet,Asphalt,2,30,Sharp,Downhill,Painted,Yes,2,Auto-rickshaw;Motorcycle,19.1,No,40,Yes,Yes,No,No,35,Braking,Signal Violation,Rear-end,Rear,2,358,Off-peak,11.4,17.7,0,0,1,Minor,Low
PK-2024-01100,2024-02-13,09:08,Punjab,Faisalabad,Rural,31.2371,72.3602,Clear,143,30.8,1.6,Daylight,Construction,Asphalt,2,60,Straight,Flat,None,Yes,2,Motorcycle;Motorcycle,4.8,No,24,No,Not Applicable,Yes,No,65,None,Mobile Phone,Rear-end,Side,1,1792,Peak,3.2,8.0,0,0,1,None,Low
PK-2024-01101,2024-11-13,09:56,Punjab,Sialkot,Urban,31.8227,73.6509,Fog,20,33.0,5.5,Street-lit,Dry,Dirt,2,40,Straight,Downhill,None,No,3,Car;Car;Car,14.4,No,16,No,Yes,No,No,60,None,Weather,Pedestrian,Side,2,174,Off-peak,1.3,9.5,0,0,2,Moderate,Medium
PK-2024-01102,2024-10-12,23:06,KPK,Mardan,Urban,34.0242,70.6442,Clear,513,33.1,16.5,Daylight,Construction,Asphalt,2,50,Gentle,Uphill,None,No,3,Auto-rickshaw;Motorcycle;Truck,6.3,No,49,No,Partial,No,No,55,Braking,Overloading,Head-on,Roof,2,1460,Off-peak,0.6,5.2,0,0,1,Minor,Low