incident_id,date,time,province,district,road_type,latitude,longitude,weather,visibility_meters,temperature_c,wind_speed_kmh,lighting,road_condition,surface_material,number_of_lanes,speed_limit_kmh,road_curvature,road_gradient,median_type,shoulder_available,num_vehicles,vehicle_types,vehicle_avg_age_years,overloading_detected,driver_age,helmet_usage,seatbelt_usage,mobile_phone_suspected,alcohol_drug_suspected,speed_at_impact_kmh,evasive_action,accident_cause,collision_type,impact_point,num_collisions,traffic_volume_per_hour,peak_off_peak,distance_to_hospital_km,expected_response_min,fatalities,serious_injuries,minor_injuries,property_damage_level,severity
PK-2024-01103,2024-11-27,16:39,Punjab,Faisalabad,Rural,31.4076,73.861,Cloudy,245,43.5,3.8,Tunnel,Muddy,Concrete,2,80,Straight,Flat,Physical,No,4,Car;Motorcycle;Motorcycle;Truck,6.0,Yes,45,No,No,No,No,85,Swerving,Overloading,Head-on,Side,1,406,Off-peak,8.8,19.4,1,3,3,Severe,Critical
PK-2024-01104,2024-06-25,11:25,Sindh,Nawabshah,Residential,26.6836,68.488,Cloudy,204,22.6,14.5,Unlit,Wet,Asphalt,4,110,Gentle,Uphill,Physical,No,2,Car;Auto-rickshaw,20.0,Yes,25,Yes,No,No,No,125,Braking,Signal Violation,Side-swipe,Side,1,678,Peak,1.1,9.0,0,0,2,Minor,Medium
PK-2024-01105,2024-10-11,21:14,Islamabad,Islamabad,Urban,35.169,73.8939,Fog,240,31.2,1.1,Tunnel,Dry,Concrete,2,40,Straight,Downhill,Painted,Yes,2,Motorcycle;Bicycle,12.7,No,39,Yes,Not Applicable,No,No,70,Braking,Speeding,Fixed-object,Rear,2,60,Peak,11.6,19.9,0,1,2,Moderate,Medium
PK-2024-01106,2024-06-26,11:03,Punjab,Bahawalpur,Urban,29.6226,72.4964,Clear,618,21.1,2.1,Daylight,Potholed,Dirt,2,80,Gentle,Uphill,Painted,No,4,Auto-rickshaw;Car;Motorcycle;Auto-rickshaw,18.6,Yes,40,Yes,No,No,No,100,Braking,Mobile Phone,Side-swipe,Side,3,284,Peak,16.3,29.0,1,3,4,Severe,High
PK-2024-01107,2024-12-11,08:17,Sindh,Larkana,Urban,24.897,69.3817,Haze,640,31.2,0.4,Daylight,Potholed,Asphalt,1,40,Gentle,Flat,Painted,Yes,3,Truck;Motorcycle;Motorcycle,9.9,Yes,16,Yes,Partial,No,Unknown,55,Braking,Speeding,Side-swipe,Front,1,1955,Peak,1.0,3.4,0,0,1,Minor,Low
PK-2024-01108,2024-06-02,02:58,Sindh,Hyderabad,Highway,24.4812,68.3301,Clear,120,35.5,18.2,Daylight,Muddy,Concrete,1,110,Straight,Uphill,Physical,Yes,3,Motorcycle;Car;Car,18.3,Yes,40,No,Yes,No,No,125,Braking,Weather,Side-swipe,Rear,2,1205,Off-peak,11.8,21.0,0,3,4,Severe,High
PK-2024-01109,2024-11-28,21:33,Sindh,Sukkur,Highway,25.1216,67.2688,Fog,419,34.2,1.3,Street-lit,Wet,Dirt,4,50,Gentle,Flat,Painted,Yes,1,Motorcycle,12.8,No,51,Yes,No,No,No,55,None,Signal Violation,Side-swipe,Front,1,1533,Peak,2.8,12.1,0,0,2,None,Low
PK-2024-01110,2024-12-08,01:56,Punjab,Lahore,Rural,31.0111,73.2904,Clear,54,28.1,17.8,Daylight,Wet,Asphalt,4,40,Sharp,Downhill,Painted,No,1,Car,19.7,No,54,Yes,Not Applicable,No,Unknown,55,Braking,Human Error,Side-swipe,Side,2,1804,Off-peak,36.2,48.2,0,0,2,Minor,Low
PK-2024-01111,2024-02-22,19:47,KPK,Mardan,Rural,32.8632,72.3125,Clear,41,26.7,1.4,Unlit,Dry,Asphalt,2,40,Sharp,Flat,None,Yes,3,Bicycle;Motorcycle;Auto-rickshaw,15.1,No,37,No,Not Applicable,No,No,40,Braking,Human Error,Rear-end,Side,2,1280,Off-peak,21.2,33.6,0,0,2,Minor,Low
PK-2024-01112,2024-09-13,17:27,Sindh,Hyderabad,Urban,26.8005,69.18,Dust Storm,421,33.4,9.0,Daylight,Dry,Asphalt,3,60,Gentle,Downhill,Painted,No,3,Auto-rickshaw;Motorcycle;Car,9.4,No,47,Yes,No,No,No,70,Swerving,Wrong Side,Side-swipe,Front,2,808,Off-peak,11.7,16.1,0,0,1,Moderate,Medium
PK-2024-01113,2024-07-12,08:05,KPK,Abbottabad,Rural,33.5331,70.5891,Rain,337,39.3,29.8,Unlit,Wet,Gravel,1,50,Straight,Flat,Painted,No,3,Car;Motorcycle;Truck,18.2,No,20,Yes,No,No,Unknown,50,None,Wrong Side,Side-swipe,Side,1,515,Peak,17.3,23.1,0,0,1,Minor,Medium
PK-2024-01114,2024-04-10,11:57,Islamabad,Islamabad,Urban,34.5389,73.8298,Cloudy,1077,18.7,9.6,Daylight,Potholed,Concrete,2,40,Straight,Flat,Physical,Yes,1,Motorcycle,13.3,No,39,No,No,No,Unknown,55,Swerving,Weather,Side-swipe,Front,1,1683,Off-peak,80.0,90.0,0,0,2,None,Low
PK-2024-01115,2024-06-04,04:59,Sindh,Hyderabad,Urban,24.0785,66.8589,Clear,335,21.3,11.7,Daylight,Wet,Asphalt,6,110,Straight,Flat,None,Yes,2,Car;Motorcycle,19.9,No,23,Partial,Yes,No,No,115,None,Human Error,Rear-end,Front,2,1559,Peak,14.9,22.0,0,0,1,None,Low
PK-2024-01116,2024-12-25,05:18,Punjab,Faisalabad,Urban,29.7715,72.8142,Clear,208,34.1,2.4,Unlit,Wet,Concrete,2,40,Straight,Flat,Painted,Yes,3,Car;Car;Car,5.1,No,35,Yes,Not Applicable,No,No,50,None,Speeding,Rear-end,Roof,3,1627,Peak,1.9,6.0,0,0,0,Minor,Low
PK-2024-01117,2024-12-22,14:15,Punjab,Lahore,Rural,31.5552,73.5296,Fog,33,25.2,14.0,Daylight,Wet,Asphalt,6,80,Gentle,Downhill,Painted,Yes,2,Auto-rickshaw;Truck,15.1,No,35,Partial,Partial,No,No,110,Braking,Wrong Side,Rear-end,Front,1,1021,Peak,11.2,17.1,0,2,4,Moderate,High
PK-2024-01118,2024-05-14,18:38,Punjab,Bahawalpur,Highway,32.3594,73.8992,Clear,248,27.6,1.5,Daylight,Muddy,Concrete,3,100,Straight,Uphill,None,Yes,1,Auto-rickshaw,19.3,No,37,No,No,No,No,95,Braking,Mechanical Failure,Pedestrian,Front,2,1209,Off-peak,21.6,28.4,1,2,1,Total,Critical
PK-2024-01119,2024-05-13,15:17,Sindh,Nawabshah,Rural,24.3335,66.7167,Clear,919,14.8,0.5,Daylight,Icy,Concrete,4,40,Gentle,Downhill,Painted,No,2,Car;Motorcycle,13.9,No,41,Yes,Yes,No,Unknown,40,None,Overloading,Rear-end,Front,3,1496,Off-peak,4.9,9.7,0,0,1,None,Low
PK-2024-01120,2024-10-09,04:14,Balochistan,Turbat,Highway,28.3172,66.0939,Clear,247,31.1,24.1,Daylight,Flooding,Gravel,6,60,Straight,Uphill,Painted,Yes,3,Car;Car;Motorcycle,9.7,No,58,No,Yes,No,No,70,None,Mechanical Failure,Rear-end,Rear,1,299,Peak,19.5,31.6,0,3,4,Severe,High
PK-2024-01121,2024-06-11,12:45,Sindh,Nawabshah,Highway,24.3493,67.7371,Clear,303,22.1,3.5,Unlit,Dry,Gravel,2,80,Straight,Downhill,Physical,No,2,Motorcycle;Motorcycle,4.7,No,16,No,No,Yes,No,100,Braking,Animal Crossing,Rear-end,Side,2,1390,Off-peak,19.5,30.7,0,3,4,Moderate,High
PK-2024-01122,2024-09-28,19:03,Sindh,Sukkur,Highway,25.905,66.8045,Clear,83,32.6,12.0,Daylight,Potholed,Gravel,3,40,Straight,Flat,Physical,Yes,3,Motorcycle;Bus;Auto-rickshaw,5.0,No,53,Partial,Yes,No,No,40,None,Mobile Phone,Head-on,Side,3,1119,Off-peak,19.3,25.2,0,2,1,Minor,Medium
PK-2024-01123,2024-04-18,16:49,KPK,Swat,Highway,32.954,72.8749,Fog,167,28.4,12.4,Daylight,Muddy,Asphalt,4,50,Straight,Downhill,Physical,Yes,3,Car;Car;Car,9.4,No,21,Yes,Partial,No,No,45,Braking,Speeding,Side-swipe,Front,1,1960,Peak,5.8,12.7,0,0,2,Minor,Low
PK-2024-01124,2024-10-27,04:28,Punjab,Faisalabad,Urban,31.8756,72.8876,Cloudy,379,29.5,21.8,Street-lit,Construction,Asphalt,4,100,Straight,Downhill,Painted,No,3,Motorcycle;Auto-rickshaw;Bus,15.1,No,28,Yes,Yes,No,No,95,Swerving,Speeding,Side-swipe,Front,1,929,Peak,5.0,8.8,0,0,1,None,Low
PK-2024-01125,2024-09-01,05:57,Sindh,Nawabshah,Rural,24.3806,68.4308,Cloudy,766,31.1,2.4,Unlit,Flooding,Gravel,4,50,Straight,Uphill,Painted,Yes,2,Car;Motorcycle,12.9,Yes,25,Yes,Not Applicable,No,No,60,Swerving,Human Error,Pedestrian,Front,2,849,Off-peak,15.8,25.0,0,1,4,Severe,High
PK-2024-01126,2024-10-10,16:49,KPK,Dera Ismail Khan,Highway,32.1441,70.0676,Clear,637,23.4,8.9,Street-lit,Potholed,Asphalt,1,50,Sharp,Flat,Painted,Yes,3,Car;Car;Car,7.6,Yes,47,No,Not Applicable,No,No,60,None,Speeding,Head-on,Roof,1,1978,Off-peak,2.6,8.8,0,1,2,Minor,Medium
PK-2024-01127,2024-11-17,06:43,KPK,Abbottabad,Urban,34.8647,72.2972,Cloudy,74,40.5,20.9,Unlit,Dry,Gravel,1,50,Straight,Uphill,None,No,4,Auto-rickshaw;Car;Motorcycle;Car,19.3,Yes,30,No,Partial,Yes,Yes,50,None,Human Error,Rollover,Roof,1,1707,Peak,11.0,15.0,0,3,2,Severe,High
PK-2024-01128,2024-07-09,02:27,KPK,Dera Ismail Khan,Urban,32.5912,71.0922,Clear,236,17.5,11.6,Street-lit,Wet,Concrete,2,40,Sharp,Flat,Painted,Yes,2,Car;Car,18.8,Yes,31,No,Yes,No,No,50,Braking,Signal Violation,Multi-vehicle pileup,Rear,2,414,Peak,22.7,32.7,0,0,2,Minor,Medium
PK-2024-01129,2024-03-20,15:28,Sindh,Larkana,Urban,25.8236,69.4472,Clear,502,42.0,0.5,Daylight,Wet,Asphalt,4,50,Sharp,Flat,None,Yes,2,Car;Truck,5.0,No,29,No,Yes,Yes,No,55,Braking,Speeding,Side-swipe,Roof,2,1604,Off-peak,67.4,85.3,0,0,2,Minor,Low
PK-2024-01130,2024-11-20,10:55,Balochistan,Gwadar,Rural,28.7612,67.7652,Rain,478,32.6,12.9,Daylight,Wet,Asphalt,4,110,Sharp,Uphill,Physical,No,2,Car;Motorcycle,17.3,No,49,Yes,Yes,No,Yes,130,Swerving,Human Error,Fixed-object,Rear,1,1576,Off-peak,6.2,16.6,0,0,2,Minor,Medium
PK-2024-01131,2024-02-08,11:50,KPK,Abbottabad,Rural,33.3589,71.7925,Cloudy,23,8.7,15.6,Tunnel,Potholed,Concrete,3,30,Sharp,Downhill,Physical,Yes,2,Motorcycle;Car,12.8,No,31,Yes,Not Applicable,Yes,No,70,Swerving,Human Error,Head-on,Front,1,1187,Off-peak,10.1,15.7,1,2,3,Total,Critical
PK-2024-01132,2024-07-25,04:04,Punjab,Sialkot,Urban,29.7148,74.0068,Cloudy,38,25.2,17.5,Street-lit,Potholed,Asphalt,2,100,Sharp,Flat,Painted,Yes,3,Motorcycle;Car;Motorcycle,15.1,No,55,Yes,Yes,No,No,130,Swerving,Mobile Phone,Rear-end,Front,2,477,Peak,46.1,63.1,3,3,2,Severe,Critical
PK-2024-01133,2024-04-02,00:33,Punjab,Gujranwala,Urban,30.9982,73.7131,Rain,253,32.5,6.7,Street-lit,Construction,Asphalt,4,50,Straight,Flat,Painted,Yes,2,Car;Motorcycle,9.4,Yes,21,Yes,Yes,No,No,65,Braking,Mobile Phone,Head-on,Rear,3,1167,Peak,2.7,6.6,0,0,3,Minor,Medium
PK-2024-01134,2024-07-12,04:06,Balochistan,Gwadar,Residential,29.0762,66.5471,Rain,352,34.2,29.2,Daylight,Dry,Asphalt,4,80,Straight,Uphill,Physical,No,3,Car;Auto-rickshaw;Truck,7.8,No,28,No,Yes,No,No,120,Braking,Weather,Rear-end,Rear,1,1909,Off-peak,10.3,15.4,0,0,1,Minor,Medium
PK-2024-01135,2024-06-08,03:22,Punjab,Gujranwala,Highway,31.2554,72.0234,Fog,576,35.3,63.0,Daylight,Potholed,Asphalt,4,50,Straight,Flat,Physical,Yes,2,Bicycle;Motorcycle,13.1,No,33,Yes,Not Applicable,No,No,55,Braking,Overloading,Pedestrian,Rear,1,1953,Off-peak,7.5,11.7,0,0,3,Minor,Medium
PK-2024-01136,2024-06-22,16:03,Punjab,Multan,Rural,31.5562,74.2206,Rain,47,27.1,12.6,Daylight,Potholed,Asphalt,4,60,Sharp,Flat,None,Yes,2,Car;Motorcycle,7.3,No,46,Yes,No,Yes,No,65,Swerving,Weather,Head-on,Side,1,699,Off-peak,5.8,9.9,0,3,2,Moderate,High
PK-2024-01137,2024-12-25,00:54,Punjab,Bahawalpur,Rural,32.0121,74.8365,Clear,120,26.1,13.7,Dawn-Dusk,Dry,Asphalt,3,60,Straight,Flat,Physical,Yes,3,Car;Motorcycle;Car,13.8,Yes,30,No,No,No,No,75,None,Speeding,Head-on,Front,3,746,Peak,18.7,25.7,3,3,1,Total,Critical
PK-2024-01138,2024-08-02,17:46,KPK,Swat,Rural,34.1107,70.8223,Heavy Rain,34,37.5,4.5,Street-lit,Dry,Asphalt,2,80,Straight,Uphill,None,Yes,1,Car,16.3,No,28,No,Partial,No,No,70,Swerving,Speeding,Rollover,Side,2,1613,Peak,8.0,18.1,1,3,1,Total,Critical
PK-2024-01139,2024-10-08,04:47,Sindh,Nawabshah,Urban,26.3892,67.0884,Heavy Rain,1346,21.7,29.9,Street-lit,Potholed,Asphalt,2,50,Straight,Uphill,Physical,No,2,Truck;Motorcycle,17.1,Yes,33,No,No,No,No,45,Swerving,Human Error,Rear-end,Rear,1,1560,Off-peak,38.9,46.9,0,2,4,Moderate,High
PK-2024-01140,2024-08-10,17:57,KPK,Dera Ismail Khan,Residential,32.4553,70.4411,Clear,326,40.4,0.1,Daylight,Wet,Concrete,2,30,Straight,Flat,Physical,No,2,Motorcycle;Truck,17.2,No,23,No,Yes,No,No,30,Braking,Drunk Driving,Rear-end,Roof,1,1058,Off-peak,5.2,10.0,0,0,1,None,Low
PK-2024-01141,2024-02-24,14:45,KPK,Abbottabad,Highway,34.6067,72.616,Cloudy,114,17.0,8.2,Street-lit,Potholed,Asphalt,2,50,Straight,Flat,Physical,Yes,3,Car;Motorcycle;Motorcycle,2.5,No,32,No,Yes,No,No,55,None,Animal Crossing,Side-swipe,Front,1,1535,Peak,7.0,22.2,0,0,0,Minor,Low
PK-2024-01142,2024-01-15,14:41,Sindh,Sukkur,Urban,25.1205,67.5095,Cloudy,790,31.7,22.7,Daylight,Flooding,Asphalt,2,120,Sharp,Uphill,Painted,Yes,3,Car;Car;Motorcycle,16.1,Yes,34,No,No,No,Unknown,140,None,Weather,Rear-end,Roof,1,1857,Peak,23.7,37.7,1,2,3,Severe,Critical
PK-2024-01143,2024-10-15,01:52,Islamabad,Islamabad,Urban,33.4655,73.5696,Dust Storm,373,24.2,14.6,Dawn-Dusk,Flooding,Asphalt,2,60,Gentle,Flat,Painted,No,2,Car;Motorcycle,8.1,No,47,No,No,No,No,75,None,Weather,Fixed-object,Roof,2,206,Peak,1.5,12.2,3,4,3,Total,Critical
PK-2024-01144,2024-10-17,19:04,Punjab,Rawalpindi,Urban,31.7445,73.8925,Heavy Rain,102,34.5,4.4,Street-lit,Wet,Gravel,2,80,Straight,Flat,None,No,2,Car;Bus,2.8,No,43,No,No,No,No,100,Braking,Wrong Side,Fixed-object,Front,3,1337,Off-peak,15.4,22.8,1,2,3,Severe,Critical
PK-2024-01145,2024-12-28,06:39,Balochistan,Gwadar,Rural,30.2912,66.141,Rain,215,20.9,5.2,Unlit,Dry,Gravel,2,40,Straight,Downhill,Painted,No,5,Truck;Motorcycle;Car;Bus;Car,10.1,No,23,No,No,No,No,40,None,Overloading,Multi-vehicle pileup,Rear,1,1274,Peak,5.3,8.8,0,1,2,Severe,High
PK-2024-01146,2024-01-21,23:20,Punjab,Bahawalpur,Urban,30.67,74.4136,Heavy Rain,1091,13.3,8.3,Daylight,Construction,Concrete,3,60,Straight,Downhill,Painted,Yes,4,Motorcycle;Auto-rickshaw;Truck;Truck,5.3,Yes,51,No,Not Applicable,No,No,100,None,Wrong Side,Pedestrian,Front,1,513,Off-peak,3.1,9.1,2,3,2,Total,Critical
PK-2024-01147,2024-01-08,18:35,Punjab,Sargodha,Rural,31.8411,74.8334,Heavy Rain,236,29.1,60.0,Dawn-Dusk,Dry,Gravel,4,60,Gentle,Flat,Physical,Yes,2,Motorcycle;Bus,9.8,Yes,32,No,Yes,No,No,80,None,Speeding,Fixed-object,Rear,1,1040,Off-peak,18.3,28.1,1,3,2,Total,Critical
PK-2024-01148,2024-07-23,17:16,Sindh,Hyderabad,Rural,26.5369,67.1116,Rain,621,43.9,5.4,Unlit,Dry,Asphalt,4,80,Straight,Flat,Painted,Yes,2,Motorcycle;Motorcycle,11.3,No,52,Yes,No,No,Unknown,95,Braking,Signal Violation,Side-swipe,Front,2,187,Off-peak,10.6,21.0,0,0,3,Moderate,Medium
PK-2024-01149,2024-04-01,14:26,Punjab,Rawalpindi,Urban,32.0491,74.0735,Cloudy,55,34.8,3.9,Unlit,Muddy,Asphalt,1,80,Sharp,Downhill,Painted,Yes,4,Motorcycle;Bus;Motorcycle;Bus,11.8,No,26,No,Yes,No,No,110,Braking,Weather,Side-swipe,Side,1,906,Off-peak,13.8,24.0,1,3,1,Total,Critical
PK-2024-01150,2024-04-12,18:12,Islamabad,Islamabad,Highway,32.3744,72.54,Haze,20,35.0,2.9,Street-lit,Dry,Gravel,2,50,Straight,Uphill,Physical,No,3,Motorcycle;Motorcycle;Bus,7.8,No,17,Yes,Not Applicable,No,No,70,None,Speeding,Rollover,Roof,2,1994,Off-peak,18.4,23.7,1,2,1,Total,Critical
PK-2024-01151,2024-07-28,04:20,Punjab,Gujranwala,Urban,31.9732,74.2853,Fog,619,19.6,11.2,Dawn-Dusk,Muddy,Asphalt,2,80,Straight,Flat,Physical,Yes,2,Car;Car,3.8,No,59,No,No,No,No,80,Braking,Mechanical Failure,Rollover,Side,2,630,Peak,18.4,29.2,3,3,3,Severe,Critical
PK-2024-01152,2024-10-05,01:34,Islamabad,Islamabad,Highway,32.8256,73.0724,Cloudy,379,38.2,2.6,Daylight,Construction,Asphalt,2,50,Gentle,Flat,Painted,No,3,Auto-rickshaw;Motorcycle;Motorcycle,3.0,No,44,Yes,No,No,No,60,None,Weather,Head-on,Front,2,1776,Peak,16.6,26.7,0,2,3,Moderate,Medium
PK-2024-01153,2024-10-08,19:27,Balochistan,Gwadar,Rural,29.8795,66.5973,Haze,700,22.5,0.3,Unlit,Potholed,Dirt,2,60,Straight,Flat,None,No,3,Car;Car;Motorcycle,5.8,No,44,No,Yes,Yes,No,50,None,Speeding,Pedestrian,Front,3,1027,Off-peak,10.1,18.4,0,2,4,Moderate,High
PK-2024-01154,2024-02-04,19:40,Sindh,Larkana,Urban,25.412,68.1896,Cloudy,374,20.3,16.8,Street-lit,Icy,Asphalt,4,100,Gentle,Flat,Painted,Yes,2,Motorcycle;Motorcycle,12.9,No,33,No,No,No,Unknown,140,Braking,Drunk Driving,Fixed-object,Front,1,786,Off-peak,6.8,19.3,3,3,2,Total,Critical
PK-2024-01155,2024-08-06,03:25,KPK,Mardan,Highway,33.2397,71.5496,Heavy Rain,20,40.5,1.9,Street-lit,Wet,Gravel,3,50,Sharp,Flat,Painted,Yes,2,Car;Car,15.7,No,33,Partial,No,No,No,50,None,Speeding,Multi-vehicle pileup,Front,1,1099,Peak,13.9,29.0,3,3,2,Severe,Critical
PK-2024-01156,2024-12-14,02:57,Sindh,Sukkur,Highway,26.0053,67.0218,Clear,388,36.8,4.5,Daylight,Dry,Asphalt,4,60,Sharp,Flat,Physical,Yes,2,Motorcycle;Motorcycle,19.5,No,43,Partial,Not Applicable,No,No,100,Braking,Speeding,Side-swipe,Rear,1,709,Off-peak,14.2,19.7,0,0,2,Moderate,Medium
PK-2024-01157,2024-04-20,04:56,KPK,Swat,Urban,33.4472,70.1101,Rain,166,22.8,13.4,Street-lit,Muddy,Concrete,2,50,Straight,Downhill,Physical,No,3,Bicycle;Motorcycle;Car,9.9,No,30,Yes,Yes,No,No,60,Braking,Speeding,Side-swipe,Side,1,1401,Off-peak,13.9,25.3,0,0,2,Minor,Low
PK-2024-01158,2024-02-27,11:52,Sindh,Hyderabad,Urban,26.5533,69.0403,Haze,546,42.8,18.9,Unlit,Icy,Asphalt,3,120,Gentle,Uphill,Painted,Yes,2,Motorcycle;Motorcycle,3.9,No,60,Yes,Not Applicable,No,No,140,None,Mobile Phone,Pedestrian,Front,1,1910,Off-peak,8.2,15.8,1,3,2,Total,Critical
PK-2024-01159,2024-10-05,09:21,Balochistan,Turbat,Highway,27.9735,65.3357,Clear,1242,21.9,2.8,Unlit,Dry,Asphalt,2,60,Sharp,Downhill,Physical,Yes,4,Car;Motorcycle;Truck;Car,16.9,Yes,36,No,No,No,No,75,Braking,Speeding,Head-on,Front,1,418,Peak,4.2,6.8,2,4,3,Severe,Critical
PK-2024-01160,2024-10-08,12:15,Punjab,Rawalpindi,Urban,31.5078,72.1107,Rain,172,33.2,14.5,Daylight,Construction,Asphalt,2,50,Gentle,Downhill,Painted,Yes,2,Car;Car,9.0,No,40,Yes,Partial,Yes,No,65,Braking,Wrong Side,Side-swipe,Front,1,1780,Peak,10.0,15.8,0,0,0,None,Low
PK-2024-01161,2024-05-20,20:03,Punjab,Bahawalpur,Rural,31.5299,72.0391,Fog,49,33.1,19.9,Daylight,Construction,Concrete,4,40,Sharp,Downhill,Physical,Yes,2,Bicycle;Bicycle,8.1,Yes,40,Yes,Yes,No,No,45,Braking,Human Error,Head-on,Rear,1,513,Peak,15.8,26.1,0,2,2,Severe,High
PK-2024-01162,2024-10-14,09:25,Islamabad,Islamabad,Rural,33.4551,72.0862,Rain,274,30.5,8.4,Unlit,Muddy,Dirt,3,60,Sharp,Downhill,Painted,Yes,1,Car,9.5,No,26,Partial,Yes,No,No,70,None,Drunk Driving,Rear-end,Rear,2,386,Peak,13.4,21.6,1,1,3,Severe,High
PK-2024-01163,2024-02-18,17:28,Punjab,Sialkot,Residential,30.9796,72.4409,Heavy Rain,593,29.7,6.5,Daylight,Dry,Asphalt,2,50,Straight,Flat,Painted,No,3,Bus;Motorcycle;Bus,19.5,Yes,43,No,Yes,No,No,65,Swerving,Human Error,Side-swipe,Rear,2,1601,Off-peak,2.3,7.1,0,0,0,Minor,Low
PK-2024-01164,2024-02-04,13:55,Punjab,Faisalabad,Highway,30.6719,72.9235,Rain,529,29.6,15.8,Unlit,Wet,Gravel,3,100,Gentle,Uphill,None,Yes,1,Motorcycle,10.8,No,40,No,Yes,No,No,115,Swerving,Signal Violation,Multi-vehicle pileup,Side,1,214,Off-peak,18.7,31.2,3,3,2,Severe,Critical
PK-2024-01165,2024-03-05,11:03,Punjab,Sialkot,Residential,30.0613,74.3526,Clear,209,32.7,0.6,Daylight,Wet,Dirt,4,120,Straight,Flat,Painted,No,2,Truck;Car,2.5,No,47,No,Yes,No,No,115,Braking,Human Error,Head-on,Front,1,197,Peak,6.1,6.0,0,1,1,Minor,Medium
PK-2024-01166,2024-10-22,07:20,Islamabad,Islamabad,Urban,34.9562,73.2195,Fog,343,29.3,19.0,Street-lit,Wet,Gravel,4,60,Gentle,Downhill,Physical,No,2,Auto-rickshaw;Car,8.1,Yes,27,Yes,Yes,No,No,55,Braking,Signal Violation,Side-swipe,Side,3,1237,Off-peak,15.7,30.4,0,0,1,None,Low
PK-2024-01167,2024-08-04,23:58,Punjab,Sargodha,Residential,32.0204,73.4143,Cloudy,59,28.9,0.8,Dawn-Dusk,Wet,Concrete,2,80,Straight,Flat,Painted,Yes,2,Truck;Motorcycle,2.0,No,51,No,Not Applicable,No,No,95,None,Human Error,Head-on,Rear,1,1860,Off-peak,21.2,31.7,1,3,1,Total,Critical
PK-2024-01168,2024-01-14,16:27,Punjab,Sargodha,Highway,30.7347,74.7604,Cloudy,45,36.0,0.4,Unlit,Wet,Asphalt,2,40,Straight,Downhill,Painted,Yes,2,Bus;Motorcycle,3.9,No,24,Yes,No,No,No,45,Braking,Human Error,Multi-vehicle pileup,Side,3,1179,Peak,5.8,13.3,0,2,2,Moderate,High
PK-2024-01169,2024-10-22,07:08,Punjab,Rawalpindi,Highway,30.5909,74.2044,Clear,571,28.1,6.7,Street-lit,Dry,Asphalt,3,60,Sharp,Uphill,None,No,4,Car;Car;Motorcycle;Motorcycle,17.2,No,38,No,Not Applicable,No,No,60,Swerving,Speeding,Rear-end,Rear,2,594,Peak,5.6,12.4,0,0,1,None,Low
PK-2024-01170,2024-09-09,17:19,Punjab,Faisalabad,Urban,32.0701,74.8064,Clear,28,33.1,15.9,Street-lit,Wet,Asphalt,1,40,Hairpin,Flat,None,No,2,Auto-rickshaw;Car,7.6,Yes,29,No,Partial,No,No,60,None,Wrong Side,Fixed-object,Rear,1,363,Peak,6.8,12.2,1,2,2,Severe,High
PK-2024-01171,2024-11-02,06:23,Sindh,Hyderabad,Residential,26.536,69.144,Haze,141,25.6,7.6,Daylight,Potholed,Asphalt,2,40,Straight,Uphill,Physical,No,3,Auto-rickshaw;Motorcycle;Car,4.3,No,60,Yes,No,No,No,40,None,Wrong Side,Head-on,Front,1,1826,Off-peak,8.4,13.5,0,0,1,Moderate,Medium
PK-2024-01172,2024-04-21,12:39,Punjab,Sargodha,Highway,30.9686,73.9929,Rain,372,38.8,2.0,Street-lit,Dry,Concrete,4,60,Straight,Uphill,Physical,Yes,2,Auto-rickshaw;Car,16.4,No,41,Yes,Yes,No,No,60,Braking,Signal Violation,Rear-end,Front,1,1474,Off-peak,14.3,21.2,0,0,1,None,Low
PK-2024-01173,2024-01-11,18:32,KPK,Peshawar,Urban,34.4086,70.1611,Cloudy,169,25.6,12.4,Daylight,Dry,Asphalt,2,40,Gentle,Flat,None,No,4,Auto-rickshaw;Bicycle;Truck;Auto-rickshaw,4.7,No,37,No,Yes,No,Yes,50,None,Mechanical Failure,Rear-end,Front,1,1031,Peak,0.5,3.0,0,0,0,None,Low
PK-2024-01174,2024-08-12,16:43,KPK,Mardan,Urban,32.2608,72.0476,Cloudy,1485,26.7,9.3,Dawn-Dusk,Dry,Concrete,2,60,Sharp,Flat,Painted,No,2,Truck;Car,9.4,No,43,Yes,Yes,No,No,65,Braking,Wrong Side,Rear-end,Side,1,631,Peak,6.1,18.6,0,0,1,Minor,Low
PK-2024-01175,2024-04-04,17:53,KPK,Dera Ismail Khan,Highway,33.7444,72.2271,Haze,59,25.1,0.5,Unlit,Flooding,Concrete,3,40,Gentle,Downhill,None,Yes,4,Truck;Car;Bicycle;Motorcycle,10.0,No,35,Yes,No,Yes,Unknown,40,Braking,Signal Violation,Rear-end,Side,3,425,Peak,5.3,23.7,0,1,3,Severe,High
PK-2024-01176,2024-02-09,09:24,Punjab,Gujranwala,Rural,30.1741,73.6888,Cloudy,1076,21.5,2.6,Unlit,Wet,Gravel,3,80,Straight,Uphill,None,Yes,4,Car;Car;Bus;Bicycle,18.2,Yes,22,Yes,No,No,No,95,Braking,Animal Crossing,Rear-end,Front,1,1512,Off-peak,0.5,3.1,1,2,4,Moderate,High