incident_id,date,time,province,district,road_type,latitude,longitude,weather,visibility_meters,temperature_c,wind_speed_kmh,lighting,road_condition,surface_material,number_of_lanes,speed_limit_kmh,road_curvature,road_gradient,median_type,shoulder_available,num_vehicles,vehicle_types,vehicle_avg_age_years,overloading_detected,driver_age,helmet_usage,seatbelt_usage,mobile_phone_suspected,alcohol_drug_suspected,speed_at_impact_kmh,evasive_action,accident_cause,collision_type,impact_point,num_collisions,traffic_volume_per_hour,peak_off_peak,distance_to_hospital_km,expected_response_min,fatalities,serious_injuries,minor_injuries,property_damage_level,severity
PK-2024-01177,2024-05-06,14:08,Punjab,Sargodha,Urban,31.1492,74.44,Heavy Rain,179,27.6,18.0,Daylight,Wet,Asphalt,2,30,Straight,Uphill,None,Yes,3,Bicycle;Car;Car,3.0,No,49,Yes,Partial,No,No,30,Braking,Human Error,Rear-end,Side,1,739,Peak,12.0,17.9,0,0,1,None,Low
PK-2024-01178,2024-01-24,09:15,Sindh,Nawabshah,Residential,24.2679,69.4661,Heavy Rain,512,39.7,2.0,Daylight,Flooding,Asphalt,2,40,Gentle,Flat,None,No,3,Motorcycle;Bicycle;Motorcycle,12.4,Yes,44,No,Not Applicable,No,No,30,None,Speeding,Side-swipe,Side,1,1578,Off-peak,4.3,7.5,0,1,4,Severe,High
PK-2024-01179,2024-01-26,12:37,Sindh,Hyderabad,Urban,25.5862,69.0989,Heavy Rain,415,31.6,14.3,Street-lit,Icy,Asphalt,4,50,Straight,Downhill,Painted,Yes,3,Auto-rickshaw;Motorcycle;Truck,17.5,No,22,Partial,No,No,Yes,50,Swerving,Animal Crossing,Side-swipe,Front,3,770,Peak,28.6,40.9,0,1,2,Moderate,Medium
PK-2024-01180,2024-12-06,00:51,Punjab,Sargodha,Residential,30.6907,74.4943,Cloudy,22,34.2,41.7,Street-lit,Potholed,Asphalt,4,50,Straight,Uphill,None,Yes,3,Car;Truck;Car,3.7,No,37,No,Yes,No,No,50,Swerving,Mobile Phone,Head-on,Front,1,1234,Off-peak,13.8,22.8,0,1,3,Moderate,Medium
PK-2024-01181,2024-02-19,03:31,KPK,Peshawar,Highway,34.1856,70.0719,Clear,201,33.4,2.3,Street-lit,Potholed,Concrete,2,110,Straight,Flat,Physical,Yes,5,Bus;Motorcycle;Motorcycle;Car;Motorcycle,18.5,No,16,Partial,No,No,No,120,None,Speeding,Side-swipe,Side,1,1105,Peak,22.5,28.2,3,3,2,Severe,Critical
PK-2024-01182,2024-11-23,12:33,Sindh,Nawabshah,Urban,26.0096,67.6431,Cloudy,1443,34.2,12.8,Unlit,Wet,Asphalt,1,40,Straight,Uphill,Painted,No,2,Truck;Motorcycle,7.3,No,23,Yes,Yes,Yes,No,40,Braking,Speeding,Side-swipe,Front,2,618,Peak,1.3,3.2,0,0,2,Minor,Low
PK-2024-01183,2024-01-22,03:16,Punjab,Sargodha,Highway,30.4768,72.4447,Haze,297,39.3,30.4,Dawn-Dusk,Dry,Asphalt,2,40,Gentle,Flat,None,No,4,Car;Car;Truck;Car,6.2,No,44,Yes,No,Yes,No,80,None,Signal Violation,Multi-vehicle pileup,Front,1,214,Off-peak,4.3,12.5,1,3,1,Total,Critical
PK-2024-01184,2024-08-02,02:48,Sindh,Hyderabad,Rural,25.7573,67.5716,Clear,136,34.6,6.1,Unlit,Dry,Asphalt,2,40,Gentle,Flat,Physical,Yes,2,Auto-rickshaw;Motorcycle,9.1,No,52,Yes,Yes,No,Unknown,35,None,Overloading,Multi-vehicle pileup,Front,2,689,Off-peak,2.8,6.5,0,1,1,Minor,Medium
PK-2024-01185,2024-10-19,18:32,Sindh,Karachi,Rural,25.3696,68.85,Clear,543,42.1,2.9,Dawn-Dusk,Wet,Concrete,1,40,Straight,Uphill,Physical,No,2,Motorcycle;Bicycle,10.1,No,28,No,Yes,No,Unknown,40,None,Mobile Phone,Multi-vehicle pileup,Rear,2,735,Off-peak,2.6,4.3,0,0,0,None,Low
PK-2024-01186,2024-01-17,09:01,Sindh,Karachi,Rural,24.2338,67.2703,Clear,35,32.2,1.2,Daylight,Flooding,Gravel,1,80,Gentle,Flat,None,Yes,2,Bicycle;Bus,18.9,No,24,No,No,No,Unknown,75,Swerving,Wrong Side,Rollover,Side,1,1394,Off-peak,3.8,8.1,3,3,1,Total,Critical
PK-2024-01187,2024-10-18,12:41,Punjab,Lahore,Highway,31.1779,72.494,Fog,276,23.9,3.0,Unlit,Wet,Asphalt,2,50,Sharp,Flat,Painted,Yes,3,Truck;Bicycle;Motorcycle,11.8,No,27,No,No,No,No,40,Braking,Drunk Driving,Rear-end,Front,2,1919,Peak,28.8,36.1,0,3,4,Severe,High
PK-2024-01188,2024-06-12,23:42,Sindh,Hyderabad,Highway,26.415,67.7331,Rain,20,32.6,29.4,Unlit,Dry,Gravel,2,60,Hairpin,Downhill,Physical,Yes,4,Car;Car;Motorcycle;Auto-rickshaw,4.2,No,32,Yes,Not Applicable,No,No,65,None,Wrong Side,Rear-end,Side,1,87,Peak,36.2,53.3,0,2,3,Severe,High
PK-2024-01189,2024-12-23,13:45,Punjab,Sargodha,Rural,31.4103,72.0562,Clear,40,32.9,1.6,Street-lit,Muddy,Concrete,4,60,Straight,Uphill,Physical,Yes,3,Motorcycle;Motorcycle;Car,11.5,No,46,No,Partial,No,No,70,Swerving,Speeding,Multi-vehicle pileup,Front,3,1575,Off-peak,2.4,9.1,3,3,3,Severe,Critical
PK-2024-01190,2024-11-06,21:09,Sindh,Karachi,Rural,24.3536,67.8733,Cloudy,29,34.1,1.2,Street-lit,Wet,Asphalt,2,60,Straight,Flat,Physical,Yes,1,Truck,2.8,No,28,Partial,Not Applicable,No,No,80,None,Mobile Phone,Side-swipe,Side,1,429,Off-peak,37.5,50.6,0,1,3,Moderate,Medium
PK-2024-01191,2024-09-22,21:12,Sindh,Hyderabad,Urban,24.1412,66.5688,Clear,560,23.0,4.2,Daylight,Wet,Asphalt,4,80,Gentle,Flat,Physical,Yes,2,Car;Auto-rickshaw,3.2,No,39,Yes,Yes,No,No,95,None,Speeding,Pedestrian,Roof,1,1811,Off-peak,19.0,27.4,0,1,3,Moderate,Medium
PK-2024-01192,2024-04-01,18:08,Punjab,Gujranwala,Urban,31.6971,73.0694,Haze,235,35.6,6.9,Street-lit,Icy,Asphalt,4,30,Straight,Uphill,None,No,2,Auto-rickshaw;Car,5.1,No,35,Yes,No,No,No,35,Braking,Human Error,Head-on,Rear,1,725,Off-peak,26.9,33.5,0,0,0,None,Low
PK-2024-01193,2024-01-24,05:01,Punjab,Bahawalpur,Highway,30.1927,74.032,Clear,249,28.4,8.7,Street-lit,Dry,Dirt,2,60,Gentle,Downhill,Painted,Yes,3,Auto-rickshaw;Motorcycle;Motorcycle,14.9,Yes,31,No,Not Applicable,Yes,No,70,Braking,Overloading,Side-swipe,Side,1,1145,Peak,22.7,32.0,0,0,2,Minor,Low
PK-2024-01194,2024-04-09,15:44,KPK,Abbottabad,Urban,32.6367,72.6774,Rain,483,24.4,21.7,Street-lit,Dry,Concrete,2,50,Straight,Uphill,Painted,Yes,3,Auto-rickshaw;Bicycle;Bus,12.8,No,37,Partial,No,No,No,55,Braking,Wrong Side,Side-swipe,Rear,2,730,Off-peak,1.7,8.3,0,0,1,Minor,Low
PK-2024-01195,2024-06-03,04:17,KPK,Mardan,Highway,34.9782,72.0263,Fog,220,24.8,5.3,Unlit,Dry,Asphalt,3,50,Straight,Uphill,Physical,No,2,Car;Auto-rickshaw,4.0,No,51,Yes,Yes,No,No,60,None,Drunk Driving,Side-swipe,Front,1,495,Off-peak,2.2,5.8,0,0,1,Minor,Low
PK-2024-01196,2024-11-18,01:52,Punjab,Faisalabad,Urban,31.9089,74.8939,Heavy Rain,240,23.1,5.4,Daylight,Potholed,Asphalt,4,50,Straight,Downhill,None,Yes,1,Auto-rickshaw,16.8,No,31,Yes,No,No,No,60,Braking,Mechanical Failure,Multi-vehicle pileup,Front,1,785,Off-peak,51.1,66.6,0,2,3,Moderate,High
PK-2024-01197,2024-03-21,09:06,Sindh,Nawabshah,Residential,26.4329,68.2516,Clear,190,23.2,21.1,Daylight,Potholed,Concrete,1,40,Hairpin,Uphill,Physical,Yes,2,Motorcycle;Motorcycle,2.1,No,22,Yes,Not Applicable,No,No,40,Braking,Weather,Side-swipe,Front,1,1259,Off-peak,33.5,43.8,0,0,2,Minor,Low
PK-2024-01198,2024-02-01,11:24,Punjab,Gujranwala,Urban,30.9615,73.5046,Dust Storm,455,24.9,9.1,Unlit,Potholed,Asphalt,1,50,Gentle,Flat,Physical,Yes,1,Motorcycle,8.3,No,38,Yes,No,No,No,70,None,Human Error,Fixed-object,Front,2,868,Peak,19.2,26.3,1,4,2,Total,Critical
PK-2024-01199,2024-12-01,08:56,KPK,Peshawar,Rural,33.2835,71.2409,Cloudy,918,23.1,19.5,Unlit,Icy,Gravel,6,50,Gentle,Flat,Painted,Yes,3,Car;Truck;Auto-rickshaw,12.7,No,39,Yes,No,No,No,55,Braking,Animal Crossing,Pedestrian,Roof,1,657,Peak,21.8,36.2,0,0,2,Minor,Medium
PK-2024-01200,2024-11-05,20:46,Sindh,Sukkur,Residential,25.5222,68.4337,Clear,59,22.6,6.9,Unlit,Dry,Asphalt,2,50,Gentle,Flat,None,No,2,Motorcycle;Motorcycle,5.3,No,58,Yes,Not Applicable,No,No,50,Braking,Wrong Side,Fixed-object,Side,2,238,Off-peak,2.7,6.9,0,0,1,Minor,Low
PK-2024-01201,2024-03-02,01:40,Punjab,Faisalabad,Urban,31.0592,73.2609,Clear,30,33.0,5.8,Dawn-Dusk,Wet,Asphalt,6,110,Gentle,Downhill,Physical,Yes,2,Motorcycle;Motorcycle,17.5,No,20,Yes,Yes,No,No,115,Swerving,Mechanical Failure,Rollover,Front,3,96,Off-peak,0.6,5.6,2,3,2,Total,Critical
PK-2024-01202,2024-04-28,16:11,Punjab,Faisalabad,Urban,29.7244,72.8795,Cloudy,190,36.3,13.0,Daylight,Construction,Concrete,4,80,Gentle,Uphill,Painted,No,3,Car;Car;Car,18.0,No,17,No,Yes,No,No,110,Swerving,Human Error,Head-on,Side,1,1040,Peak,26.4,37.5,3,3,3,Severe,Critical
PK-2024-01203,2024-03-01,16:52,Punjab,Rawalpindi,Rural,30.7958,73.0711,Rain,43,17.1,2.1,Street-lit,Potholed,Concrete,1,80,Gentle,Flat,Physical,Yes,2,Truck;Car,10.0,No,21,Partial,Yes,No,No,85,Swerving,Speeding,Rear-end,Side,2,1025,Peak,13.6,19.4,0,2,2,Moderate,High
PK-2024-01204,2024-09-27,05:44,Islamabad,Islamabad,Rural,32.61,73.5948,Clear,89,30.2,11.4,Tunnel,Dry,Gravel,4,60,Sharp,Flat,None,No,3,Motorcycle;Auto-rickshaw;Motorcycle,14.9,No,46,No,Not Applicable,No,No,50,None,Wrong Side,Fixed-object,Front,1,951,Off-peak,1.5,5.9,0,1,2,Moderate,Medium
PK-2024-01205,2024-06-21,10:08,KPK,Swat,Rural,33.5614,70.7457,Rain,206,23.9,41.2,Unlit,Construction,Concrete,2,100,Gentle,Uphill,None,Yes,3,Truck;Motorcycle;Motorcycle,16.1,Yes,31,No,Yes,No,No,100,None,Human Error,Multi-vehicle pileup,Side,2,124,Peak,8.3,18.2,3,3,2,Severe,Critical
PK-2024-01206,2024-09-27,11:06,Balochistan,Gwadar,Highway,30.0551,66.834,Heavy Rain,243,40.9,55.7,Street-lit,Flooding,Dirt,2,60,Straight,Flat,None,Yes,2,Car;Auto-rickshaw,12.9,No,16,Partial,No,No,No,90,Swerving,Mobile Phone,Head-on,Front,1,788,Off-peak,5.1,6.4,1,2,3,Total,Critical
PK-2024-01207,2024-12-16,02:58,Punjab,Lahore,Residential,32.1662,74.4405,Heavy Rain,646,34.1,0.8,Street-lit,Wet,Gravel,2,50,Hairpin,Flat,Physical,Yes,2,Motorcycle;Car,19.0,No,27,Yes,No,No,No,70,Braking,Wrong Side,Head-on,Front,1,1400,Peak,6.3,14.2,0,2,2,Severe,High
PK-2024-01208,2024-12-21,23:17,Sindh,Nawabshah,Urban,25.8634,66.6719,Clear,199,28.8,6.8,Street-lit,Potholed,Asphalt,6,120,Straight,Flat,Painted,No,2,Car;Truck,17.0,No,45,No,Not Applicable,No,No,130,Braking,Speeding,Rollover,Side,3,1953,Peak,10.3,19.6,3,3,2,Total,Critical
PK-2024-01209,2024-10-21,23:25,Sindh,Hyderabad,Residential,25.2964,68.3552,Clear,656,16.2,4.3,Daylight,Dry,Asphalt,2,60,Straight,Uphill,Physical,Yes,3,Motorcycle;Car;Car,14.0,No,36,No,Not Applicable,No,No,70,None,Speeding,Multi-vehicle pileup,Front,1,359,Off-peak,9.7,17.3,0,1,3,Minor,Medium
PK-2024-01210,2024-03-24,03:28,Balochistan,Khuzdar,Urban,28.2346,65.7776,Fog,1500,42.9,0.2,Daylight,Dry,Concrete,1,60,Gentle,Flat,Physical,Yes,3,Auto-rickshaw;Car;Motorcycle,7.5,No,16,No,No,Yes,No,60,Braking,Human Error,Fixed-object,Side,2,863,Off-peak,22.9,35.0,0,1,2,Moderate,Medium
PK-2024-01211,2024-07-28,03:29,Balochistan,Khuzdar,Rural,28.6364,67.1767,Clear,255,30.0,0.4,Daylight,Construction,Gravel,1,120,Straight,Flat,None,Yes,2,Bus;Bicycle,16.6,No,39,No,Not Applicable,No,No,140,Braking,Human Error,Rear-end,Front,1,1083,Peak,2.1,13.0,0,1,2,Moderate,Medium
PK-2024-01212,2024-10-28,17:19,KPK,Abbottabad,Rural,34.6228,71.4313,Cloudy,587,12.7,10.7,Daylight,Icy,Gravel,2,50,Gentle,Uphill,Painted,Yes,3,Car;Car;Motorcycle,17.4,No,50,Yes,No,No,No,55,Swerving,Human Error,Side-swipe,Front,1,1086,Off-peak,3.7,12.9,0,0,0,None,Low
PK-2024-01213,2024-03-26,16:47,Balochistan,Khuzdar,Highway,28.2593,67.8378,Clear,333,30.5,17.6,Unlit,Wet,Dirt,4,80,Straight,Uphill,Painted,Yes,2,Auto-rickshaw;Auto-rickshaw,16.7,No,32,Yes,No,No,No,80,None,Signal Violation,Head-on,Front,2,986,Peak,5.8,18.3,0,2,3,Severe,High
PK-2024-01214,2024-10-27,05:36,Punjab,Gujranwala,Residential,30.8075,72.4886,Clear,764,25.0,5.8,Daylight,Wet,Asphalt,2,30,Straight,Flat,Physical,No,2,Motorcycle;Motorcycle,5.9,No,29,No,No,No,No,30,Swerving,Mechanical Failure,Side-swipe,Front,2,433,Peak,12.4,21.2,0,0,1,None,Low
PK-2024-01215,2024-03-02,07:19,Sindh,Hyderabad,Rural,25.9483,66.5005,Haze,135,22.0,20.1,Daylight,Dry,Dirt,2,30,Straight,Downhill,Physical,Yes,2,Truck;Car,9.3,No,29,Yes,Yes,No,Unknown,30,Braking,Human Error,Side-swipe,Rear,1,314,Off-peak,20.3,26.5,0,0,0,None,Low
PK-2024-01216,2024-04-03,02:51,Balochistan,Gwadar,Urban,30.3292,65.1465,Clear,498,21.0,13.4,Unlit,Dry,Concrete,2,40,Hairpin,Flat,Painted,Yes,2,Bus;Motorcycle,2.0,No,44,Partial,Not Applicable,No,Unknown,55,Swerving,Human Error,Multi-vehicle pileup,Front,1,1549,Peak,14.2,21.6,0,1,2,Moderate,Medium
PK-2024-01217,2024-08-21,20:42,Punjab,Bahawalpur,Urban,30.4063,73.568,Rain,71,26.9,2.1,Unlit,Potholed,Gravel,2,110,Straight,Downhill,None,No,2,Motorcycle;Car,18.8,No,16,No,No,Yes,No,105,None,Speeding,Rear-end,Side,1,1668,Off-peak,13.4,20.4,2,3,2,Total,Critical
PK-2024-01218,2024-04-27,14:41,Balochistan,Turbat,Residential,28.9424,66.5127,Heavy Rain,390,34.0,20.2,Unlit,Wet,Asphalt,2,60,Sharp,Downhill,None,No,3,Motorcycle;Car;Motorcycle,17.3,Yes,38,Yes,Not Applicable,No,No,50,Swerving,Wrong Side,Fixed-object,Rear,2,572,Peak,15.8,26.6,0,1,4,Severe,High
PK-2024-01219,2024-02-01,19:13,Balochistan,Gwadar,Highway,30.4928,66.4479,Cloudy,159,46.6,20.4,Unlit,Muddy,Concrete,3,60,Hairpin,Flat,Physical,Yes,2,Motorcycle;Auto-rickshaw,3.4,No,40,No,Not Applicable,No,No,80,Swerving,Overloading,Side-swipe,Front,2,1933,Off-peak,19.4,27.0,3,3,1,Total,Critical
PK-2024-01220,2024-01-13,12:31,Punjab,Multan,Urban,31.4398,73.4397,Fog,528,28.7,26.3,Daylight,Muddy,Asphalt,2,110,Straight,Uphill,Painted,Yes,3,Motorcycle;Auto-rickshaw;Motorcycle,5.2,No,23,Yes,Yes,No,No,105,None,Wrong Side,Rollover,Front,2,1946,Peak,10.6,13.9,1,3,2,Total,Critical
PK-2024-01221,2024-02-01,23:22,Balochistan,Turbat,Highway,28.0079,65.0483,Cloudy,398,36.0,4.1,Unlit,Dry,Concrete,4,60,Sharp,Downhill,None,Yes,1,Bicycle,2.0,No,24,No,No,No,No,50,Braking,Signal Violation,Head-on,Front,3,1616,Peak,19.7,32.9,1,4,1,Severe,Critical
PK-2024-01222,2024-08-27,07:09,Punjab,Bahawalpur,Residential,31.9414,72.0604,Heavy Rain,1500,29.1,9.2,Unlit,Construction,Asphalt,2,60,Gentle,Downhill,Painted,Yes,4,Motorcycle;Motorcycle;Car;Bus,10.7,No,46,No,No,No,No,50,Braking,Human Error,Head-on,Front,1,1246,Off-peak,44.5,56.4,0,2,2,Severe,High
PK-2024-01223,2024-09-14,09:33,Sindh,Nawabshah,Rural,25.348,68.7134,Clear,728,28.3,3.1,Daylight,Potholed,Gravel,2,30,Gentle,Flat,None,Yes,3,Motorcycle;Motorcycle;Motorcycle,5.5,No,29,No,No,Yes,No,30,None,Human Error,Head-on,Front,1,1754,Off-peak,17.3,24.8,0,1,3,Moderate,Medium
PK-2024-01224,2024-11-16,00:39,Sindh,Larkana,Highway,26.4108,67.2177,Clear,20,22.4,4.2,Daylight,Dry,Asphalt,2,50,Gentle,Uphill,Physical,Yes,2,Car;Motorcycle,7.8,No,45,Partial,No,Yes,No,70,None,Human Error,Head-on,Side,1,159,Peak,19.1,24.3,0,2,3,Moderate,High
PK-2024-01225,2024-03-09,16:23,Sindh,Hyderabad,Rural,26.4991,68.9091,Heavy Rain,1500,43.1,0.3,Dawn-Dusk,Wet,Concrete,3,120,Gentle,Downhill,None,Yes,2,Truck;Car,9.9,No,37,Yes,Not Applicable,No,Unknown,110,None,Speeding,Fixed-object,Rear,2,1207,Peak,0.5,10.7,1,2,3,Severe,High
PK-2024-01226,2024-08-15,15:30,Sindh,Karachi,Residential,24.2985,66.9317,Haze,670,36.0,16.6,Tunnel,Potholed,Concrete,4,80,Hairpin,Downhill,Physical,No,2,Motorcycle;Motorcycle,8.0,No,49,No,No,No,No,100,Braking,Speeding,Rear-end,Side,2,1580,Off-peak,10.3,19.6,3,2,2,Total,Critical
PK-2024-01227,2024-10-24,20:32,Punjab,Rawalpindi,Highway,31.8437,72.1871,Cloudy,135,38.9,9.0,Daylight,Potholed,Dirt,3,50,Straight,Downhill,None,No,1,Truck,19.2,No,38,Yes,No,No,No,50,Swerving,Signal Violation,Head-on,Front,1,608,Peak,7.3,16.4,0,0,2,Minor,Medium
PK-2024-01228,2024-09-16,05:28,Punjab,Bahawalpur,Urban,29.6803,72.1839,Dust Storm,278,35.3,19.8,Dawn-Dusk,Dry,Asphalt,4,120,Straight,Flat,Physical,Yes,1,Motorcycle,14.0,No,18,Yes,No,No,No,135,Braking,Overloading,Side-swipe,Front,1,1768,Peak,3.7,12.3,0,2,3,Moderate,High
PK-2024-01229,2024-01-15,04:41,Islamabad,Islamabad,Rural,32.9217,72.7892,Clear,1148,34.0,0.1,Street-lit,Dry,Asphalt,2,100,Straight,Flat,None,No,2,Car;Motorcycle,3.5,No,21,No,No,No,No,130,Braking,Wrong Side,Multi-vehicle pileup,Side,2,952,Off-peak,15.1,19.1,3,4,2,Severe,Critical
PK-2024-01230,2024-08-01,22:17,Punjab,Bahawalpur,Residential,30.6589,73.314,Rain,229,46.3,8.0,Unlit,Dry,Asphalt,4,40,Straight,Downhill,Physical,Yes,4,Truck;Car;Auto-rickshaw;Motorcycle,17.4,No,67,Yes,No,No,No,35,Braking,Speeding,Rollover,Side,2,1368,Peak,10.5,20.8,0,1,1,Minor,Medium
PK-2024-01231,2024-11-10,18:48,Sindh,Larkana,Rural,24.6827,67.7939,Haze,320,24.4,4.6,Dawn-Dusk,Dry,Asphalt,2,100,Sharp,Uphill,Painted,No,2,Auto-rickshaw;Car,6.7,No,41,No,Yes,No,No,115,None,Animal Crossing,Rear-end,Rear,3,1910,Off-peak,4.1,13.5,0,0,1,Moderate,Medium
PK-2024-01232,2024-12-23,00:28,Punjab,Sialkot,Highway,30.4636,73.7407,Rain,816,24.5,2.8,Street-lit,Potholed,Asphalt,4,30,Gentle,Flat,None,Yes,2,Auto-rickshaw;Car,7.8,No,30,Yes,Yes,No,No,35,None,Wrong Side,Rear-end,Front,3,333,Peak,35.5,46.8,0,0,2,None,Low
PK-2024-01233,2024-09-18,12:20,Islamabad,Islamabad,Residential,32.9423,72.3502,Rain,595,48.7,5.4,Tunnel,Potholed,Asphalt,4,50,Hairpin,Downhill,Physical,No,4,Motorcycle;Car;Auto-rickshaw;Auto-rickshaw,2.4,No,27,Partial,No,No,No,65,Swerving,Wrong Side,Rear-end,Front,2,1201,Off-peak,9.0,12.4,0,2,2,Minor,Medium
PK-2024-01234,2024-08-02,09:34,Punjab,Sialkot,Rural,31.2597,74.1343,Haze,141,36.3,23.1,Unlit,Potholed,Asphalt,2,50,Gentle,Flat,Physical,Yes,2,Bus;Car,7.8,No,16,Yes,No,Yes,No,60,Swerving,Mobile Phone,Head-on,Side,1,1811,Peak,13.5,23.0,0,3,2,Severe,High
PK-2024-01235,2024-11-07,21:24,Punjab,Bahawalpur,Urban,30.2096,74.2424,Rain,87,15.5,8.3,Dawn-Dusk,Potholed,Asphalt,3,120,Gentle,Flat,Painted,No,1,Truck,17.4,No,33,Yes,No,No,No,130,Swerving,Speeding,Rollover,Side,1,1650,Off-peak,2.9,10.4,1,4,2,Total,Critical
PK-2024-01236,2024-10-12,12:29,Punjab,Lahore,Residential,31.886,74.2596,Clear,185,41.5,0.9,Daylight,Icy,Concrete,2,30,Sharp,Downhill,Painted,Yes,3,Auto-rickshaw;Motorcycle;Car,12.4,No,33,Yes,Partial,No,Yes,40,Swerving,Overloading,Multi-vehicle pileup,Side,1,1879,Peak,11.3,18.6,0,2,1,Minor,Medium
PK-2024-01237,2024-06-12,07:55,Sindh,Sukkur,Highway,26.9079,67.9489,Cloudy,755,31.0,14.0,Daylight,Construction,Concrete,3,120,Gentle,Flat,Physical,Yes,3,Truck;Car;Truck,11.0,No,53,Yes,No,No,No,140,None,Speeding,Fixed-object,Front,2,663,Off-peak,23.3,33.2,0,2,4,Severe,High
PK-2024-01238,2024-09-09,19:09,Punjab,Sialkot,Urban,30.2581,74.6182,Fog,71,28.7,10.1,Street-lit,Wet,Dirt,4,30,Straight,Uphill,Painted,Yes,5,Car;Motorcycle;Bus;Bus;Motorcycle,2.7,No,33,Yes,No,No,No,50,Braking,Human Error,Side-swipe,Side,1,1507,Off-peak,17.7,27.3,0,0,0,Minor,Low
PK-2024-01239,2024-10-02,08:03,Sindh,Larkana,Urban,25.7912,68.4519,Rain,223,22.6,14.1,Dawn-Dusk,Construction,Dirt,1,100,Gentle,Uphill,Painted,Yes,1,Bicycle,17.2,Yes,16,No,No,No,No,130,Swerving,Human Error,Multi-vehicle pileup,Rear,2,1739,Off-peak,6.4,12.8,1,4,2,Severe,Critical
PK-2024-01240,2024-07-07,15:23,Sindh,Nawabshah,Highway,24.2391,69.1731,Rain,271,38.8,0.5,Dawn-Dusk,Dry,Dirt,3,60,Gentle,Downhill,Physical,Yes,3,Car;Car;Auto-rickshaw,7.8,No,39,Yes,No,No,No,65,Braking,Speeding,Rear-end,Front,2,1776,Peak,0.8,4.8,0,0,2,Minor,Low
PK-2024-01241,2024-10-24,10:06,KPK,Abbottabad,Rural,34.3017,71.5708,Rain,266,18.8,3.3,Daylight,Wet,Asphalt,4,40,Straight,Uphill,Physical,Yes,2,Motorcycle;Car,16.9,No,51,No,Not Applicable,No,No,40,Swerving,Signal Violation,Side-swipe,Rear,2,1563,Peak,1.4,7.4,0,0,1,Minor,Low
PK-2024-01242,2024-08-18,14:36,Punjab,Gujranwala,Rural,29.5983,74.1058,Clear,1137,23.7,26.9,Street-lit,Wet,Asphalt,2,60,Sharp,Downhill,Physical,Yes,3,Car;Car;Motorcycle,14.8,No,41,Yes,Yes,No,No,70,Swerving,Human Error,Rear-end,Rear,2,861,Peak,36.1,50.5,0,0,0,None,Low
PK-2024-01243,2024-12-02,22:56,Sindh,Karachi,Urban,25.3321,67.2709,Fog,119,39.6,1.8,Street-lit,Dry,Concrete,6,50,Straight,Flat,None,No,1,Bicycle,17.6,No,38,No,Yes,No,No,50,Braking,Signal Violation,Fixed-object,Front,1,748,Off-peak,7.7,10.6,0,0,0,None,Low
PK-2024-01244,2024-03-19,07:43,Sindh,Larkana,Rural,24.9965,69.3745,Rain,125,33.2,2.9,Unlit,Dry,Asphalt,6,80,Straight,Downhill,None,Yes,3,Bicycle;Bicycle;Car,11.5,No,42,Yes,Not Applicable,Yes,No,80,Swerving,Speeding,Multi-vehicle pileup,Rear,1,685,Peak,5.4,9.5,0,3,4,Severe,High
PK-2024-01245,2024-05-17,07:08,Balochistan,Turbat,Highway,29.7879,65.2835,Fog,253,15.9,2.1,Dawn-Dusk,Potholed,Concrete,1,80,Sharp,Flat,Painted,Yes,2,Motorcycle;Motorcycle,19.6,No,29,Yes,Not Applicable,Yes,No,85,None,Overloading,Head-on,Front,1,833,Off-peak,0.8,10.8,2,3,3,Total,Critical
PK-2024-01246,2024-01-25,15:11,Islamabad,Islamabad,Highway,32.519,72.8011,Clear,292,23.0,0.7,Dawn-Dusk,Dry,Asphalt,2,30,Sharp,Flat,Painted,Yes,2,Car;Car,14.9,No,34,No,No,No,No,60,None,Wrong Side,Rollover,Front,1,876,Off-peak,12.2,17.0,0,1,2,Severe,High
PK-2024-01247,2024-12-23,09:11,Sindh,Hyderabad,Residential,24.985,69.0031,Cloudy,165,27.1,12.5,Daylight,Wet,Gravel,6,80,Straight,Uphill,Physical,Yes,2,Truck;Car,3.9,No,17,Yes,Yes,No,No,80,Swerving,Drunk Driving,Rear-end,Front,1,953,Peak,8.6,13.2,0,0,1,Minor,Low
PK-2024-01248,2024-04-18,19:20,Sindh,Nawabshah,Urban,25.6687,67.4654,Dust Storm,780,22.4,7.3,Unlit,Dry,Asphalt,3,60,Straight,Flat,Painted,Yes,1,Motorcycle,2.7,No,16,Yes,Yes,No,No,65,Braking,Signal Violation,Fixed-object,Side,1,573,Off-peak,35.8,46.4,0,1,2,Moderate,Medium
PK-2024-01249,2024-03-19,09:04,Islamabad,Islamabad,Rural,34.2482,73.7276,Cloudy,333,25.6,3.2,Street-lit,Dry,Concrete,2,60,Gentle,Uphill,Physical,No,4,Motorcycle;Auto-rickshaw;Auto-rickshaw;Motorcycle,3.5,No,50,Yes,Not Applicable,No,No,90,Braking,Mechanical Failure,Head-on,Front,3,491,Off-peak,3.3,6.6,0,2,2,Severe,High