incident_id,date,time,province,district,road_type,latitude,longitude,weather,visibility_meters,temperature_c,wind_speed_kmh,lighting,road_condition,surface_material,number_of_lanes,speed_limit_kmh,road_curvature,road_gradient,median_type,shoulder_available,num_vehicles,vehicle_types,vehicle_avg_age_years,overloading_detected,driver_age,helmet_usage,seatbelt_usage,mobile_phone_suspected,alcohol_drug_suspected,speed_at_impact_kmh,evasive_action,accident_cause,collision_type,impact_point,num_collisions,traffic_volume_per_hour,peak_off_peak,distance_to_hospital_km,expected_response_min,fatalities,serious_injuries,minor_injuries,property_damage_level,severity
PK-2024-01324,2024-11-28,15:37,Punjab,Bahawalpur,Rural,30.5039,72.8173,Clear,188,34.3,63.5,Unlit,Wet,Asphalt,2,60,Gentle,Flat,None,Yes,3,Car;Bus;Bus,13.2,No,26,Yes,No,No,No,75,Braking,Mobile Phone,Multi-vehicle pileup,Front,3,1073,Peak,11.3,23.0,3,4,3,Severe,Critical
PK-2024-01325,2024-07-06,21:57,Punjab,Sargodha,Rural,31.4622,74.6399,Cloudy,60,42.5,15.7,Street-lit,Potholed,Asphalt,2,100,Gentle,Uphill,Painted,Yes,3,Car;Auto-rickshaw;Truck,16.4,No,63,Partial,Yes,No,No,95,Braking,Wrong Side,Side-swipe,Rear,1,472,Off-peak,0.5,8.4,0,0,3,Moderate,Medium
PK-2024-01326,2024-08-11,10:14,Sindh,Sukkur,Residential,24.6722,66.9574,Cloudy,292,26.0,8.3,Unlit,Dry,Asphalt,2,60,Gentle,Flat,None,Yes,4,Motorcycle;Motorcycle;Motorcycle;Bicycle,4.4,No,31,No,Yes,No,Unknown,55,Swerving,Mobile Phone,Head-on,Rear,1,441,Peak,35.2,46.7,0,0,3,Minor,Medium
PK-2024-01327,2024-06-17,22:22,Punjab,Rawalpindi,Urban,30.5018,72.4674,Haze,295,11.1,2.9,Unlit,Icy,Asphalt,2,120,Straight,Flat,Painted,No,2,Car;Truck,4.8,No,37,Yes,No,No,No,125,None,Speeding,Rear-end,Front,1,417,Off-peak,20.7,31.0,0,2,3,Severe,High
PK-2024-01328,2024-03-08,19:16,Punjab,Sialkot,Residential,29.8315,74.8161,Fog,20,29.7,14.4,Dawn-Dusk,Dry,Concrete,1,30,Straight,Flat,Painted,No,4,Bicycle;Car;Motorcycle;Motorcycle,4.8,No,27,Yes,Yes,No,No,30,Swerving,Signal Violation,Rollover,Front,1,928,Off-peak,13.7,23.0,0,1,2,Moderate,Medium
PK-2024-01329,2024-04-02,06:49,Punjab,Gujranwala,Urban,29.8049,73.6383,Clear,408,25.7,11.1,Unlit,Dry,Gravel,3,40,Straight,Flat,None,No,3,Bus;Bicycle;Truck,9.8,No,43,No,Partial,No,No,35,Braking,Animal Crossing,Fixed-object,Rear,2,640,Off-peak,0.5,3.0,0,0,1,None,Low
PK-2024-01330,2024-05-23,12:17,Punjab,Lahore,Urban,31.6442,73.6385,Clear,62,32.5,0.0,Daylight,Dry,Asphalt,2,110,Gentle,Uphill,Painted,Yes,2,Car;Car,5.2,No,44,Yes,No,No,No,120,Braking,Speeding,Side-swipe,Side,2,1658,Off-peak,8.0,15.6,0,0,0,Minor,Low
PK-2024-01331,2024-08-16,00:38,Punjab,Lahore,Rural,32.2026,74.1889,Cloudy,286,30.5,2.3,Daylight,Dry,Concrete,1,50,Gentle,Downhill,Physical,No,1,Motorcycle,16.7,Yes,24,No,Yes,No,No,45,Braking,Wrong Side,Pedestrian,Roof,2,1316,Peak,5.8,11.1,0,0,1,Minor,Low
PK-2024-01332,2024-02-06,14:33,KPK,Peshawar,Residential,33.6787,70.0071,Dust Storm,396,38.7,16.8,Unlit,Icy,Asphalt,2,50,Straight,Flat,Physical,No,3,Truck;Motorcycle;Car,15.0,Yes,28,No,Partial,No,No,50,None,Speeding,Rear-end,Side,1,652,Peak,13.7,18.5,3,2,2,Severe,Critical
PK-2024-01333,2024-08-25,23:05,Punjab,Faisalabad,Urban,30.3572,72.0256,Clear,88,34.8,8.8,Daylight,Potholed,Asphalt,2,80,Straight,Flat,Physical,Yes,2,Car;Bicycle,14.3,No,46,No,Yes,No,Unknown,90,Braking,Human Error,Pedestrian,Side,2,1391,Peak,1.6,4.0,0,1,4,Moderate,High
PK-2024-01334,2024-11-26,07:34,KPK,Abbottabad,Rural,32.6535,72.0064,Clear,422,35.6,1.6,Daylight,Wet,Asphalt,4,60,Straight,Flat,None,Yes,3,Car;Auto-rickshaw;Truck,6.9,No,22,No,Partial,No,No,65,Swerving,Drunk Driving,Side-swipe,Front,1,66,Peak,4.3,12.7,0,0,2,None,Low
PK-2024-01335,2024-12-06,00:59,Islamabad,Islamabad,Urban,33.1702,73.7451,Dust Storm,202,30.2,8.7,Tunnel,Dry,Dirt,2,80,Sharp,Flat,Painted,Yes,2,Bicycle;Auto-rickshaw,17.6,Yes,42,Partial,Yes,No,No,95,Swerving,Overloading,Side-swipe,Rear,1,1303,Off-peak,29.1,38.7,1,3,3,Total,Critical
PK-2024-01336,2024-10-28,11:32,Sindh,Hyderabad,Urban,25.828,68.4514,Haze,20,27.9,4.2,Street-lit,Potholed,Asphalt,3,30,Gentle,Flat,Painted,No,3,Car;Motorcycle;Motorcycle,16.6,No,44,Partial,No,No,No,35,None,Human Error,Head-on,Front,1,294,Peak,53.2,64.5,0,2,4,Severe,High
PK-2024-01337,2024-06-18,16:32,Sindh,Karachi,Residential,24.1409,69.0608,Dust Storm,281,43.9,9.7,Unlit,Wet,Concrete,2,60,Straight,Uphill,None,No,3,Car;Auto-rickshaw;Motorcycle,14.0,No,32,Partial,No,No,No,65,Swerving,Speeding,Side-swipe,Rear,1,461,Peak,23.3,37.2,0,1,3,Moderate,Medium
PK-2024-01338,2024-03-17,11:39,Punjab,Rawalpindi,Urban,31.3818,74.2125,Clear,285,36.2,9.2,Daylight,Construction,Gravel,2,60,Straight,Flat,Painted,No,2,Car;Bus,18.0,No,33,Partial,Yes,No,No,75,Swerving,Wrong Side,Rear-end,Front,1,546,Off-peak,6.4,12.4,0,0,1,None,Low
PK-2024-01339,2024-01-05,22:58,Punjab,Gujranwala,Highway,29.5355,74.9093,Cloudy,536,43.3,2.2,Unlit,Dry,Asphalt,2,60,Straight,Flat,Physical,Yes,3,Motorcycle;Motorcycle;Motorcycle,16.2,No,46,Yes,Yes,No,No,65,Braking,Mobile Phone,Rollover,Rear,2,882,Off-peak,6.4,13.0,0,0,1,None,Low
PK-2024-01340,2024-02-24,15:51,Punjab,Sargodha,Highway,29.5002,74.8606,Dust Storm,60,43.7,30.0,Street-lit,Muddy,Asphalt,4,80,Straight,Uphill,Physical,Yes,4,Car;Motorcycle;Auto-rickshaw;Bicycle,10.7,Yes,34,No,Yes,No,No,100,Swerving,Weather,Rollover,Rear,1,385,Peak,1.6,8.9,1,2,1,Total,Critical
PK-2024-01341,2024-08-22,21:52,Punjab,Rawalpindi,Urban,29.8337,74.9067,Clear,512,17.4,5.2,Dawn-Dusk,Construction,Asphalt,1,60,Gentle,Flat,Physical,Yes,1,Motorcycle,3.7,No,40,No,Not Applicable,No,No,65,Swerving,Signal Violation,Rear-end,Rear,1,995,Off-peak,6.3,13.9,0,0,0,Minor,Low
PK-2024-01342,2024-05-24,15:33,Punjab,Sargodha,Residential,32.3435,74.8674,Clear,1008,26.6,1.2,Street-lit,Potholed,Concrete,3,110,Straight,Uphill,Physical,No,1,Auto-rickshaw,17.8,No,23,No,Not Applicable,No,Unknown,110,Braking,Weather,Fixed-object,Front,1,386,Off-peak,16.0,18.3,0,0,3,Moderate,Medium
PK-2024-01343,2024-12-28,11:10,Punjab,Rawalpindi,Rural,32.3567,73.8145,Heavy Rain,186,25.4,5.9,Unlit,Dry,Asphalt,3,120,Straight,Flat,Physical,Yes,4,Auto-rickshaw;Bus;Motorcycle;Car,16.0,No,22,No,Not Applicable,No,No,160,None,Signal Violation,Multi-vehicle pileup,Rear,1,1975,Peak,9.0,17.5,1,3,1,Total,Critical
PK-2024-01344,2024-12-15,12:16,Sindh,Larkana,Highway,26.328,68.0702,Clear,20,33.0,4.0,Daylight,Potholed,Asphalt,2,40,Gentle,Uphill,Physical,Yes,3,Motorcycle;Bicycle;Motorcycle,7.5,No,24,No,Yes,No,No,35,Swerving,Wrong Side,Multi-vehicle pileup,Roof,2,300,Off-peak,22.2,37.9,0,1,4,Severe,High
PK-2024-01345,2024-03-16,17:40,Punjab,Sialkot,Highway,31.7538,73.8992,Clear,144,36.6,0.4,Unlit,Muddy,Asphalt,1,80,Sharp,Downhill,None,Yes,2,Motorcycle;Car,11.8,No,43,No,No,No,Unknown,95,Swerving,Speeding,Fixed-object,Rear,2,75,Off-peak,28.9,47.2,3,3,3,Total,Critical
PK-2024-01346,2024-11-06,12:04,Sindh,Hyderabad,Rural,25.2142,67.6886,Cloudy,353,28.1,15.0,Unlit,Dry,Asphalt,3,30,Gentle,Flat,Physical,Yes,3,Motorcycle;Motorcycle;Motorcycle,14.9,No,48,No,Not Applicable,No,No,40,Swerving,Overloading,Side-swipe,Front,2,566,Peak,22.8,34.3,0,0,2,Minor,Low
PK-2024-01347,2024-12-05,22:20,Punjab,Bahawalpur,Rural,30.746,72.0328,Clear,20,17.6,1.3,Street-lit,Flooding,Concrete,2,110,Gentle,Flat,Painted,No,2,Motorcycle;Bus,12.2,No,27,No,Not Applicable,No,No,120,Braking,Speeding,Pedestrian,Front,2,561,Peak,13.6,23.0,1,3,2,Total,Critical
PK-2024-01348,2024-01-13,20:06,Punjab,Sialkot,Residential,32.4403,72.7983,Clear,184,24.1,6.0,Daylight,Construction,Asphalt,2,50,Gentle,Flat,Painted,Yes,3,Truck;Car;Motorcycle,13.4,Yes,58,No,Yes,No,Unknown,90,Braking,Overloading,Head-on,Front,1,482,Peak,1.4,9.7,1,4,1,Severe,Critical
PK-2024-01349,2024-08-27,12:08,Sindh,Hyderabad,Highway,25.0991,69.2629,Cloudy,20,26.0,7.0,Unlit,Potholed,Concrete,4,30,Straight,Uphill,Painted,Yes,2,Motorcycle;Motorcycle,5.7,No,28,No,No,No,No,35,Braking,Mechanical Failure,Rollover,Front,1,383,Peak,32.2,44.0,0,2,3,Severe,High
PK-2024-01350,2024-11-14,11:12,Punjab,Gujranwala,Highway,30.1702,72.4608,Clear,20,38.5,10.7,Daylight,Dry,Asphalt,4,100,Straight,Uphill,Physical,Yes,5,Bus;Motorcycle;Motorcycle;Truck;Motorcycle,6.4,No,30,Yes,No,No,No,140,Braking,Weather,Head-on,Front,1,149,Off-peak,3.5,7.9,1,1,3,Moderate,High
PK-2024-01351,2024-01-12,19:13,Punjab,Bahawalpur,Urban,30.7164,72.0719,Clear,146,30.8,7.8,Unlit,Dry,Asphalt,6,80,Sharp,Downhill,Physical,Yes,3,Car;Auto-rickshaw;Motorcycle,12.4,No,16,Yes,Not Applicable,No,No,110,Braking,Speeding,Side-swipe,Side,1,1489,Off-peak,5.6,19.7,0,2,4,Moderate,High
PK-2024-01352,2024-08-07,01:17,Punjab,Gujranwala,Urban,31.926,74.7786,Fog,112,28.0,2.3,Daylight,Dry,Dirt,3,40,Gentle,Flat,Physical,Yes,3,Motorcycle;Motorcycle;Car,14.7,No,30,Yes,Yes,Yes,No,50,None,Mobile Phone,Side-swipe,Rear,1,1642,Peak,7.8,14.3,0,0,1,Minor,Low
PK-2024-01353,2024-05-20,08:17,Sindh,Karachi,Urban,24.3817,68.133,Clear,979,40.2,13.1,Daylight,Wet,Asphalt,4,40,Straight,Flat,None,No,3,Car;Motorcycle;Car,8.2,No,20,No,Yes,No,No,50,Swerving,Mechanical Failure,Head-on,Side,3,1598,Peak,18.2,27.8,0,0,1,Minor,Low
PK-2024-01354,2024-06-20,15:44,Punjab,Gujranwala,Rural,30.6985,72.4269,Haze,1210,34.3,22.1,Tunnel,Wet,Asphalt,4,60,Gentle,Downhill,None,No,2,Motorcycle;Truck,8.3,No,34,No,No,No,Unknown,60,Braking,Speeding,Rear-end,Rear,2,201,Off-peak,6.8,9.6,0,0,0,Minor,Low
PK-2024-01355,2024-04-01,23:34,Punjab,Bahawalpur,Urban,31.2736,74.8756,Clear,252,22.5,2.0,Daylight,Potholed,Concrete,4,60,Gentle,Uphill,None,Yes,4,Motorcycle;Auto-rickshaw;Auto-rickshaw;Motorcycle,9.8,No,32,Yes,No,No,No,60,Braking,Speeding,Side-swipe,Front,2,1485,Off-peak,2.1,8.6,0,0,1,None,Low
PK-2024-01356,2024-05-17,07:19,Balochistan,Khuzdar,Urban,30.3101,65.0467,Rain,378,22.6,25.8,Daylight,Flooding,Gravel,2,50,Hairpin,Flat,None,No,2,Motorcycle;Car,17.6,No,19,No,Yes,No,No,80,None,Weather,Fixed-object,Front,2,346,Peak,0.7,8.5,1,2,3,Total,Critical
PK-2024-01357,2024-10-01,21:18,Punjab,Sialkot,Rural,29.6304,73.9458,Clear,365,40.8,0.5,Daylight,Dry,Asphalt,4,100,Straight,Downhill,Physical,Yes,2,Car;Motorcycle,19.5,No,33,No,Partial,No,No,140,None,Weather,Side-swipe,Side,2,1115,Off-peak,8.5,15.1,0,0,2,Minor,Medium
PK-2024-01358,2024-01-13,04:56,Sindh,Nawabshah,Rural,26.4939,67.6648,Heavy Rain,578,25.4,7.8,Daylight,Muddy,Asphalt,4,100,Straight,Flat,Physical,No,2,Motorcycle;Motorcycle,3.6,No,16,Yes,Partial,No,Unknown,140,Swerving,Drunk Driving,Multi-vehicle pileup,Rear,3,1219,Peak,3.6,15.0,2,3,3,Severe,Critical
PK-2024-01359,2024-11-09,00:50,Punjab,Sargodha,Rural,29.8385,73.0595,Haze,391,27.0,31.2,Street-lit,Potholed,Asphalt,2,100,Sharp,Flat,Physical,No,2,Auto-rickshaw;Truck,14.0,Yes,24,No,Partial,No,No,105,None,Mechanical Failure,Fixed-object,Roof,1,1023,Peak,9.0,21.0,3,4,2,Total,Critical
PK-2024-01360,2024-09-15,17:48,Sindh,Karachi,Urban,26.4159,67.8253,Rain,507,25.2,20.8,Street-lit,Dry,Gravel,6,60,Hairpin,Flat,Physical,No,3,Motorcycle;Motorcycle;Motorcycle,14.0,No,42,Yes,Yes,No,No,65,None,Wrong Side,Pedestrian,Rear,1,1793,Off-peak,1.3,5.5,0,0,2,Minor,Low
PK-2024-01361,2024-01-28,20:12,Balochistan,Quetta,Urban,29.4823,66.123,Haze,238,23.3,13.0,Unlit,Icy,Asphalt,2,40,Straight,Flat,None,Yes,3,Truck;Motorcycle;Truck,5.0,No,34,Yes,Yes,No,No,70,Swerving,Weather,Head-on,Front,3,1878,Peak,25.7,35.7,1,4,1,Total,Critical
PK-2024-01362,2024-09-09,16:08,Sindh,Larkana,Rural,26.2357,68.4164,Clear,40,50.0,9.3,Daylight,Dry,Concrete,3,40,Straight,Uphill,Physical,No,2,Motorcycle;Auto-rickshaw,17.8,No,33,Partial,Yes,No,No,45,Braking,Speeding,Pedestrian,Side,3,1378,Peak,6.3,13.8,0,0,1,Minor,Low
PK-2024-01363,2024-05-28,13:47,Punjab,Sargodha,Residential,30.8128,73.2946,Clear,124,12.3,8.9,Unlit,Wet,Asphalt,2,60,Gentle,Downhill,Painted,Yes,3,Motorcycle;Motorcycle;Auto-rickshaw,17.9,No,27,Partial,Yes,No,No,100,Braking,Mobile Phone,Multi-vehicle pileup,Roof,1,781,Peak,23.3,31.9,3,3,3,Total,Critical
PK-2024-01364,2024-11-10,07:13,Sindh,Sukkur,Highway,26.1218,67.4695,Fog,367,45.3,21.3,Street-lit,Icy,Dirt,2,60,Sharp,Uphill,None,Yes,3,Motorcycle;Car;Bicycle,3.2,Yes,45,No,Yes,No,No,60,Braking,Speeding,Rollover,Front,1,561,Peak,8.1,15.9,3,3,2,Total,Critical
PK-2024-01365,2024-04-12,10:22,Sindh,Karachi,Rural,24.489,66.8719,Cloudy,239,42.5,4.4,Street-lit,Dry,Asphalt,2,30,Gentle,Flat,Physical,Yes,4,Motorcycle;Auto-rickshaw;Bicycle;Motorcycle,3.3,Yes,51,Partial,No,No,No,40,None,Weather,Side-swipe,Rear,2,741,Off-peak,23.2,31.7,0,0,1,Minor,Low
PK-2024-01366,2024-09-19,15:18,Balochistan,Gwadar,Highway,28.9083,66.5713,Rain,580,22.5,11.7,Dawn-Dusk,Wet,Asphalt,2,100,Sharp,Flat,None,No,4,Auto-rickshaw;Motorcycle;Motorcycle;Car,11.9,No,28,No,Yes,No,No,105,Swerving,Wrong Side,Rear-end,Front,1,175,Off-peak,9.5,14.1,0,3,4,Severe,High
PK-2024-01367,2024-09-19,14:25,Sindh,Sukkur,Rural,26.7553,67.0962,Clear,339,27.2,11.0,Dawn-Dusk,Wet,Concrete,2,50,Straight,Flat,Painted,Yes,2,Car;Car,6.4,Yes,36,Yes,No,No,No,45,None,Speeding,Rollover,Front,1,931,Off-peak,12.2,22.4,0,0,1,None,Low
PK-2024-01368,2024-02-16,00:40,Islamabad,Islamabad,Urban,33.524,71.6374,Clear,360,27.7,6.9,Street-lit,Dry,Asphalt,6,110,Gentle,Flat,Painted,Yes,1,Bus,5.0,No,46,Yes,Partial,No,No,115,Braking,Signal Violation,Rollover,Side,2,1020,Peak,0.5,7.0,0,0,2,Minor,Medium
PK-2024-01369,2024-05-25,10:30,Balochistan,Khuzdar,Highway,28.8665,67.4398,Fog,94,49.1,11.8,Street-lit,Construction,Asphalt,2,80,Sharp,Downhill,Physical,Yes,2,Car;Bicycle,10.4,Yes,31,Partial,Partial,No,No,90,Swerving,Mechanical Failure,Side-swipe,Front,1,1378,Peak,6.9,13.2,2,3,2,Total,Critical
PK-2024-01370,2024-05-01,06:42,Balochistan,Turbat,Highway,30.0711,66.82,Rain,293,14.3,13.2,Street-lit,Wet,Concrete,2,50,Gentle,Flat,Physical,No,5,Truck;Car;Truck;Motorcycle;Car,6.9,No,38,Yes,Yes,No,No,60,None,Signal Violation,Pedestrian,Rear,1,183,Off-peak,3.9,13.2,0,0,1,Moderate,Medium
PK-2024-01371,2024-02-26,17:52,Punjab,Faisalabad,Rural,29.6049,74.0194,Rain,115,43.4,5.8,Unlit,Icy,Asphalt,2,80,Straight,Downhill,None,Yes,2,Motorcycle;Motorcycle,12.2,No,34,Yes,Partial,No,No,75,None,Mobile Phone,Rear-end,Roof,1,131,Off-peak,13.7,23.0,0,1,3,Severe,High
PK-2024-01372,2024-05-12,19:51,Sindh,Larkana,Urban,25.4771,68.5333,Heavy Rain,190,25.8,22.9,Unlit,Dry,Concrete,4,100,Sharp,Downhill,None,Yes,1,Truck,7.5,No,27,No,Yes,No,No,90,Braking,Wrong Side,Rollover,Side,1,1737,Off-peak,4.0,12.0,3,2,1,Severe,Critical
PK-2024-01373,2024-11-17,15:26,Punjab,Faisalabad,Urban,30.7522,73.5435,Dust Storm,54,26.0,9.1,Street-lit,Dry,Asphalt,2,60,Straight,Flat,Physical,Yes,2,Car;Bicycle,8.4,No,16,Yes,Not Applicable,No,No,65,None,Drunk Driving,Head-on,Front,2,204,Peak,1.7,5.4,3,2,3,Total,Critical
PK-2024-01374,2024-11-02,02:26,KPK,Peshawar,Rural,33.6253,70.8145,Dust Storm,88,22.5,9.6,Street-lit,Muddy,Dirt,3,40,Straight,Flat,Physical,Yes,5,Truck;Bicycle;Car;Motorcycle;Motorcycle,15.8,Yes,34,Yes,No,No,No,60,Braking,Mobile Phone,Side-swipe,Front,3,1632,Peak,4.7,13.5,2,2,1,Total,Critical
PK-2024-01375,2024-05-09,14:57,Punjab,Lahore,Highway,31.2898,72.3941,Heavy Rain,155,30.4,9.8,Daylight,Dry,Gravel,2,100,Gentle,Flat,Painted,Yes,2,Car;Auto-rickshaw,4.7,No,52,Partial,Yes,No,No,120,None,Speeding,Rollover,Front,1,635,Off-peak,4.7,15.8,2,3,1,Total,Critical
PK-2024-01376,2024-12-08,22:40,Punjab,Gujranwala,Highway,30.074,72.4172,Cloudy,20,37.6,5.7,Dawn-Dusk,Construction,Dirt,4,80,Gentle,Flat,Physical,Yes,2,Truck;Motorcycle,14.0,No,20,No,Not Applicable,No,No,90,Swerving,Signal Violation,Rollover,Front,1,188,Off-peak,45.8,55.2,1,4,3,Severe,Critical
PK-2024-01377,2024-03-12,05:17,Sindh,Nawabshah,Highway,26.6359,67.9005,Rain,264,39.8,19.0,Street-lit,Dry,Asphalt,6,60,Straight,Downhill,Painted,No,4,Motorcycle;Motorcycle;Truck;Motorcycle,12.7,No,16,No,Partial,No,No,65,Swerving,Speeding,Fixed-object,Front,2,1046,Peak,4.1,8.8,0,0,1,Minor,Medium
PK-2024-01378,2024-07-11,22:58,Punjab,Faisalabad,Urban,31.4089,73.8283,Clear,1500,19.9,7.2,Street-lit,Dry,Asphalt,2,110,Gentle,Flat,Physical,Yes,3,Motorcycle;Motorcycle;Car,6.1,No,62,No,Yes,Yes,No,120,Braking,Weather,Pedestrian,Front,2,1732,Off-peak,4.0,9.9,0,1,3,Minor,Medium
PK-2024-01379,2024-05-24,23:37,Punjab,Faisalabad,Urban,30.325,74.6758,Cloudy,704,35.7,13.0,Street-lit,Flooding,Gravel,2,60,Gentle,Uphill,Physical,Yes,3,Bus;Auto-rickshaw;Motorcycle,15.5,No,46,Yes,Not Applicable,No,No,65,Braking,Mobile Phone,Rear-end,Side,1,407,Peak,10.6,16.5,0,0,0,Minor,Low
PK-2024-01380,2024-10-23,09:24,Islamabad,Islamabad,Urban,34.2443,73.4756,Clear,687,36.5,0.8,Dawn-Dusk,Icy,Concrete,4,60,Straight,Flat,Painted,Yes,3,Car;Motorcycle;Truck,16.9,No,16,Yes,Partial,No,No,50,Braking,Mobile Phone,Rollover,Front,2,368,Off-peak,0.6,5.1,0,0,3,Moderate,Medium
PK-2024-01381,2024-07-24,07:36,Punjab,Sialkot,Rural,30.6034,74.7176,Rain,196,19.1,2.6,Daylight,Muddy,Asphalt,6,60,Sharp,Flat,Physical,Yes,2,Auto-rickshaw;Car,17.2,No,35,Yes,Not Applicable,No,No,75,Braking,Speeding,Rollover,Side,1,1365,Off-peak,29.0,37.2,3,3,1,Total,Critical
PK-2024-01382,2024-01-07,01:56,Sindh,Larkana,Residential,25.6009,68.4426,Clear,708,32.4,0.5,Unlit,Dry,Gravel,2,60,Gentle,Flat,None,No,2,Car;Auto-rickshaw,3.3,No,35,Partial,Yes,Yes,No,100,None,Human Error,Rear-end,Roof,2,1403,Off-peak,1.5,5.0,0,2,2,Moderate,Medium
PK-2024-01383,2024-07-09,18:56,Punjab,Gujranwala,Urban,30.549,72.7215,Cloudy,248,30.3,10.6,Dawn-Dusk,Dry,Asphalt,2,30,Straight,Flat,Painted,Yes,5,Motorcycle;Truck;Auto-rickshaw;Bicycle;Truck,12.9,No,36,Partial,No,No,Unknown,25,Swerving,Signal Violation,Side-swipe,Rear,1,245,Off-peak,8.9,15.3,0,0,1,Minor,Low
PK-2024-01384,2024-11-18,01:47,Punjab,Sargodha,Rural,31.3696,73.0825,Cloudy,152,33.3,33.9,Unlit,Construction,Concrete,4,50,Sharp,Uphill,Physical,Yes,2,Truck;Car,6.1,No,26,No,Yes,No,No,50,None,Human Error,Pedestrian,Front,2,1972,Off-peak,15.5,25.0,1,3,4,Severe,High
PK-2024-01385,2024-07-03,20:19,Islamabad,Islamabad,Rural,33.1813,73.1023,Dust Storm,389,46.9,27.5,Street-lit,Potholed,Asphalt,6,110,Gentle,Flat,None,Yes,3,Motorcycle;Car;Truck,10.5,No,34,Yes,No,No,No,140,Swerving,Wrong Side,Multi-vehicle pileup,Front,1,478,Off-peak,12.8,19.8,2,3,2,Severe,Critical
PK-2024-01386,2024-12-18,18:40,Sindh,Larkana,Rural,26.1012,67.1452,Dust Storm,217,33.0,0.9,Unlit,Construction,Asphalt,1,120,Hairpin,Downhill,Painted,Yes,2,Car;Motorcycle,7.9,No,24,Yes,Yes,No,No,135,None,Signal Violation,Side-swipe,Side,1,1786,Peak,15.0,18.0,3,3,3,Total,Critical
PK-2024-01387,2024-09-21,09:32,Punjab,Rawalpindi,Highway,32.0706,72.8748,Cloudy,247,33.7,16.2,Street-lit,Icy,Dirt,2,120,Straight,Downhill,Painted,No,3,Car;Car;Motorcycle,7.0,No,56,No,No,No,No,110,Braking,Weather,Head-on,Front,1,1008,Off-peak,58.4,74.0,1,3,3,Total,Critical
PK-2024-01388,2024-07-10,08:30,Punjab,Bahawalpur,Residential,31.1138,74.2566,Dust Storm,284,36.0,13.5,Daylight,Icy,Asphalt,3,80,Gentle,Flat,Painted,Yes,2,Auto-rickshaw;Auto-rickshaw,15.2,No,43,Yes,Yes,No,No,80,Swerving,Speeding,Head-on,Rear,1,982,Off-peak,68.2,85.1,0,3,2,Severe,High
PK-2024-01389,2024-04-24,03:09,Punjab,Faisalabad,Rural,31.2859,73.32,Dust Storm,467,47.4,2.0,Street-lit,Dry,Concrete,4,50,Sharp,Flat,Painted,Yes,3,Car;Car;Auto-rickshaw,18.2,No,54,No,Yes,No,Yes,45,None,Speeding,Head-on,Roof,1,457,Off-peak,11.5,20.0,1,2,4,Severe,High
PK-2024-01390,2024-06-16,14:24,Punjab,Sialkot,Rural,29.9618,74.7357,Heavy Rain,20,25.4,6.2,Street-lit,Muddy,Asphalt,1,100,Straight,Uphill,Physical,Yes,5,Car;Bus;Bus;Bus;Motorcycle,2.0,No,22,Partial,Yes,No,Yes,110,None,Wrong Side,Rollover,Front,3,135,Off-peak,1.0,3.0,1,2,2,Severe,Critical
PK-2024-01391,2024-08-26,19:18,Punjab,Rawalpindi,Rural,30.5701,74.6843,Clear,721,22.7,18.7,Daylight,Dry,Asphalt,2,80,Gentle,Downhill,None,No,1,Auto-rickshaw,11.5,No,16,No,No,No,No,95,Braking,Signal Violation,Rear-end,Front,1,209,Off-peak,35.9,50.3,0,1,2,Minor,Medium
PK-2024-01392,2024-02-28,04:23,Punjab,Rawalpindi,Residential,31.9233,73.7071,Cloudy,606,42.8,5.2,Tunnel,Dry,Asphalt,2,60,Straight,Uphill,Painted,No,3,Motorcycle;Auto-rickshaw;Motorcycle,4.1,No,25,No,Not Applicable,No,Unknown,70,None,Overloading,Side-swipe,Front,3,1019,Off-peak,1.7,7.8,0,0,1,Minor,Low
PK-2024-01393,2024-04-21,04:59,Sindh,Nawabshah,Urban,25.4226,66.5629,Fog,169,24.6,13.8,Daylight,Potholed,Asphalt,6,80,Hairpin,Flat,None,No,3,Car;Car;Motorcycle,19.9,No,25,Yes,No,No,No,90,Braking,Human Error,Rear-end,Front,2,1357,Peak,12.9,19.1,1,2,1,Total,Critical
PK-2024-01394,2024-05-22,07:13,Punjab,Sialkot,Urban,31.6901,74.7436,Clear,72,33.5,38.2,Daylight,Construction,Asphalt,3,80,Gentle,Flat,Physical,No,4,Auto-rickshaw;Bus;Motorcycle;Motorcycle,19.7,No,46,No,Partial,No,No,75,Braking,Overloading,Side-swipe,Rear,1,1862,Off-peak,0.6,6.9,0,0,3,Minor,Medium
PK-2024-01395,2024-05-09,06:58,Punjab,Faisalabad,Residential,31.9555,73.6411,Clear,981,31.3,9.3,Daylight,Dry,Asphalt,2,60,Straight,Uphill,Physical,No,3,Motorcycle;Truck;Motorcycle,16.9,No,45,No,Yes,No,No,65,Braking,Wrong Side,Fixed-object,Side,2,161,Off-peak,2.8,13.5,0,0,1,Minor,Low
PK-2024-01396,2024-10-10,12:13,Punjab,Sargodha,Rural,30.5904,73.5068,Fog,51,32.6,3.6,Daylight,Potholed,Concrete,2,40,Straight,Uphill,Physical,No,2,Car;Motorcycle,10.4,No,68,Yes,Yes,No,No,60,None,Human Error,Head-on,Rear,1,1444,Off-peak,6.1,14.4,0,1,4,Severe,High