incident_id,date,time,province,district,road_type,latitude,longitude,weather,visibility_meters,temperature_c,wind_speed_kmh,lighting,road_condition,surface_material,number_of_lanes,speed_limit_kmh,road_curvature,road_gradient,median_type,shoulder_available,num_vehicles,vehicle_types,vehicle_avg_age_years,overloading_detected,driver_age,helmet_usage,seatbelt_usage,mobile_phone_suspected,alcohol_drug_suspected,speed_at_impact_kmh,evasive_action,accident_cause,collision_type,impact_point,num_collisions,traffic_volume_per_hour,peak_off_peak,distance_to_hospital_km,expected_response_min,fatalities,serious_injuries,minor_injuries,property_damage_level,severity
PK-2024-01618,2024-09-16,13:47,Punjab,Rawalpindi,Urban,32.0413,72.978,Cloudy,200,18.9,5.4,Unlit,Dry,Asphalt,1,60,Gentle,Flat,None,Yes,2,Truck;Truck,14.6,No,48,Yes,No,No,No,100,None,Wrong Side,Rollover,Roof,2,430,Off-peak,15.3,27.3,2,3,1,Total,Critical
PK-2024-01619,2024-05-18,20:16,Punjab,Multan,Urban,32.1171,72.6498,Dust Storm,794,34.9,19.0,Daylight,Potholed,Gravel,2,110,Sharp,Uphill,Physical,Yes,1,Auto-rickshaw,16.6,No,44,Yes,No,No,No,140,Braking,Animal Crossing,Pedestrian,Side,1,1769,Off-peak,6.9,12.7,2,2,1,Total,Critical
PK-2024-01620,2024-09-25,09:05,Sindh,Nawabshah,Highway,24.3945,68.3477,Clear,250,44.7,2.6,Daylight,Dry,Gravel,2,60,Straight,Flat,Physical,No,3,Bicycle;Motorcycle;Motorcycle,6.0,No,39,No,No,No,Unknown,60,Braking,Mobile Phone,Rear-end,Front,1,1679,Off-peak,12.2,22.4,0,0,2,None,Low
PK-2024-01621,2024-09-24,07:13,Sindh,Hyderabad,Rural,25.5609,66.657,Clear,230,36.0,4.5,Tunnel,Construction,Asphalt,2,40,Gentle,Downhill,Physical,Yes,5,Motorcycle;Truck;Truck;Motorcycle;Motorcycle,6.1,No,34,Partial,Not Applicable,No,No,35,None,Overloading,Side-swipe,Side,1,1607,Off-peak,4.2,7.7,0,0,2,Minor,Low
PK-2024-01622,2024-04-21,23:00,Punjab,Multan,Highway,30.8621,72.9643,Cloudy,593,25.0,3.2,Dawn-Dusk,Dry,Asphalt,2,50,Straight,Flat,Physical,No,3,Truck;Bicycle;Auto-rickshaw,2.3,No,29,No,Not Applicable,No,No,80,Braking,Human Error,Rollover,Side,1,352,Peak,7.3,8.3,0,1,3,Moderate,Medium
PK-2024-01623,2024-07-11,11:57,Punjab,Sialkot,Rural,31.469,74.3909,Fog,339,27.1,3.3,Daylight,Potholed,Gravel,3,80,Hairpin,Downhill,None,Yes,3,Auto-rickshaw;Car;Motorcycle,11.5,No,31,Yes,No,No,Unknown,85,None,Speeding,Rear-end,Front,2,1838,Off-peak,5.6,10.2,2,2,2,Total,Critical
PK-2024-01624,2024-06-22,13:56,Sindh,Nawabshah,Residential,24.3334,66.7624,Clear,144,30.2,0.3,Street-lit,Wet,Asphalt,3,50,Hairpin,Downhill,None,Yes,2,Motorcycle;Car,7.2,No,42,Yes,Not Applicable,No,No,45,Braking,Signal Violation,Multi-vehicle pileup,Rear,2,452,Off-peak,2.5,7.0,0,0,1,Minor,Low
PK-2024-01625,2024-01-11,14:23,Sindh,Sukkur,Urban,26.8532,68.8344,Heavy Rain,415,35.0,3.8,Daylight,Potholed,Asphalt,2,110,Gentle,Uphill,Painted,No,3,Car;Car;Motorcycle,16.2,No,39,Partial,No,Yes,Unknown,120,Braking,Weather,Rear-end,Side,1,1663,Peak,4.5,6.8,0,1,3,Severe,High
PK-2024-01626,2024-12-24,05:09,Punjab,Multan,Rural,31.6672,74.8189,Cloudy,44,13.4,1.4,Daylight,Construction,Gravel,4,110,Sharp,Flat,Physical,No,2,Motorcycle;Car,7.3,No,48,No,Partial,No,No,100,Braking,Signal Violation,Side-swipe,Roof,2,1012,Peak,0.5,8.7,1,2,4,Severe,High
PK-2024-01627,2024-01-16,06:52,Sindh,Nawabshah,Urban,26.1594,68.8474,Clear,539,23.2,68.8,Daylight,Potholed,Asphalt,3,60,Gentle,Downhill,None,Yes,3,Bus;Motorcycle;Motorcycle,14.3,No,32,Yes,Not Applicable,No,No,70,Braking,Mobile Phone,Rear-end,Rear,1,598,Off-peak,0.5,3.0,0,0,1,None,Low
PK-2024-01628,2024-09-12,08:49,Punjab,Gujranwala,Rural,29.9067,73.7139,Rain,162,31.5,18.8,Unlit,Dry,Gravel,6,50,Sharp,Downhill,Physical,Yes,1,Car,6.8,No,26,No,Not Applicable,No,No,40,None,Mechanical Failure,Head-on,Roof,1,1554,Off-peak,12.0,19.3,0,0,1,Minor,Medium
PK-2024-01629,2024-11-05,05:57,KPK,Peshawar,Urban,34.9802,70.6228,Clear,35,27.5,4.9,Daylight,Flooding,Asphalt,2,80,Straight,Flat,None,No,1,Motorcycle,16.6,No,37,No,Partial,Yes,No,95,None,Mechanical Failure,Rear-end,Side,2,1016,Peak,2.6,8.0,1,3,3,Total,Critical
PK-2024-01630,2024-05-22,13:00,Sindh,Sukkur,Urban,26.9579,66.9388,Rain,347,30.5,0.3,Unlit,Wet,Asphalt,4,50,Sharp,Downhill,Physical,No,2,Motorcycle;Car,7.5,No,31,Yes,No,No,No,70,Braking,Human Error,Rear-end,Side,2,792,Off-peak,3.1,8.4,0,1,2,Moderate,Medium
PK-2024-01631,2024-12-17,04:18,Punjab,Multan,Urban,31.9975,72.707,Haze,111,23.5,3.2,Daylight,Wet,Asphalt,3,80,Straight,Flat,Physical,No,2,Motorcycle;Bicycle,8.1,No,38,No,No,No,No,75,None,Drunk Driving,Fixed-object,Front,1,446,Off-peak,7.0,12.6,0,1,4,Severe,High
PK-2024-01632,2024-10-03,23:51,Punjab,Sialkot,Urban,31.5452,72.4744,Cloudy,120,18.1,45.3,Street-lit,Muddy,Asphalt,1,50,Gentle,Flat,Physical,Yes,3,Car;Motorcycle;Car,16.8,No,26,No,No,No,No,55,None,Human Error,Side-swipe,Roof,2,827,Off-peak,2.0,8.6,0,1,2,Moderate,Medium
PK-2024-01633,2024-12-07,23:02,Punjab,Rawalpindi,Rural,32.4339,74.8442,Clear,326,21.6,9.6,Daylight,Dry,Asphalt,4,120,Gentle,Flat,Painted,Yes,4,Motorcycle;Auto-rickshaw;Truck;Car,19.8,No,26,Yes,Yes,No,No,135,Braking,Drunk Driving,Side-swipe,Front,1,565,Off-peak,5.5,11.4,0,0,2,None,Low
PK-2024-01634,2024-06-28,19:21,Islamabad,Islamabad,Rural,32.285,71.7508,Clear,362,21.3,8.1,Dawn-Dusk,Muddy,Asphalt,2,60,Straight,Flat,Painted,No,2,Truck;Car,4.7,No,27,No,Yes,No,No,90,None,Human Error,Rear-end,Front,1,794,Peak,11.0,19.5,0,2,3,Severe,High
PK-2024-01635,2024-08-24,11:37,Punjab,Lahore,Urban,30.1688,74.8746,Cloudy,75,34.3,1.2,Daylight,Muddy,Asphalt,4,40,Gentle,Uphill,None,Yes,2,Truck;Auto-rickshaw,13.7,No,46,No,No,No,No,45,None,Wrong Side,Multi-vehicle pileup,Side,2,365,Off-peak,1.7,10.4,0,2,4,Severe,High
PK-2024-01636,2024-09-22,09:21,KPK,Swat,Rural,34.3908,70.0948,Haze,97,42.1,3.2,Street-lit,Dry,Concrete,1,100,Gentle,Uphill,Physical,Yes,3,Truck;Car;Bicycle,3.5,No,43,No,Partial,No,No,120,Swerving,Mechanical Failure,Side-swipe,Side,3,1386,Off-peak,1.0,10.2,0,2,3,Moderate,High
PK-2024-01637,2024-11-09,08:57,Sindh,Sukkur,Highway,25.9391,67.981,Cloudy,338,26.6,7.2,Street-lit,Wet,Gravel,4,60,Straight,Flat,None,Yes,2,Motorcycle;Bus,5.9,No,39,No,No,No,No,65,None,Speeding,Rollover,Rear,3,1610,Peak,13.0,22.8,0,2,4,Severe,High
PK-2024-01638,2024-10-19,18:30,KPK,Peshawar,Urban,34.917,70.1568,Rain,998,29.8,3.5,Street-lit,Wet,Asphalt,4,80,Gentle,Downhill,Physical,No,4,Auto-rickshaw;Auto-rickshaw;Car;Motorcycle,9.2,No,27,No,Not Applicable,No,No,85,None,Wrong Side,Rear-end,Roof,2,688,Off-peak,12.7,25.9,0,2,2,Moderate,Medium
PK-2024-01639,2024-01-01,16:43,Sindh,Karachi,Urban,26.9526,67.8775,Dust Storm,845,36.4,4.4,Street-lit,Muddy,Asphalt,2,50,Straight,Flat,Physical,Yes,2,Car;Car,6.0,No,41,Yes,No,No,Unknown,65,Swerving,Signal Violation,Rear-end,Roof,1,79,Off-peak,6.6,7.0,0,2,3,Minor,Medium
PK-2024-01640,2024-03-23,02:30,KPK,Swat,Highway,33.397,70.6193,Cloudy,558,31.1,0.5,Street-lit,Wet,Gravel,1,50,Sharp,Flat,Painted,Yes,3,Truck;Auto-rickshaw;Car,2.1,No,49,No,No,No,No,50,Braking,Human Error,Rear-end,Rear,1,492,Peak,16.3,27.1,0,0,1,Minor,Low
PK-2024-01641,2024-08-20,09:57,Punjab,Gujranwala,Urban,29.6797,73.0774,Clear,656,20.3,20.7,Street-lit,Muddy,Asphalt,2,60,Sharp,Uphill,Physical,No,3,Car;Car;Truck,14.5,No,36,Yes,Partial,No,No,60,None,Wrong Side,Rollover,Side,1,701,Off-peak,24.3,31.1,0,2,3,Severe,High
PK-2024-01642,2024-03-07,14:45,Punjab,Sargodha,Residential,29.5595,74.7073,Rain,396,45.0,2.7,Unlit,Potholed,Asphalt,4,50,Gentle,Flat,Physical,Yes,2,Motorcycle;Motorcycle,4.3,No,26,No,Not Applicable,Yes,No,60,None,Speeding,Side-swipe,Front,1,1298,Peak,19.9,33.0,0,0,1,Moderate,Medium
PK-2024-01643,2024-01-20,17:25,Punjab,Multan,Highway,31.5319,72.585,Fog,248,30.0,1.5,Dawn-Dusk,Flooding,Dirt,6,80,Straight,Uphill,None,Yes,4,Motorcycle;Motorcycle;Auto-rickshaw;Motorcycle,18.3,No,59,No,Not Applicable,No,No,80,Braking,Mechanical Failure,Fixed-object,Rear,1,164,Off-peak,23.5,37.6,1,3,3,Severe,Critical
PK-2024-01644,2024-02-12,14:25,Punjab,Faisalabad,Urban,30.0693,72.5921,Clear,74,25.6,0.4,Street-lit,Wet,Asphalt,2,30,Straight,Uphill,Physical,Yes,3,Car;Motorcycle;Motorcycle,3.6,No,24,Yes,Not Applicable,No,No,50,Swerving,Speeding,Head-on,Rear,1,1007,Peak,12.9,17.9,0,1,2,Moderate,Medium
PK-2024-01645,2024-06-01,06:27,KPK,Dera Ismail Khan,Rural,33.6032,71.1593,Cloudy,1500,34.0,18.8,Daylight,Potholed,Asphalt,2,40,Straight,Flat,Physical,No,1,Bus,17.5,No,36,Partial,Not Applicable,No,No,30,None,Signal Violation,Rollover,Front,1,1596,Off-peak,14.6,25.1,0,0,2,Minor,Low
PK-2024-01646,2024-05-07,21:07,KPK,Mardan,Urban,34.6822,70.5468,Cloudy,186,24.6,9.9,Daylight,Icy,Concrete,3,40,Hairpin,Uphill,None,Yes,2,Motorcycle;Car,13.7,No,38,Partial,Not Applicable,No,No,45,Swerving,Signal Violation,Multi-vehicle pileup,Side,1,443,Peak,20.4,31.5,0,1,2,Moderate,Medium
PK-2024-01647,2024-08-03,08:23,Sindh,Karachi,Residential,24.865,67.1895,Clear,1119,32.7,14.3,Tunnel,Dry,Asphalt,2,40,Sharp,Downhill,Painted,Yes,2,Car;Bus,4.6,No,22,Yes,Yes,Yes,No,40,Braking,Wrong Side,Head-on,Front,2,1564,Peak,22.3,29.7,0,0,0,Minor,Low
PK-2024-01648,2024-02-26,10:15,Sindh,Hyderabad,Highway,26.9042,69.4568,Cloudy,397,36.1,32.9,Street-lit,Icy,Asphalt,1,110,Straight,Uphill,Physical,Yes,3,Motorcycle;Truck;Motorcycle,18.6,Yes,60,Partial,Yes,No,No,115,Braking,Human Error,Side-swipe,Side,1,1198,Peak,3.1,9.0,0,2,1,Moderate,Medium
PK-2024-01649,2024-10-10,17:00,Islamabad,Islamabad,Urban,34.1908,74.1763,Dust Storm,20,39.2,0.2,Unlit,Dry,Asphalt,2,50,Sharp,Flat,Painted,Yes,2,Motorcycle;Car,5.8,No,17,Yes,Yes,No,No,65,None,Human Error,Rear-end,Front,1,167,Peak,52.2,71.4,3,3,2,Severe,Critical
PK-2024-01650,2024-10-07,05:06,Balochistan,Gwadar,Rural,27.6183,66.4437,Cloudy,228,37.7,13.4,Street-lit,Wet,Asphalt,2,110,Straight,Flat,None,No,3,Bus;Bus;Car,18.9,No,31,Yes,Not Applicable,No,No,120,Braking,Weather,Fixed-object,Front,2,1473,Off-peak,5.0,10.5,0,0,1,Minor,Low
PK-2024-01651,2024-09-16,15:14,Balochistan,Gwadar,Rural,29.8879,65.825,Clear,53,28.9,10.7,Daylight,Dry,Gravel,2,50,Hairpin,Downhill,None,Yes,1,Motorcycle,13.5,No,28,Yes,Partial,No,No,55,Braking,Wrong Side,Rear-end,Front,1,1286,Off-peak,2.0,6.7,0,0,1,None,Low
PK-2024-01652,2024-12-10,06:06,Punjab,Gujranwala,Rural,32.0905,72.7104,Haze,724,27.9,17.5,Tunnel,Potholed,Asphalt,1,40,Gentle,Flat,Physical,Yes,3,Truck;Bicycle;Bicycle,16.6,Yes,40,Yes,No,No,No,40,None,Mechanical Failure,Rear-end,Roof,1,240,Off-peak,1.3,6.2,0,0,0,Minor,Low
PK-2024-01653,2024-01-25,19:51,Punjab,Lahore,Residential,29.6227,73.6378,Clear,438,42.2,8.3,Unlit,Dry,Concrete,2,80,Straight,Flat,None,Yes,3,Car;Truck;Bicycle,14.5,No,36,Yes,Yes,No,No,80,Braking,Wrong Side,Pedestrian,Front,2,360,Off-peak,21.0,31.2,0,0,2,None,Low
PK-2024-01654,2024-05-09,18:40,Punjab,Multan,Urban,30.0598,72.5992,Clear,762,36.4,4.4,Unlit,Muddy,Asphalt,4,80,Sharp,Flat,Physical,Yes,2,Car;Motorcycle,17.8,No,16,Yes,No,No,Unknown,110,Swerving,Human Error,Rear-end,Front,1,1155,Peak,9.7,10.8,1,3,1,Total,Critical
PK-2024-01655,2024-03-03,16:59,Sindh,Nawabshah,Residential,24.1633,66.8225,Cloudy,520,24.6,9.9,Unlit,Potholed,Concrete,4,110,Sharp,Flat,Painted,Yes,2,Motorcycle;Bus,4.4,No,20,Yes,Not Applicable,No,No,125,Braking,Human Error,Head-on,Side,1,1539,Peak,15.9,24.1,1,2,4,Severe,High
PK-2024-01656,2024-09-19,03:05,Sindh,Sukkur,Highway,25.5545,68.0957,Cloudy,133,35.7,27.3,Daylight,Dry,Asphalt,4,50,Gentle,Flat,None,Yes,2,Bicycle;Car,4.7,No,16,Partial,No,No,No,60,Braking,Animal Crossing,Rollover,Side,2,473,Peak,47.9,65.5,0,2,2,Severe,High
PK-2024-01657,2024-04-18,06:51,KPK,Peshawar,Rural,33.8828,72.6633,Cloudy,370,24.4,23.5,Dawn-Dusk,Dry,Gravel,2,100,Straight,Uphill,Painted,Yes,2,Motorcycle;Car,14.4,Yes,34,No,No,No,No,100,None,Speeding,Rollover,Side,2,1686,Off-peak,0.8,11.8,1,4,3,Severe,Critical
PK-2024-01658,2024-08-12,18:04,Punjab,Sargodha,Urban,32.4377,73.2095,Dust Storm,231,30.1,2.3,Street-lit,Potholed,Gravel,4,50,Gentle,Flat,Painted,No,2,Motorcycle;Motorcycle,3.1,No,40,No,Not Applicable,No,No,45,Swerving,Drunk Driving,Multi-vehicle pileup,Front,3,682,Off-peak,9.3,18.6,3,2,2,Total,Critical
PK-2024-01659,2024-12-28,16:43,Balochistan,Khuzdar,Highway,29.1153,65.7362,Clear,1500,23.3,3.3,Daylight,Dry,Concrete,4,60,Sharp,Downhill,Painted,No,3,Motorcycle;Motorcycle;Motorcycle,19.2,No,31,Yes,Yes,Yes,No,100,Braking,Drunk Driving,Rear-end,Front,1,243,Off-peak,8.8,16.1,0,1,2,Moderate,Medium
PK-2024-01660,2024-12-02,18:37,Punjab,Multan,Rural,30.7955,74.835,Cloudy,906,33.5,15.6,Street-lit,Dry,Dirt,2,110,Gentle,Uphill,Painted,No,2,Motorcycle;Auto-rickshaw,3.6,No,17,No,Not Applicable,No,No,110,None,Mobile Phone,Rear-end,Side,1,1960,Off-peak,12.8,19.4,0,1,2,Minor,Medium
PK-2024-01661,2024-03-14,07:27,KPK,Mardan,Highway,33.8836,71.3206,Clear,445,36.0,4.8,Daylight,Dry,Dirt,4,80,Gentle,Flat,Painted,Yes,2,Truck;Motorcycle,9.3,Yes,16,Yes,Yes,No,No,70,Braking,Speeding,Head-on,Front,3,96,Off-peak,1.3,5.3,0,1,2,Severe,High
PK-2024-01662,2024-11-07,04:40,Punjab,Gujranwala,Urban,31.2939,74.1733,Rain,20,44.7,11.4,Dawn-Dusk,Dry,Asphalt,4,80,Straight,Downhill,None,No,2,Car;Motorcycle,12.1,No,38,No,Yes,No,No,110,None,Speeding,Side-swipe,Front,1,918,Peak,4.7,14.4,1,2,3,Severe,High
PK-2024-01663,2024-06-17,10:41,Punjab,Sargodha,Residential,29.6477,72.0537,Cloudy,20,34.1,27.5,Tunnel,Wet,Concrete,1,60,Gentle,Downhill,None,No,2,Car;Motorcycle,16.7,No,23,No,No,No,No,70,Braking,Speeding,Head-on,Side,1,917,Peak,13.4,17.8,3,3,2,Total,Critical
PK-2024-01664,2024-07-06,13:40,Sindh,Karachi,Rural,26.1169,68.8674,Dust Storm,302,29.4,11.0,Dawn-Dusk,Muddy,Dirt,2,60,Sharp,Flat,None,No,3,Motorcycle;Truck;Car,8.9,No,43,Partial,Not Applicable,No,No,60,Swerving,Speeding,Head-on,Rear,1,1737,Off-peak,22.3,32.5,3,3,2,Total,Critical
PK-2024-01665,2024-09-28,05:45,Balochistan,Quetta,Highway,30.1422,65.378,Rain,205,41.5,15.9,Street-lit,Icy,Asphalt,2,40,Sharp,Flat,Painted,Yes,2,Motorcycle;Motorcycle,10.8,No,47,Yes,No,No,No,80,None,Animal Crossing,Fixed-object,Front,1,1405,Off-peak,10.2,17.0,3,3,3,Total,Critical
PK-2024-01666,2024-11-24,12:02,Sindh,Larkana,Rural,25.1258,68.6435,Fog,310,24.1,7.2,Unlit,Wet,Gravel,2,100,Sharp,Flat,Painted,No,4,Motorcycle;Truck;Motorcycle;Motorcycle,4.3,No,31,No,Yes,No,No,100,Swerving,Mobile Phone,Multi-vehicle pileup,Front,1,1378,Off-peak,1.6,8.2,1,3,3,Total,Critical
PK-2024-01667,2024-08-02,03:04,Balochistan,Turbat,Residential,30.0624,66.8311,Heavy Rain,20,14.7,32.4,Daylight,Potholed,Gravel,2,120,Straight,Flat,Painted,No,3,Motorcycle;Motorcycle;Car,8.0,No,38,No,Not Applicable,No,No,120,Swerving,Signal Violation,Side-swipe,Side,1,476,Off-peak,4.1,12.0,3,3,3,Total,Critical
PK-2024-01668,2024-09-01,11:34,Sindh,Larkana,Highway,25.3394,68.3097,Cloudy,119,33.2,22.9,Unlit,Wet,Gravel,4,50,Sharp,Downhill,Painted,Yes,5,Bus;Motorcycle;Car;Auto-rickshaw;Motorcycle,3.5,Yes,57,Yes,Yes,No,No,55,Braking,Weather,Rollover,Front,2,1419,Off-peak,7.9,14.5,0,1,2,Severe,High
PK-2024-01669,2024-04-06,14:45,Punjab,Bahawalpur,Rural,29.9724,72.6661,Clear,157,48.3,2.5,Daylight,Dry,Gravel,2,40,Sharp,Flat,Physical,No,2,Motorcycle;Auto-rickshaw,13.3,No,37,No,Yes,No,No,45,Braking,Wrong Side,Rear-end,Rear,1,1319,Off-peak,11.7,19.4,0,0,0,None,Low
PK-2024-01670,2024-10-27,19:03,Sindh,Larkana,Urban,26.3341,67.8528,Heavy Rain,44,21.6,1.8,Street-lit,Dry,Asphalt,4,30,Hairpin,Flat,Painted,Yes,2,Motorcycle;Motorcycle,9.3,No,44,Yes,Not Applicable,No,No,30,None,Signal Violation,Rear-end,Roof,1,1943,Peak,2.2,6.8,0,0,3,Moderate,Medium
PK-2024-01671,2024-02-01,01:13,KPK,Abbottabad,Highway,33.4414,71.5181,Haze,776,20.5,47.0,Daylight,Flooding,Asphalt,2,60,Gentle,Uphill,Physical,Yes,2,Motorcycle;Motorcycle,16.9,No,24,Yes,Yes,No,No,60,Braking,Human Error,Head-on,Rear,2,1083,Peak,7.0,15.0,0,2,4,Severe,High
PK-2024-01672,2024-10-04,14:07,KPK,Peshawar,Urban,34.0214,70.5983,Cloudy,140,28.5,3.2,Daylight,Muddy,Gravel,6,50,Straight,Flat,Physical,No,4,Motorcycle;Car;Motorcycle;Bicycle,5.5,No,39,Partial,No,No,No,45,None,Speeding,Side-swipe,Front,1,201,Peak,0.5,8.2,0,0,0,None,Low
PK-2024-01673,2024-08-09,07:46,Sindh,Nawabshah,Highway,25.7956,67.589,Rain,1271,31.8,10.1,Tunnel,Icy,Asphalt,2,110,Sharp,Flat,Physical,Yes,4,Car;Bus;Auto-rickshaw;Truck,14.6,No,50,Yes,Yes,No,Unknown,110,Braking,Weather,Rear-end,Roof,1,1148,Off-peak,9.2,16.7,0,2,2,Minor,Medium
PK-2024-01674,2024-11-07,21:10,Sindh,Sukkur,Highway,25.2806,68.0313,Cloudy,471,33.9,5.1,Street-lit,Wet,Asphalt,2,110,Straight,Flat,Painted,Yes,3,Auto-rickshaw;Car;Car,16.6,No,38,Yes,Yes,Yes,No,140,None,Speeding,Rear-end,Side,1,1131,Peak,11.0,19.9,0,1,1,Moderate,Medium
PK-2024-01675,2024-09-01,18:31,KPK,Swat,Residential,33.7234,71.7457,Heavy Rain,185,30.6,8.6,Street-lit,Potholed,Asphalt,4,30,Straight,Flat,Painted,No,2,Car;Bicycle,14.7,No,34,No,Not Applicable,Yes,Unknown,35,None,Signal Violation,Head-on,Front,1,310,Peak,26.0,35.4,0,2,4,Severe,High
PK-2024-01676,2024-03-16,18:39,Punjab,Sialkot,Rural,32.3339,73.4011,Rain,118,34.4,13.2,Daylight,Muddy,Concrete,2,60,Straight,Uphill,None,Yes,2,Auto-rickshaw;Car,9.1,No,45,Yes,Partial,No,No,65,None,Weather,Side-swipe,Side,1,565,Off-peak,6.5,9.6,0,0,1,Minor,Low
PK-2024-01677,2024-02-03,18:43,Punjab,Rawalpindi,Rural,30.1575,74.2525,Heavy Rain,20,29.9,2.4,Unlit,Muddy,Gravel,2,50,Straight,Uphill,Painted,No,2,Car;Bus,4.4,No,52,No,Yes,No,No,65,Swerving,Mobile Phone,Fixed-object,Rear,2,321,Peak,10.9,20.2,3,4,2,Severe,Critical
PK-2024-01678,2024-03-17,02:59,Sindh,Hyderabad,Rural,25.9122,68.1753,Fog,791,30.4,7.0,Street-lit,Wet,Asphalt,2,120,Straight,Flat,None,No,5,Motorcycle;Motorcycle;Motorcycle;Car;Motorcycle,16.0,No,24,Yes,No,No,Unknown,120,None,Human Error,Fixed-object,Side,1,513,Off-peak,2.5,12.8,0,2,3,Moderate,High
PK-2024-01679,2024-12-22,09:27,Punjab,Faisalabad,Rural,29.6646,72.4883,Clear,88,31.8,14.7,Daylight,Dry,Concrete,4,60,Straight,Flat,None,No,2,Motorcycle;Car,5.3,No,21,No,Yes,No,No,70,None,Speeding,Rear-end,Front,1,965,Off-peak,12.0,19.2,0,0,2,Moderate,Medium
PK-2024-01680,2024-09-27,07:24,KPK,Peshawar,Highway,32.7113,72.0283,Cloudy,536,28.9,6.6,Daylight,Wet,Asphalt,4,120,Gentle,Uphill,None,No,3,Car;Car;Auto-rickshaw,16.7,No,33,No,No,No,Unknown,115,Swerving,Overloading,Side-swipe,Front,2,450,Off-peak,0.9,6.4,0,0,2,Moderate,Medium
PK-2024-01681,2024-04-18,14:18,KPK,Abbottabad,Rural,32.4951,71.5817,Cloudy,314,18.0,23.4,Tunnel,Flooding,Concrete,2,120,Sharp,Uphill,Painted,No,2,Motorcycle;Motorcycle,13.9,No,28,No,No,No,No,120,Braking,Human Error,Rear-end,Roof,1,1151,Peak,12.3,21.0,1,3,1,Total,Critical
PK-2024-01682,2024-11-02,06:01,Punjab,Rawalpindi,Highway,31.8116,74.9989,Heavy Rain,27,24.2,12.7,Daylight,Dry,Asphalt,3,60,Hairpin,Downhill,None,Yes,3,Motorcycle;Motorcycle;Motorcycle,11.1,No,44,No,Yes,Yes,No,65,None,Wrong Side,Head-on,Rear,2,1811,Off-peak,0.5,8.2,3,3,3,Total,Critical
PK-2024-01683,2024-09-20,00:29,Sindh,Larkana,Rural,26.4739,67.8191,Clear,313,24.9,27.8,Street-lit,Dry,Asphalt,2,80,Sharp,Flat,None,Yes,4,Motorcycle;Bus;Auto-rickshaw;Motorcycle,2.9,No,46,Yes,No,No,No,90,Swerving,Overloading,Side-swipe,Front,1,1100,Off-peak,11.3,19.1,0,1,1,Minor,Medium
PK-2024-01684,2024-11-23,03:03,Punjab,Sargodha,Urban,31.9043,73.0983,Clear,170,33.1,0.6,Daylight,Potholed,Asphalt,1,50,Sharp,Flat,Painted,No,3,Car;Motorcycle;Car,5.9,No,46,Yes,No,No,No,50,Swerving,Mechanical Failure,Head-on,Roof,2,705,Off-peak,11.0,18.6,0,1,2,Minor,Medium
PK-2024-01685,2024-09-27,14:06,Punjab,Faisalabad,Highway,32.3183,74.0266,Heavy Rain,523,37.9,11.2,Daylight,Muddy,Asphalt,2,40,Straight,Flat,None,Yes,3,Motorcycle;Car;Motorcycle,8.9,No,41,Yes,Not Applicable,No,No,30,None,Mechanical Failure,Head-on,Side,1,1734,Off-peak,1.9,4.4,0,2,2,Moderate,Medium
PK-2024-01686,2024-12-28,09:27,Punjab,Multan,Urban,30.7652,74.7349,Rain,241,23.3,7.1,Tunnel,Wet,Concrete,4,40,Straight,Flat,None,No,2,Car;Motorcycle,11.4,No,34,Yes,No,Yes,No,80,Swerving,Human Error,Side-swipe,Front,2,1481,Peak,0.8,6.2,0,0,3,Minor,Medium
PK-2024-01687,2024-04-15,12:17,Punjab,Multan,Urban,31.7487,73.1047,Haze,111,22.5,2.9,Daylight,Dry,Concrete,2,50,Gentle,Flat,Physical,Yes,3,Car;Truck;Motorcycle,11.8,Yes,40,Yes,No,No,No,45,Swerving,Speeding,Head-on,Side,2,1246,Peak,9.9,18.4,0,0,3,Minor,Medium
PK-2024-01688,2024-07-25,09:03,Punjab,Rawalpindi,Rural,31.1327,72.3985,Heavy Rain,870,34.3,4.9,Daylight,Icy,Concrete,4,40,Straight,Flat,Painted,Yes,2,Car;Bus,18.9,Yes,36,No,Yes,No,Yes,80,None,Speeding,Side-swipe,Rear,2,1092,Off-peak,19.3,31.0,3,3,3,Severe,Critical
PK-2024-01689,2024-11-09,15:47,Punjab,Sargodha,Highway,29.678,72.1629,Clear,319,20.4,4.6,Dawn-Dusk,Icy,Asphalt,3,50,Sharp,Uphill,Painted,Yes,2,Motorcycle;Car,5.0,No,47,No,No,No,No,55,Braking,Mechanical Failure,Multi-vehicle pileup,Front,2,56,Off-peak,0.8,3.7,0,3,2,Moderate,High
PK-2024-01690,2024-01-13,08:24,Punjab,Bahawalpur,Highway,29.7058,73.5698,Clear,412,32.2,8.1,Unlit,Potholed,Asphalt,2,40,Straight,Downhill,Physical,No,4,Car;Truck;Car;Bicycle,2.5,No,54,No,Yes,No,No,40,Braking,Mobile Phone,Fixed-object,Front,2,907,Off-peak,21.5,28.4,0,0,0,Minor,Low
PK-2024-01691,2024-02-01,10:03,Sindh,Sukkur,Highway,24.3929,68.803,Heavy Rain,1018,35.7,9.5,Tunnel,Dry,Asphalt,2,50,Gentle,Flat,Physical,Yes,3,Car;Auto-rickshaw;Bus,11.5,No,40,No,Not Applicable,No,No,65,Braking,Speeding,Rear-end,Front,2,1286,Off-peak,1.9,3.0,0,0,1,None,Low