incident_id,date,time,province,district,road_type,latitude,longitude,weather,visibility_meters,temperature_c,wind_speed_kmh,lighting,road_condition,surface_material,number_of_lanes,speed_limit_kmh,road_curvature,road_gradient,median_type,shoulder_available,num_vehicles,vehicle_types,vehicle_avg_age_years,overloading_detected,driver_age,helmet_usage,seatbelt_usage,mobile_phone_suspected,alcohol_drug_suspected,speed_at_impact_kmh,evasive_action,accident_cause,collision_type,impact_point,num_collisions,traffic_volume_per_hour,peak_off_peak,distance_to_hospital_km,expected_response_min,fatalities,serious_injuries,minor_injuries,property_damage_level,severity
PK-2024-01692,2024-12-07,22:01,Punjab,Multan,Highway,31.0599,74.079,Fog,848,22.8,3.3,Street-lit,Wet,Concrete,2,60,Hairpin,Flat,Painted,Yes,2,Motorcycle;Motorcycle,2.5,Yes,43,No,No,Yes,Yes,60,Braking,Speeding,Head-on,Front,2,312,Peak,14.5,24.8,3,4,1,Total,Critical
PK-2024-01693,2024-09-23,03:03,Islamabad,Islamabad,Residential,33.314,71.5085,Clear,439,33.0,8.3,Street-lit,Wet,Asphalt,6,30,Straight,Downhill,Physical,No,1,Motorcycle,3.7,Yes,37,No,Partial,Yes,No,45,Swerving,Weather,Side-swipe,Rear,1,412,Peak,2.8,14.0,0,0,0,None,Low
PK-2024-01694,2024-10-26,15:36,Sindh,Nawabshah,Highway,24.8805,66.6068,Cloudy,120,28.9,4.0,Daylight,Dry,Asphalt,1,50,Gentle,Flat,Painted,Yes,1,Auto-rickshaw,10.3,No,16,Yes,Yes,No,Yes,60,None,Speeding,Pedestrian,Roof,1,970,Peak,12.3,20.8,0,0,1,None,Low
PK-2024-01695,2024-09-15,19:54,KPK,Dera Ismail Khan,Urban,34.0047,71.3446,Clear,67,39.7,14.1,Street-lit,Dry,Asphalt,4,60,Straight,Flat,None,Yes,3,Car;Motorcycle;Motorcycle,7.4,No,44,Yes,Yes,No,No,60,Braking,Speeding,Head-on,Side,1,1515,Off-peak,14.4,27.6,0,0,1,None,Low
PK-2024-01696,2024-05-20,03:06,Punjab,Bahawalpur,Urban,31.947,73.3376,Cloudy,934,30.5,27.2,Tunnel,Potholed,Dirt,2,40,Straight,Uphill,Painted,Yes,2,Motorcycle;Motorcycle,16.9,No,49,No,No,No,No,55,Braking,Speeding,Rollover,Side,3,593,Off-peak,55.2,70.4,1,2,1,Severe,Critical
PK-2024-01697,2024-07-06,22:25,Punjab,Rawalpindi,Urban,30.2082,74.5287,Fog,558,22.4,10.9,Unlit,Potholed,Dirt,2,100,Straight,Downhill,None,No,2,Motorcycle;Motorcycle,4.7,No,25,No,No,No,No,140,None,Animal Crossing,Head-on,Side,1,172,Peak,16.3,21.2,2,4,2,Total,Critical
PK-2024-01698,2024-03-01,19:01,Punjab,Sialkot,Rural,32.1586,72.8437,Cloudy,62,28.2,9.0,Street-lit,Dry,Gravel,2,30,Straight,Uphill,Painted,Yes,2,Motorcycle;Motorcycle,3.9,No,64,Yes,Partial,No,Yes,35,None,Mobile Phone,Side-swipe,Side,1,788,Off-peak,25.6,35.5,0,0,2,None,Low
PK-2024-01699,2024-09-18,17:33,Islamabad,Islamabad,Rural,34.9241,73.5839,Clear,753,47.0,2.2,Daylight,Potholed,Dirt,2,40,Sharp,Flat,Physical,Yes,3,Car;Auto-rickshaw;Motorcycle,18.4,No,27,No,No,No,No,50,Braking,Speeding,Fixed-object,Front,2,1764,Peak,2.3,8.2,0,2,1,Moderate,Medium
PK-2024-01700,2024-05-28,08:33,Punjab,Rawalpindi,Rural,30.746,72.0301,Fog,146,40.2,12.2,Unlit,Muddy,Asphalt,4,50,Straight,Flat,Painted,No,2,Car;Motorcycle,14.1,No,43,No,Yes,No,No,70,Braking,Weather,Head-on,Roof,1,1538,Peak,9.6,14.8,1,3,2,Total,Critical
PK-2024-01701,2024-05-23,11:44,Punjab,Faisalabad,Rural,30.0978,72.0259,Clear,960,32.0,3.6,Daylight,Dry,Asphalt,1,50,Straight,Flat,Painted,No,2,Motorcycle;Auto-rickshaw,19.9,Yes,32,Yes,Not Applicable,No,Unknown,55,Braking,Animal Crossing,Fixed-object,Front,1,1870,Off-peak,6.3,15.8,0,0,0,Minor,Low
PK-2024-01702,2024-08-15,02:28,Sindh,Karachi,Residential,26.4911,67.9025,Cloudy,452,30.4,12.4,Dawn-Dusk,Potholed,Asphalt,2,40,Sharp,Uphill,Painted,No,1,Motorcycle,17.4,No,42,No,Yes,No,No,45,None,Animal Crossing,Fixed-object,Side,1,730,Peak,1.2,4.5,0,0,2,Minor,Low
PK-2024-01703,2024-11-02,22:21,Punjab,Sargodha,Rural,31.9227,74.9705,Heavy Rain,1050,34.8,4.8,Daylight,Muddy,Asphalt,2,40,Straight,Downhill,Physical,Yes,2,Car;Auto-rickshaw,10.5,No,30,Yes,Yes,No,No,40,Braking,Mechanical Failure,Rollover,Roof,2,1494,Off-peak,33.3,41.4,0,0,1,Moderate,Medium
PK-2024-01704,2024-01-01,19:40,Punjab,Faisalabad,Rural,31.6805,72.9014,Cloudy,196,20.0,7.6,Dawn-Dusk,Potholed,Gravel,2,40,Straight,Flat,Painted,No,3,Car;Motorcycle;Motorcycle,16.7,No,48,No,Not Applicable,No,No,55,None,Speeding,Head-on,Front,2,1413,Peak,19.5,33.8,0,2,4,Severe,High
PK-2024-01705,2024-08-19,06:41,Punjab,Sialkot,Highway,32.4606,73.9135,Dust Storm,259,21.8,18.3,Unlit,Potholed,Asphalt,1,30,Straight,Uphill,Physical,No,3,Auto-rickshaw;Truck;Truck,16.3,No,24,No,Not Applicable,No,No,35,Swerving,Weather,Head-on,Side,2,82,Peak,8.5,15.6,2,3,1,Total,Critical
PK-2024-01706,2024-12-21,08:49,Balochistan,Gwadar,Urban,27.5748,66.1772,Clear,256,30.3,2.4,Street-lit,Potholed,Gravel,1,50,Gentle,Flat,Painted,No,2,Car;Truck,11.8,No,30,Yes,Partial,No,No,60,Swerving,Mobile Phone,Side-swipe,Side,1,1729,Peak,21.6,35.3,0,0,2,Minor,Low
PK-2024-01707,2024-12-03,05:15,Punjab,Bahawalpur,Highway,30.6056,74.0406,Heavy Rain,545,40.1,5.5,Daylight,Wet,Concrete,2,50,Straight,Flat,Painted,No,3,Bus;Motorcycle;Truck,13.2,Yes,25,Yes,Yes,Yes,No,55,None,Weather,Side-swipe,Front,2,696,Peak,5.4,11.8,0,0,2,Minor,Low
PK-2024-01708,2024-11-23,03:46,Sindh,Sukkur,Residential,24.5725,69.0179,Dust Storm,1071,28.9,49.0,Daylight,Muddy,Asphalt,2,80,Straight,Flat,None,Yes,2,Motorcycle;Motorcycle,5.5,No,38,Yes,No,No,No,75,Braking,Mechanical Failure,Multi-vehicle pileup,Side,1,1755,Peak,2.3,12.2,2,2,3,Total,Critical
PK-2024-01709,2024-06-04,10:08,Punjab,Lahore,Urban,31.463,74.5342,Cloudy,69,24.5,3.0,Daylight,Potholed,Asphalt,4,120,Gentle,Uphill,Painted,Yes,3,Truck;Motorcycle;Car,3.5,Yes,22,Yes,No,No,No,115,Braking,Weather,Side-swipe,Side,2,1827,Off-peak,39.0,57.8,1,3,3,Severe,High
PK-2024-01710,2024-09-09,15:20,Punjab,Bahawalpur,Urban,30.0333,72.5308,Rain,20,29.9,4.2,Dawn-Dusk,Dry,Gravel,3,40,Straight,Uphill,Painted,Yes,2,Motorcycle;Motorcycle,4.0,No,21,Yes,Yes,No,Yes,45,None,Signal Violation,Head-on,Rear,2,1924,Off-peak,3.4,12.8,0,0,1,Moderate,Medium
PK-2024-01711,2024-01-05,00:51,Islamabad,Islamabad,Highway,34.0297,73.2079,Rain,246,7.8,5.7,Daylight,Wet,Asphalt,2,60,Sharp,Flat,Physical,No,2,Bus;Motorcycle,19.2,No,28,Yes,Partial,No,No,80,None,Weather,Head-on,Side,1,432,Peak,2.9,7.4,1,1,2,Severe,High
PK-2024-01712,2024-07-20,06:06,Punjab,Lahore,Residential,31.4744,73.5325,Clear,1414,28.0,13.1,Unlit,Dry,Asphalt,2,80,Gentle,Downhill,Painted,Yes,1,Truck,19.2,No,16,Yes,Yes,No,No,80,Swerving,Mechanical Failure,Head-on,Rear,2,1980,Off-peak,15.8,25.5,0,1,3,Moderate,Medium
PK-2024-01713,2024-02-13,14:05,Punjab,Gujranwala,Urban,30.6899,72.8429,Clear,1291,21.5,26.1,Daylight,Flooding,Asphalt,2,40,Hairpin,Flat,Painted,Yes,4,Auto-rickshaw;Truck;Motorcycle;Motorcycle,7.3,No,21,No,No,No,No,45,Braking,Drunk Driving,Side-swipe,Front,3,1761,Off-peak,4.1,5.3,0,0,1,Moderate,Medium
PK-2024-01714,2024-12-04,20:51,Sindh,Hyderabad,Urban,25.2355,68.7776,Fog,274,26.8,24.3,Daylight,Dry,Asphalt,2,110,Gentle,Uphill,Painted,No,3,Truck;Car;Bicycle,5.0,No,37,Yes,Not Applicable,No,No,140,Braking,Mechanical Failure,Rollover,Rear,2,793,Peak,3.1,9.1,0,3,4,Severe,High
PK-2024-01715,2024-06-10,05:15,Sindh,Larkana,Rural,25.2971,67.7168,Clear,275,31.0,1.6,Daylight,Dry,Concrete,2,50,Straight,Flat,Painted,No,2,Truck;Car,15.6,No,30,Yes,Yes,No,No,60,Braking,Wrong Side,Rollover,Side,1,880,Peak,16.2,25.4,0,0,1,Minor,Low
PK-2024-01716,2024-10-18,15:05,KPK,Dera Ismail Khan,Urban,32.6165,70.289,Rain,990,39.1,6.3,Daylight,Construction,Asphalt,2,100,Gentle,Uphill,Painted,Yes,2,Motorcycle;Truck,14.7,No,17,No,Yes,No,No,140,None,Human Error,Side-swipe,Roof,2,308,Peak,5.4,11.8,1,3,1,Total,Critical
PK-2024-01717,2024-07-10,01:30,Sindh,Karachi,Urban,26.4578,67.5037,Cloudy,938,31.1,11.0,Unlit,Muddy,Concrete,2,40,Gentle,Flat,Physical,No,2,Truck;Motorcycle,4.4,No,41,Yes,No,No,No,55,Braking,Mechanical Failure,Rear-end,Front,2,1341,Peak,3.0,6.7,0,0,2,Minor,Low
PK-2024-01718,2024-01-04,06:37,Sindh,Karachi,Rural,24.5889,68.4104,Cloudy,386,44.8,5.0,Dawn-Dusk,Wet,Dirt,2,60,Straight,Flat,Painted,Yes,2,Car;Truck,18.2,No,33,No,No,No,No,60,Braking,Human Error,Side-swipe,Front,3,1027,Off-peak,59.5,76.7,0,0,2,None,Low
PK-2024-01719,2024-11-07,01:34,Punjab,Bahawalpur,Highway,31.4525,74.9808,Cloudy,289,36.3,37.8,Dawn-Dusk,Flooding,Dirt,4,110,Hairpin,Flat,Painted,Yes,2,Car;Car,18.3,No,63,No,Not Applicable,No,No,140,Swerving,Speeding,Side-swipe,Side,1,775,Off-peak,15.8,30.0,3,3,2,Total,Critical
PK-2024-01720,2024-11-07,08:37,KPK,Peshawar,Urban,34.7048,72.3535,Cloudy,180,32.8,11.1,Street-lit,Muddy,Dirt,2,50,Gentle,Flat,None,Yes,2,Car;Auto-rickshaw,15.0,No,30,No,No,No,No,70,None,Animal Crossing,Multi-vehicle pileup,Roof,2,1521,Off-peak,5.0,10.3,1,3,2,Total,Critical
PK-2024-01721,2024-03-07,18:48,Punjab,Faisalabad,Rural,29.9702,72.1636,Fog,491,30.9,5.2,Daylight,Construction,Concrete,1,60,Straight,Downhill,Painted,Yes,3,Bicycle;Car;Car,17.2,No,38,No,Not Applicable,No,No,60,Swerving,Animal Crossing,Rear-end,Side,1,780,Peak,2.8,10.9,0,0,0,None,Low
PK-2024-01722,2024-12-05,04:10,Punjab,Bahawalpur,Urban,30.4364,74.9435,Clear,196,34.1,7.5,Dawn-Dusk,Flooding,Dirt,2,80,Sharp,Uphill,Painted,No,1,Motorcycle,12.5,No,38,Yes,Yes,No,No,80,Swerving,Mechanical Failure,Fixed-object,Rear,1,651,Peak,1.4,6.3,0,1,2,Moderate,High
PK-2024-01723,2024-06-04,06:06,Sindh,Nawabshah,Urban,25.1656,69.3278,Cloudy,223,28.2,1.3,Daylight,Dry,Dirt,4,50,Straight,Flat,Painted,No,3,Motorcycle;Car;Motorcycle,7.1,No,55,No,No,No,No,65,Swerving,Human Error,Rear-end,Side,1,195,Peak,3.1,12.7,0,0,1,Minor,Low
PK-2024-01724,2024-05-20,04:32,Sindh,Larkana,Urban,25.891,68.5063,Rain,68,50.0,10.7,Dawn-Dusk,Potholed,Dirt,2,80,Gentle,Downhill,Painted,Yes,1,Truck,11.4,No,33,Yes,No,No,No,75,Swerving,Wrong Side,Rear-end,Roof,1,1445,Peak,18.4,29.1,0,1,2,Moderate,High
PK-2024-01725,2024-11-11,17:11,Sindh,Nawabshah,Highway,26.1869,67.5356,Cloudy,1053,17.3,34.1,Unlit,Potholed,Asphalt,6,50,Straight,Downhill,Painted,Yes,1,Motorcycle,19.4,No,50,Partial,Yes,No,No,60,Swerving,Signal Violation,Head-on,Front,1,1327,Peak,36.9,45.2,0,1,3,Severe,High
PK-2024-01726,2024-08-10,10:29,KPK,Dera Ismail Khan,Residential,32.8082,71.1158,Clear,55,43.6,30.7,Street-lit,Wet,Gravel,2,120,Sharp,Flat,Physical,Yes,3,Motorcycle;Bicycle;Bus,10.0,No,43,Partial,Yes,No,No,135,Braking,Weather,Side-swipe,Side,1,1952,Off-peak,3.8,10.5,0,1,3,Moderate,Medium
PK-2024-01727,2024-05-12,08:23,Sindh,Nawabshah,Highway,24.233,66.6027,Cloudy,1500,43.7,11.5,Unlit,Construction,Gravel,4,110,Straight,Uphill,Physical,No,3,Motorcycle;Motorcycle;Car,9.2,No,61,Yes,Partial,No,No,125,Swerving,Animal Crossing,Pedestrian,Rear,3,190,Peak,4.8,11.1,0,3,3,Moderate,High
PK-2024-01728,2024-08-20,00:23,Sindh,Sukkur,Rural,25.4897,69.0701,Fog,697,16.8,23.3,Street-lit,Dry,Concrete,2,30,Gentle,Uphill,Painted,No,3,Truck;Car;Motorcycle,11.9,No,35,No,No,No,No,35,None,Wrong Side,Rear-end,Front,1,1978,Off-peak,22.5,34.8,0,1,2,Moderate,Medium
PK-2024-01729,2024-11-04,06:30,KPK,Swat,Residential,32.6186,71.5159,Clear,543,44.2,16.2,Street-lit,Dry,Asphalt,1,80,Gentle,Uphill,Physical,No,4,Auto-rickshaw;Car;Motorcycle;Motorcycle,14.8,Yes,26,No,Yes,No,No,100,Braking,Drunk Driving,Multi-vehicle pileup,Side,1,154,Off-peak,8.9,13.5,0,3,3,Severe,High
PK-2024-01730,2024-06-19,03:49,KPK,Mardan,Rural,32.8298,70.8539,Fog,548,42.7,39.7,Unlit,Wet,Gravel,6,60,Sharp,Flat,Painted,Yes,2,Motorcycle;Auto-rickshaw,11.9,No,42,Yes,Yes,No,No,75,Braking,Human Error,Fixed-object,Front,1,1426,Off-peak,1.7,6.2,0,1,3,Minor,Medium
PK-2024-01731,2024-08-22,08:26,KPK,Abbottabad,Residential,33.8475,72.3196,Clear,263,29.0,4.4,Dawn-Dusk,Potholed,Dirt,2,50,Gentle,Flat,Painted,No,3,Car;Motorcycle;Motorcycle,4.6,No,42,No,No,No,No,90,None,Weather,Multi-vehicle pileup,Side,1,414,Peak,2.6,6.3,1,3,3,Total,Critical
PK-2024-01732,2024-04-28,16:09,KPK,Mardan,Highway,34.1775,70.7034,Fog,205,21.7,10.4,Street-lit,Wet,Dirt,2,30,Sharp,Flat,Painted,Yes,4,Motorcycle;Bicycle;Bus;Bus,12.7,No,34,No,No,No,No,45,Braking,Mobile Phone,Side-swipe,Side,2,1938,Off-peak,3.2,13.3,0,2,3,Minor,Medium
PK-2024-01733,2024-05-28,17:13,Punjab,Bahawalpur,Urban,30.2309,74.2226,Haze,35,30.5,6.0,Daylight,Wet,Asphalt,2,60,Gentle,Flat,None,Yes,1,Car,5.7,No,38,No,No,No,No,70,Swerving,Signal Violation,Side-swipe,Side,1,1262,Off-peak,18.8,27.0,0,0,1,Minor,Low
PK-2024-01734,2024-02-13,09:12,Punjab,Rawalpindi,Rural,30.4219,73.1143,Cloudy,827,25.0,2.8,Daylight,Wet,Concrete,2,60,Gentle,Flat,Physical,Yes,3,Motorcycle;Car;Motorcycle,17.9,No,32,No,Not Applicable,No,No,65,Braking,Signal Violation,Rear-end,Front,2,1966,Peak,12.4,21.0,0,0,2,None,Low
PK-2024-01735,2024-06-07,02:28,Sindh,Nawabshah,Urban,25.3757,69.0154,Dust Storm,156,24.2,8.1,Street-lit,Wet,Concrete,1,110,Straight,Downhill,Physical,Yes,1,Bus,3.7,No,45,No,Yes,No,No,140,None,Drunk Driving,Rear-end,Front,1,465,Off-peak,3.9,12.1,3,2,3,Total,Critical
PK-2024-01736,2024-04-04,03:32,Sindh,Sukkur,Urban,24.0243,67.0616,Heavy Rain,317,33.3,6.9,Daylight,Potholed,Asphalt,4,50,Straight,Flat,Physical,Yes,3,Bus;Car;Auto-rickshaw,7.5,No,41,Yes,No,No,No,60,Swerving,Wrong Side,Rear-end,Rear,3,739,Off-peak,10.2,16.9,0,0,2,Moderate,Medium
PK-2024-01737,2024-03-03,01:04,Punjab,Lahore,Urban,32.3693,74.0164,Clear,49,38.3,8.6,Dawn-Dusk,Construction,Gravel,2,50,Straight,Downhill,Physical,Yes,1,Bus,12.1,No,26,Yes,No,Yes,Unknown,65,Braking,Human Error,Fixed-object,Roof,2,1365,Peak,40.0,49.5,0,0,0,Minor,Low
PK-2024-01738,2024-12-18,00:04,Sindh,Nawabshah,Highway,24.0645,68.4784,Rain,193,36.2,0.0,Street-lit,Potholed,Gravel,2,40,Gentle,Flat,Painted,Yes,3,Motorcycle;Bicycle;Motorcycle,14.6,No,36,No,No,Yes,Yes,55,Swerving,Mobile Phone,Rear-end,Front,2,1390,Peak,2.4,8.7,0,2,3,Severe,High
PK-2024-01739,2024-07-20,08:51,Punjab,Multan,Residential,31.379,72.9231,Clear,21,29.9,5.8,Daylight,Dry,Dirt,2,100,Straight,Flat,Physical,Yes,1,Truck,2.9,No,26,Yes,No,No,No,90,Braking,Wrong Side,Rear-end,Side,1,1389,Peak,0.7,5.1,0,0,0,None,Low
PK-2024-01740,2024-06-07,17:37,Punjab,Faisalabad,Residential,31.6944,74.3199,Heavy Rain,245,33.6,18.2,Street-lit,Potholed,Asphalt,4,80,Gentle,Downhill,None,Yes,2,Car;Car,16.0,No,47,No,Not Applicable,No,Yes,85,Braking,Human Error,Side-swipe,Roof,2,1155,Off-peak,1.0,7.4,0,2,3,Minor,Medium
PK-2024-01741,2024-04-23,23:14,KPK,Abbottabad,Rural,33.1609,72.1585,Rain,509,27.7,8.7,Daylight,Dry,Asphalt,6,110,Straight,Flat,Painted,Yes,2,Auto-rickshaw;Car,17.5,No,52,No,No,No,No,125,Swerving,Overloading,Fixed-object,Rear,1,1945,Off-peak,13.9,17.1,0,0,3,Moderate,Medium
PK-2024-01742,2024-05-18,07:17,KPK,Mardan,Residential,32.6685,72.6609,Fog,99,29.0,13.6,Daylight,Potholed,Concrete,3,80,Sharp,Flat,None,Yes,2,Truck;Motorcycle,19.5,Yes,16,Yes,No,No,No,95,None,Wrong Side,Fixed-object,Side,2,1425,Off-peak,6.9,16.8,2,3,2,Total,Critical
PK-2024-01743,2024-01-11,16:12,Sindh,Hyderabad,Rural,25.737,69.0258,Fog,1500,25.6,41.5,Unlit,Wet,Concrete,2,50,Straight,Uphill,Physical,Yes,2,Bicycle;Motorcycle,17.1,No,16,Yes,No,No,No,55,Braking,Human Error,Rear-end,Front,1,892,Off-peak,9.1,20.4,0,0,3,Moderate,Medium
PK-2024-01744,2024-02-13,14:29,KPK,Mardan,Rural,32.0788,71.411,Clear,249,26.5,4.2,Daylight,Wet,Asphalt,2,100,Straight,Flat,None,No,4,Motorcycle;Bus;Motorcycle;Motorcycle,9.4,No,16,Yes,No,No,No,100,None,Wrong Side,Pedestrian,Front,3,728,Peak,9.3,16.9,2,3,2,Total,Critical
PK-2024-01745,2024-02-26,05:07,Sindh,Larkana,Urban,26.6133,67.4753,Clear,1326,21.8,5.8,Daylight,Wet,Gravel,6,100,Straight,Flat,Painted,Yes,2,Motorcycle;Motorcycle,16.1,No,31,No,No,No,No,110,Swerving,Weather,Multi-vehicle pileup,Front,1,1288,Off-peak,2.2,4.6,1,2,4,Moderate,High
PK-2024-01746,2024-11-19,16:12,KPK,Mardan,Rural,33.8334,71.8446,Cloudy,538,33.0,3.6,Dawn-Dusk,Dry,Asphalt,4,60,Straight,Flat,Painted,Yes,3,Truck;Bicycle;Motorcycle,16.1,No,16,Partial,Not Applicable,No,No,80,Swerving,Wrong Side,Side-swipe,Front,2,1065,Off-peak,9.2,12.6,0,0,2,Minor,Low
PK-2024-01747,2024-04-04,11:39,Punjab,Bahawalpur,Rural,31.0689,74.2169,Fog,738,43.1,1.2,Street-lit,Potholed,Concrete,6,30,Gentle,Uphill,Painted,Yes,1,Auto-rickshaw,10.9,No,33,No,Partial,No,Unknown,45,Swerving,Animal Crossing,Side-swipe,Front,1,733,Off-peak,4.6,13.1,0,0,2,Minor,Low
PK-2024-01748,2024-04-15,21:21,Punjab,Bahawalpur,Urban,31.9645,73.4013,Rain,631,20.1,7.7,Daylight,Dry,Asphalt,2,60,Gentle,Flat,Physical,No,3,Motorcycle;Motorcycle;Car,6.8,No,37,Yes,Yes,No,No,100,Braking,Mechanical Failure,Pedestrian,Roof,1,1094,Peak,0.5,4.7,0,0,1,Minor,Medium
PK-2024-01749,2024-01-20,01:17,Balochistan,Turbat,Rural,27.7299,67.6445,Fog,1128,43.4,20.2,Daylight,Wet,Dirt,3,30,Straight,Downhill,Physical,Yes,3,Auto-rickshaw;Car;Car,8.4,No,38,No,Yes,No,No,30,Swerving,Speeding,Rear-end,Front,1,302,Peak,4.6,7.9,0,0,2,Minor,Low
PK-2024-01750,2024-10-24,22:27,Punjab,Faisalabad,Urban,31.8386,73.4191,Haze,100,35.4,44.0,Unlit,Dry,Asphalt,3,30,Sharp,Downhill,Painted,Yes,2,Bicycle;Motorcycle,14.3,Yes,49,No,Yes,No,No,50,Braking,Human Error,Rear-end,Side,2,548,Peak,25.4,32.2,0,2,4,Moderate,High
PK-2024-01751,2024-04-19,22:05,KPK,Mardan,Urban,32.8699,72.5138,Rain,32,17.1,14.4,Unlit,Muddy,Asphalt,2,110,Straight,Downhill,None,Yes,4,Motorcycle;Truck;Bicycle;Car,3.5,No,49,No,Partial,No,Unknown,120,Swerving,Human Error,Fixed-object,Side,1,591,Off-peak,45.9,62.0,2,3,3,Severe,Critical
PK-2024-01752,2024-06-09,07:58,Punjab,Gujranwala,Rural,30.6529,72.8655,Heavy Rain,207,26.5,6.7,Tunnel,Icy,Asphalt,1,80,Gentle,Flat,Painted,Yes,2,Motorcycle;Truck,4.9,No,38,No,Yes,No,No,80,Braking,Human Error,Multi-vehicle pileup,Side,2,1449,Off-peak,33.3,39.9,3,3,1,Total,Critical
PK-2024-01753,2024-03-26,02:38,Balochistan,Quetta,Highway,30.3201,67.7493,Rain,68,27.7,22.4,Unlit,Potholed,Concrete,2,50,Straight,Flat,Painted,Yes,2,Motorcycle;Auto-rickshaw,5.7,No,32,Yes,No,No,Unknown,60,None,Speeding,Rear-end,Rear,1,797,Off-peak,17.4,25.1,1,2,1,Severe,Critical
PK-2024-01754,2024-05-22,10:26,Sindh,Sukkur,Rural,26.1066,67.6236,Clear,303,34.2,4.0,Daylight,Dry,Asphalt,2,120,Straight,Flat,Physical,Yes,3,Auto-rickshaw;Motorcycle;Motorcycle,16.1,No,16,No,No,No,No,130,Braking,Signal Violation,Head-on,Front,2,709,Off-peak,8.8,20.2,0,3,2,Moderate,High
PK-2024-01755,2024-01-27,02:42,Sindh,Karachi,Urban,25.2615,69.2113,Fog,151,29.2,0.6,Daylight,Wet,Asphalt,2,60,Straight,Flat,Physical,Yes,3,Car;Motorcycle;Motorcycle,7.5,No,31,Yes,No,No,No,60,None,Wrong Side,Rear-end,Front,1,1364,Off-peak,6.6,14.7,0,0,2,Minor,Medium
PK-2024-01756,2024-07-12,22:23,Islamabad,Islamabad,Highway,33.6542,72.7632,Clear,1500,23.7,59.1,Unlit,Wet,Asphalt,4,60,Straight,Uphill,Physical,No,3,Auto-rickshaw;Motorcycle;Bus,10.1,No,43,No,Not Applicable,No,No,55,None,Signal Violation,Pedestrian,Side,1,511,Peak,7.7,17.3,0,2,3,Moderate,Medium
PK-2024-01757,2024-02-16,16:07,Punjab,Sialkot,Urban,32.0223,73.083,Heavy Rain,29,32.6,9.5,Daylight,Potholed,Concrete,2,30,Straight,Uphill,Painted,Yes,4,Motorcycle;Car;Car;Car,9.2,No,36,Yes,No,No,No,25,None,Signal Violation,Side-swipe,Side,2,1602,Off-peak,22.2,28.3,0,1,3,Minor,Medium
PK-2024-01758,2024-02-02,11:49,Sindh,Karachi,Rural,25.1304,67.4659,Cloudy,675,39.4,16.4,Daylight,Potholed,Asphalt,4,80,Straight,Flat,Physical,Yes,2,Car;Car,9.5,Yes,45,Yes,Yes,No,No,95,Braking,Speeding,Side-swipe,Front,2,137,Off-peak,2.4,9.7,0,0,0,Minor,Low
PK-2024-01759,2024-02-22,21:24,Balochistan,Gwadar,Rural,29.8348,66.8459,Cloudy,263,29.9,7.4,Tunnel,Wet,Concrete,2,100,Hairpin,Uphill,Painted,Yes,5,Car;Truck;Motorcycle;Motorcycle;Motorcycle,3.9,Yes,32,No,No,No,No,105,Braking,Human Error,Head-on,Rear,1,559,Peak,12.6,14.4,2,3,3,Total,Critical
PK-2024-01760,2024-01-16,16:56,Punjab,Multan,Rural,31.807,74.81,Heavy Rain,554,26.8,4.1,Dawn-Dusk,Wet,Asphalt,4,110,Sharp,Flat,None,No,3,Motorcycle;Car;Car,9.7,No,53,No,Partial,No,No,125,None,Signal Violation,Head-on,Side,2,482,Off-peak,22.2,34.7,1,3,2,Total,Critical
PK-2024-01761,2024-12-04,23:13,Sindh,Larkana,Urban,24.5409,68.4628,Clear,889,34.5,11.2,Dawn-Dusk,Dry,Dirt,4,50,Sharp,Uphill,Painted,Yes,2,Bus;Motorcycle,12.8,No,34,No,Yes,No,No,60,Braking,Speeding,Fixed-object,Side,1,805,Peak,7.1,10.7,0,0,1,Minor,Low
PK-2024-01762,2024-07-08,01:02,Islamabad,Islamabad,Rural,33.0202,72.6857,Clear,843,26.2,23.2,Daylight,Potholed,Asphalt,2,100,Gentle,Downhill,Physical,Yes,2,Motorcycle;Auto-rickshaw,3.1,No,25,No,Not Applicable,No,No,115,None,Wrong Side,Head-on,Rear,1,1830,Off-peak,27.8,34.8,1,2,2,Total,Critical
PK-2024-01763,2024-03-16,01:47,Punjab,Lahore,Highway,29.6128,73.6275,Fog,125,18.0,4.5,Daylight,Potholed,Dirt,2,50,Gentle,Flat,Painted,No,4,Car;Bicycle;Car;Motorcycle,16.4,No,33,Yes,No,No,No,65,None,Signal Violation,Side-swipe,Rear,1,294,Off-peak,12.7,20.2,0,2,3,Severe,High
PK-2024-01764,2024-04-24,10:32,Sindh,Hyderabad,Highway,26.8788,66.7206,Dust Storm,552,9.0,34.0,Street-lit,Dry,Asphalt,4,110,Hairpin,Flat,Painted,No,3,Motorcycle;Motorcycle;Car,3.7,No,48,No,Yes,No,No,115,None,Mobile Phone,Head-on,Roof,2,1719,Peak,11.9,18.5,2,3,2,Total,Critical
PK-2024-01765,2024-01-06,12:25,Punjab,Sialkot,Rural,31.3252,73.6777,Cloudy,214,39.8,41.5,Daylight,Potholed,Gravel,2,80,Straight,Downhill,Painted,Yes,3,Car;Motorcycle;Car,16.7,No,41,Yes,No,No,No,85,Braking,Speeding,Side-swipe,Front,1,1432,Off-peak,25.9,39.7,0,1,1,Minor,Medium