incident_id,date,time,province,district,road_type,latitude,longitude,weather,visibility_meters,temperature_c,wind_speed_kmh,lighting,road_condition,surface_material,number_of_lanes,speed_limit_kmh,road_curvature,road_gradient,median_type,shoulder_available,num_vehicles,vehicle_types,vehicle_avg_age_years,overloading_detected,driver_age,helmet_usage,seatbelt_usage,mobile_phone_suspected,alcohol_drug_suspected,speed_at_impact_kmh,evasive_action,accident_cause,collision_type,impact_point,num_collisions,traffic_volume_per_hour,peak_off_peak,distance_to_hospital_km,expected_response_min,fatalities,serious_injuries,minor_injuries,property_damage_level,severity
PK-2024-01766,2024-09-02,15:09,Sindh,Karachi,Rural,25.4125,66.9321,Clear,1500,25.3,1.0,Unlit,Dry,Asphalt,1,80,Straight,Downhill,Painted,Yes,3,Motorcycle;Motorcycle;Truck,17.6,No,22,No,No,No,Unknown,90,Swerving,Weather,Head-on,Side,1,96,Peak,15.7,20.9,0,2,3,Severe,High
PK-2024-01767,2024-12-21,13:50,Islamabad,Islamabad,Urban,33.5045,74.3485,Haze,46,40.0,14.5,Daylight,Wet,Asphalt,2,50,Gentle,Downhill,Painted,No,2,Motorcycle;Car,3.0,No,41,Yes,No,No,No,45,Swerving,Weather,Fixed-object,Side,1,892,Peak,28.0,40.6,0,0,1,Minor,Low
PK-2024-01768,2024-10-01,18:49,Punjab,Sargodha,Urban,31.4263,74.4324,Haze,474,24.8,7.9,Street-lit,Potholed,Concrete,4,80,Gentle,Uphill,Painted,No,3,Auto-rickshaw;Auto-rickshaw;Motorcycle,19.7,No,26,No,No,No,No,110,Swerving,Speeding,Fixed-object,Side,2,564,Off-peak,0.9,4.4,3,3,1,Total,Critical
PK-2024-01769,2024-09-26,19:49,Sindh,Hyderabad,Residential,26.8907,68.3014,Rain,351,20.4,3.5,Daylight,Potholed,Concrete,4,80,Gentle,Downhill,Physical,No,4,Motorcycle;Motorcycle;Motorcycle;Motorcycle,5.0,No,32,No,Yes,No,No,95,None,Mechanical Failure,Rollover,Front,1,1464,Off-peak,9.5,22.6,1,4,1,Total,Critical
PK-2024-01770,2024-01-03,09:46,Sindh,Sukkur,Residential,25.7913,69.2954,Heavy Rain,175,17.3,11.4,Daylight,Wet,Dirt,1,30,Gentle,Flat,Physical,Yes,2,Motorcycle;Auto-rickshaw,8.7,No,35,Yes,Yes,No,Unknown,30,None,Human Error,Side-swipe,Rear,1,204,Off-peak,7.7,12.0,0,0,1,None,Low
PK-2024-01771,2024-10-20,16:33,Punjab,Lahore,Highway,30.1425,73.2981,Fog,712,23.3,18.2,Street-lit,Wet,Asphalt,1,50,Sharp,Flat,Painted,Yes,3,Auto-rickshaw;Truck;Car,14.2,Yes,59,Yes,No,No,No,60,None,Human Error,Side-swipe,Front,1,529,Peak,1.3,3.0,0,2,3,Moderate,Medium
PK-2024-01772,2024-09-28,18:04,KPK,Abbottabad,Highway,34.5538,71.9468,Clear,585,36.3,6.7,Tunnel,Muddy,Asphalt,2,80,Gentle,Uphill,None,Yes,1,Bus,5.9,No,29,No,Yes,Yes,No,95,Braking,Wrong Side,Pedestrian,Front,1,1355,Peak,10.7,15.2,0,3,4,Severe,High
PK-2024-01773,2024-01-16,04:34,Punjab,Multan,Highway,31.2966,74.108,Clear,25,32.6,24.4,Unlit,Dry,Dirt,2,110,Gentle,Uphill,Painted,Yes,4,Motorcycle;Auto-rickshaw;Car;Truck,17.8,No,35,No,No,No,No,140,Braking,Mobile Phone,Head-on,Roof,2,1632,Off-peak,18.9,26.8,1,3,3,Severe,Critical
PK-2024-01774,2024-03-17,20:38,Sindh,Karachi,Urban,26.507,66.7798,Cloudy,82,32.6,41.1,Daylight,Muddy,Asphalt,2,50,Sharp,Flat,Painted,Yes,3,Truck;Car;Bus,4.7,No,40,Yes,No,No,No,50,Swerving,Mechanical Failure,Multi-vehicle pileup,Front,2,757,Peak,7.2,18.0,2,2,2,Total,Critical
PK-2024-01775,2024-01-19,23:36,Punjab,Sialkot,Urban,31.8336,72.6936,Clear,76,31.4,20.6,Street-lit,Dry,Asphalt,2,40,Straight,Uphill,None,Yes,3,Motorcycle;Bus;Truck,14.8,No,41,Yes,No,Yes,No,35,Swerving,Animal Crossing,Multi-vehicle pileup,Side,2,723,Off-peak,17.0,29.1,0,0,1,None,Low
PK-2024-01776,2024-04-25,09:47,Balochistan,Gwadar,Highway,27.9349,67.6256,Heavy Rain,159,32.5,6.6,Daylight,Construction,Dirt,2,60,Gentle,Uphill,Painted,Yes,2,Car;Car,18.4,No,25,Partial,No,No,No,60,None,Animal Crossing,Side-swipe,Side,2,105,Off-peak,32.5,44.4,0,0,1,Minor,Medium
PK-2024-01777,2024-04-19,18:00,Punjab,Lahore,Highway,31.9291,73.2065,Haze,273,30.2,1.9,Street-lit,Muddy,Concrete,2,110,Hairpin,Uphill,Physical,Yes,5,Motorcycle;Motorcycle;Motorcycle;Car;Car,19.7,No,26,No,Yes,No,No,140,None,Human Error,Fixed-object,Roof,2,1184,Peak,18.7,27.9,3,3,1,Severe,Critical
PK-2024-01778,2024-12-19,16:36,Punjab,Bahawalpur,Rural,31.2747,73.2694,Cloudy,110,33.1,9.8,Daylight,Dry,Concrete,1,60,Sharp,Uphill,Painted,No,4,Motorcycle;Truck;Car;Truck,18.0,No,47,No,Yes,No,No,55,None,Mechanical Failure,Side-swipe,Rear,2,397,Peak,3.7,5.3,0,0,2,None,Low
PK-2024-01779,2024-03-14,02:29,Punjab,Sargodha,Rural,31.949,74.5348,Haze,777,29.8,6.8,Daylight,Icy,Gravel,2,50,Straight,Flat,Physical,No,3,Bus;Truck;Car,15.4,No,23,No,No,No,No,60,None,Mobile Phone,Head-on,Front,1,1555,Off-peak,19.5,34.2,0,2,4,Severe,High
PK-2024-01780,2024-11-08,18:06,Punjab,Gujranwala,Residential,32.4868,73.6173,Clear,130,34.7,12.1,Daylight,Icy,Asphalt,2,50,Sharp,Downhill,Physical,Yes,3,Motorcycle;Car;Auto-rickshaw,6.0,No,22,No,Yes,No,No,50,None,Signal Violation,Rear-end,Front,2,807,Off-peak,14.4,24.2,0,0,3,Moderate,Medium
PK-2024-01781,2024-11-14,23:10,Balochistan,Quetta,Residential,28.0085,65.0648,Rain,157,32.8,22.7,Unlit,Potholed,Concrete,2,40,Straight,Flat,Physical,Yes,5,Truck;Car;Motorcycle;Motorcycle;Car,5.8,Yes,24,Yes,Not Applicable,No,No,40,Swerving,Mobile Phone,Fixed-object,Front,2,1148,Off-peak,16.8,30.9,0,2,2,Moderate,Medium
PK-2024-01782,2024-03-09,10:13,Sindh,Karachi,Rural,26.5928,68.9439,Cloudy,71,30.1,3.8,Daylight,Dry,Asphalt,2,50,Sharp,Downhill,Physical,Yes,2,Car;Car,6.6,Yes,44,No,Not Applicable,No,No,80,None,Signal Violation,Rear-end,Roof,1,1550,Peak,16.5,24.0,0,3,4,Moderate,High
PK-2024-01783,2024-06-10,15:58,Punjab,Multan,Rural,31.4116,72.0403,Rain,825,32.4,3.8,Dawn-Dusk,Dry,Gravel,2,30,Straight,Flat,None,Yes,2,Truck;Auto-rickshaw,15.8,No,36,No,No,No,No,30,None,Overloading,Fixed-object,Side,1,1544,Off-peak,24.3,33.9,0,0,1,Minor,Low
PK-2024-01784,2024-10-27,10:13,Sindh,Larkana,Rural,24.1621,67.7078,Rain,1386,32.3,16.1,Unlit,Dry,Asphalt,4,50,Sharp,Downhill,Physical,No,2,Truck;Motorcycle,14.8,No,34,No,Partial,No,No,65,None,Signal Violation,Head-on,Side,3,1024,Peak,7.0,14.3,3,4,3,Total,Critical
PK-2024-01785,2024-02-13,07:18,Sindh,Nawabshah,Highway,25.5913,67.5274,Clear,184,23.9,40.4,Dawn-Dusk,Wet,Asphalt,3,40,Gentle,Flat,Painted,Yes,3,Auto-rickshaw;Bicycle;Auto-rickshaw,14.0,Yes,48,Yes,Not Applicable,No,No,40,Braking,Mobile Phone,Rear-end,Rear,2,1614,Off-peak,11.0,16.9,0,0,1,Minor,Low
PK-2024-01786,2024-11-20,03:10,KPK,Swat,Urban,32.0309,71.5188,Haze,266,30.7,4.1,Unlit,Construction,Asphalt,6,80,Straight,Flat,Painted,Yes,2,Motorcycle;Motorcycle,6.5,No,52,Yes,Yes,No,No,85,Swerving,Signal Violation,Rear-end,Side,1,1267,Peak,36.7,51.1,0,1,3,Minor,Medium
PK-2024-01787,2024-02-01,18:35,Punjab,Lahore,Highway,31.1218,72.2294,Cloudy,1152,24.7,19.7,Daylight,Wet,Gravel,3,80,Straight,Uphill,None,Yes,2,Bus;Truck,14.8,Yes,41,Yes,Yes,No,No,70,None,Overloading,Rear-end,Front,1,269,Peak,32.3,41.6,0,0,2,Moderate,Medium
PK-2024-01788,2024-01-16,10:37,Sindh,Hyderabad,Urban,25.58,68.2773,Clear,619,20.4,1.1,Daylight,Dry,Asphalt,3,40,Gentle,Downhill,Painted,No,4,Bicycle;Motorcycle;Motorcycle;Car,18.5,No,35,Yes,No,No,No,60,Braking,Speeding,Fixed-object,Front,1,1654,Off-peak,72.1,89.8,0,0,1,Minor,Low
PK-2024-01789,2024-12-01,15:21,Sindh,Nawabshah,Rural,24.3883,69.1974,Heavy Rain,627,34.4,0.9,Daylight,Flooding,Asphalt,2,110,Gentle,Flat,Painted,Yes,3,Car;Bicycle;Motorcycle,3.1,No,30,No,No,No,No,115,Braking,Animal Crossing,Rear-end,Front,2,868,Peak,16.6,23.5,3,3,2,Total,Critical
PK-2024-01790,2024-09-03,21:00,Punjab,Faisalabad,Highway,29.9549,73.3476,Clear,118,13.0,1.6,Daylight,Dry,Dirt,4,50,Gentle,Downhill,Painted,No,1,Motorcycle,11.9,No,25,No,Yes,No,No,50,None,Speeding,Side-swipe,Rear,1,1429,Off-peak,1.4,8.9,0,0,0,None,Low
PK-2024-01791,2024-05-21,03:50,Sindh,Nawabshah,Highway,26.0033,67.0586,Clear,71,31.8,2.6,Daylight,Wet,Concrete,2,80,Straight,Flat,None,Yes,2,Auto-rickshaw;Bicycle,6.2,No,31,Yes,Not Applicable,No,Yes,95,Braking,Drunk Driving,Side-swipe,Side,2,1696,Peak,33.1,47.9,0,1,3,Minor,Medium
PK-2024-01792,2024-09-01,03:48,KPK,Dera Ismail Khan,Rural,34.5659,70.2387,Clear,1123,25.2,11.8,Daylight,Wet,Asphalt,2,50,Hairpin,Uphill,Physical,No,1,Truck,5.6,No,19,No,Not Applicable,No,Unknown,55,Swerving,Drunk Driving,Side-swipe,Side,1,1767,Peak,22.4,28.6,0,0,0,Minor,Low
PK-2024-01793,2024-10-08,14:42,Punjab,Rawalpindi,Residential,30.5693,74.4689,Rain,90,26.6,11.8,Tunnel,Dry,Gravel,2,40,Straight,Flat,Painted,Yes,4,Truck;Truck;Car;Car,2.7,Yes,48,Yes,No,No,No,40,Swerving,Weather,Side-swipe,Rear,1,1543,Peak,13.5,19.3,0,0,1,None,Low
PK-2024-01794,2024-08-09,05:45,Sindh,Karachi,Residential,25.8429,66.6342,Clear,456,18.9,10.9,Daylight,Potholed,Asphalt,3,80,Straight,Flat,Painted,No,2,Motorcycle;Bus,2.7,No,52,No,No,No,No,80,Braking,Wrong Side,Pedestrian,Side,3,122,Peak,18.6,25.5,0,1,4,Severe,High
PK-2024-01795,2024-05-13,18:21,Balochistan,Khuzdar,Rural,28.8109,66.4485,Cloudy,193,19.7,16.0,Daylight,Icy,Asphalt,2,40,Straight,Flat,Physical,Yes,4,Motorcycle;Motorcycle;Bus;Car,8.4,No,24,Yes,Not Applicable,No,No,40,Swerving,Speeding,Rear-end,Front,1,399,Off-peak,1.3,7.4,0,0,1,Minor,Low
PK-2024-01796,2024-04-14,13:31,Punjab,Rawalpindi,Highway,31.9183,72.3725,Heavy Rain,20,29.1,11.1,Unlit,Dry,Gravel,2,40,Straight,Uphill,Painted,Yes,3,Car;Bicycle;Car,2.2,No,36,No,Not Applicable,No,No,40,None,Signal Violation,Fixed-object,Front,1,141,Peak,8.4,17.7,0,1,4,Severe,High
PK-2024-01797,2024-04-13,07:39,Balochistan,Gwadar,Urban,28.3159,65.5345,Rain,506,33.0,4.4,Street-lit,Wet,Asphalt,2,100,Straight,Flat,Painted,No,3,Car;Bicycle;Motorcycle,7.3,Yes,40,No,No,No,No,100,Swerving,Mobile Phone,Rear-end,Side,1,634,Peak,3.1,11.0,1,2,4,Moderate,High
PK-2024-01798,2024-06-02,23:16,Punjab,Bahawalpur,Urban,31.6669,74.9591,Heavy Rain,37,25.1,25.2,Street-lit,Wet,Concrete,6,110,Straight,Downhill,None,No,2,Auto-rickshaw;Bus,9.8,No,16,No,No,No,No,150,None,Mobile Phone,Multi-vehicle pileup,Side,1,1061,Off-peak,19.1,29.8,2,2,2,Severe,Critical
PK-2024-01799,2024-02-13,14:52,Islamabad,Islamabad,Rural,34.4127,72.9271,Fog,47,14.9,8.9,Street-lit,Construction,Asphalt,2,120,Hairpin,Flat,Physical,Yes,3,Motorcycle;Motorcycle;Car,17.6,No,54,Yes,No,No,No,130,Braking,Animal Crossing,Multi-vehicle pileup,Side,2,322,Off-peak,14.1,19.0,3,2,3,Total,Critical
PK-2024-01800,2024-03-21,03:31,Punjab,Sargodha,Rural,30.4904,74.7466,Rain,1500,26.5,16.2,Street-lit,Potholed,Asphalt,2,120,Sharp,Uphill,Painted,No,2,Auto-rickshaw;Car,12.3,No,19,Yes,Yes,No,No,115,Braking,Speeding,Fixed-object,Front,1,84,Off-peak,3.1,4.6,0,1,3,Severe,High
PK-2024-01801,2024-06-03,05:57,Punjab,Faisalabad,Highway,31.101,72.8367,Haze,564,40.5,9.6,Daylight,Construction,Concrete,3,80,Straight,Uphill,None,No,3,Truck;Auto-rickshaw;Bus,3.0,No,34,No,Yes,No,No,110,None,Human Error,Side-swipe,Side,2,184,Peak,6.3,11.5,0,0,1,Moderate,Medium
PK-2024-01802,2024-07-05,09:59,Punjab,Sargodha,Highway,31.3508,74.5385,Haze,151,38.3,8.8,Unlit,Potholed,Asphalt,2,50,Straight,Flat,None,No,1,Motorcycle,6.8,No,39,Yes,No,No,No,50,None,Speeding,Rollover,Front,2,493,Off-peak,7.6,14.0,2,3,1,Total,Critical
PK-2024-01803,2024-01-15,15:37,Punjab,Lahore,Highway,30.7638,73.2756,Clear,555,23.3,10.3,Street-lit,Wet,Concrete,3,30,Straight,Flat,None,Yes,2,Motorcycle;Motorcycle,19.8,No,31,No,Yes,No,No,50,Braking,Human Error,Head-on,Side,1,1638,Off-peak,12.5,23.0,0,0,2,Minor,Low
PK-2024-01804,2024-01-20,05:47,Punjab,Bahawalpur,Rural,32.4498,72.7262,Fog,592,19.1,9.9,Daylight,Icy,Concrete,2,60,Sharp,Downhill,None,Yes,4,Motorcycle;Car;Motorcycle;Car,12.8,No,32,No,Yes,No,No,60,Braking,Weather,Head-on,Side,2,432,Off-peak,3.1,5.8,0,2,3,Severe,High
PK-2024-01805,2024-05-17,11:29,Punjab,Gujranwala,Highway,31.3975,73.6138,Cloudy,1354,29.2,17.9,Daylight,Wet,Gravel,2,60,Sharp,Flat,Physical,No,2,Motorcycle;Truck,3.0,No,18,Yes,Not Applicable,Yes,No,80,Braking,Speeding,Rollover,Front,1,1068,Off-peak,27.4,33.8,0,2,4,Severe,High
PK-2024-01806,2024-09-07,12:22,KPK,Swat,Residential,33.7064,71.68,Clear,355,19.7,5.9,Tunnel,Muddy,Asphalt,2,50,Sharp,Uphill,None,No,2,Truck;Truck,10.8,No,43,Yes,Not Applicable,No,No,50,Braking,Wrong Side,Rear-end,Side,2,492,Peak,24.1,36.1,0,0,0,Minor,Low
PK-2024-01807,2024-06-18,20:24,Sindh,Larkana,Urban,26.2989,68.5557,Cloudy,365,39.4,19.1,Street-lit,Muddy,Asphalt,2,50,Straight,Flat,Physical,No,2,Auto-rickshaw;Car,17.2,No,51,Yes,Yes,No,Yes,80,Swerving,Signal Violation,Side-swipe,Rear,3,53,Off-peak,46.4,59.1,0,2,2,Minor,Medium
PK-2024-01808,2024-10-25,09:34,Punjab,Lahore,Rural,31.515,74.4976,Fog,31,27.8,1.6,Unlit,Muddy,Concrete,4,30,Gentle,Flat,Physical,Yes,1,Motorcycle,17.5,No,41,No,Partial,Yes,No,30,Braking,Speeding,Head-on,Roof,1,332,Peak,6.5,15.5,3,2,3,Total,Critical
PK-2024-01809,2024-03-12,08:28,Punjab,Multan,Highway,32.0438,72.9153,Clear,166,25.4,8.9,Dawn-Dusk,Potholed,Gravel,2,110,Gentle,Downhill,Physical,Yes,3,Motorcycle;Bicycle;Car,9.6,No,34,No,Not Applicable,No,No,110,Braking,Human Error,Head-on,Side,1,502,Peak,13.9,21.3,1,4,1,Total,Critical
PK-2024-01810,2024-07-07,17:24,Punjab,Faisalabad,Urban,30.1095,73.809,Dust Storm,197,28.7,48.1,Unlit,Dry,Asphalt,2,50,Straight,Flat,Physical,Yes,2,Bus;Truck,3.2,No,18,Yes,No,No,No,50,Braking,Human Error,Side-swipe,Rear,1,1974,Peak,24.3,31.6,0,1,1,Minor,Medium
PK-2024-01811,2024-04-19,18:50,Punjab,Faisalabad,Residential,30.8008,73.2705,Dust Storm,62,31.4,5.4,Unlit,Construction,Concrete,2,40,Straight,Flat,Painted,No,5,Motorcycle;Car;Truck;Motorcycle;Car,14.2,Yes,47,No,No,Yes,No,60,None,Weather,Fixed-object,Rear,3,1641,Peak,28.8,39.0,3,2,1,Total,Critical
PK-2024-01812,2024-05-23,02:42,Sindh,Larkana,Rural,24.1378,68.9219,Cloudy,830,29.7,12.7,Daylight,Potholed,Asphalt,2,120,Gentle,Flat,Physical,Yes,3,Car;Bus;Motorcycle,2.3,No,38,No,Not Applicable,No,No,140,Braking,Human Error,Side-swipe,Side,2,136,Peak,8.3,16.2,0,1,3,Moderate,Medium
PK-2024-01813,2024-03-07,22:36,Sindh,Nawabshah,Urban,24.719,66.595,Clear,307,25.4,3.9,Daylight,Dry,Asphalt,2,50,Gentle,Flat,None,No,2,Car;Motorcycle,18.0,No,16,No,No,No,Yes,45,Braking,Wrong Side,Rear-end,Side,1,734,Off-peak,12.7,18.4,0,0,2,Minor,Low
PK-2024-01814,2024-07-25,04:06,Punjab,Multan,Urban,31.9938,73.4176,Fog,306,17.3,2.5,Street-lit,Potholed,Asphalt,4,60,Sharp,Flat,Painted,Yes,2,Motorcycle;Car,2.4,No,53,Partial,Yes,No,Yes,75,Braking,Mobile Phone,Rear-end,Side,3,1524,Peak,16.7,23.1,0,2,4,Severe,High
PK-2024-01815,2024-03-20,12:05,Balochistan,Khuzdar,Residential,28.1892,67.2268,Clear,976,34.6,22.7,Daylight,Dry,Asphalt,2,80,Gentle,Uphill,Physical,No,3,Car;Car;Motorcycle,9.3,No,25,Partial,Partial,No,No,95,Braking,Weather,Fixed-object,Front,3,966,Peak,18.7,26.8,0,0,1,Moderate,Medium
PK-2024-01816,2024-01-28,04:29,Sindh,Sukkur,Urban,25.8856,68.7211,Heavy Rain,82,23.4,6.0,Unlit,Dry,Asphalt,2,60,Gentle,Downhill,Physical,No,2,Car;Motorcycle,9.5,No,38,Partial,Partial,No,No,65,Swerving,Speeding,Head-on,Side,1,1551,Peak,1.6,7.1,1,3,2,Moderate,High
PK-2024-01817,2024-09-13,18:31,Punjab,Rawalpindi,Rural,31.7266,72.3696,Haze,429,20.2,5.2,Unlit,Dry,Gravel,2,60,Gentle,Flat,None,No,2,Motorcycle;Car,6.2,No,28,Yes,Not Applicable,No,No,60,None,Wrong Side,Rollover,Front,2,1927,Off-peak,3.7,9.0,0,2,2,Minor,Medium
PK-2024-01818,2024-06-28,11:59,KPK,Peshawar,Rural,32.2549,72.4074,Clear,395,28.3,5.9,Dawn-Dusk,Dry,Asphalt,3,80,Gentle,Flat,Painted,Yes,2,Motorcycle;Motorcycle,5.2,No,38,No,Not Applicable,No,No,80,None,Human Error,Head-on,Front,2,826,Off-peak,13.0,23.2,0,1,3,Moderate,Medium
PK-2024-01819,2024-11-08,23:51,Balochistan,Khuzdar,Highway,28.208,65.941,Clear,98,24.1,5.4,Unlit,Construction,Asphalt,4,110,Straight,Flat,None,Yes,4,Motorcycle;Car;Car;Car,11.8,No,49,No,Not Applicable,No,No,120,None,Overloading,Pedestrian,Side,1,83,Peak,11.9,18.5,1,3,3,Severe,Critical
PK-2024-01820,2024-10-19,00:28,Punjab,Multan,Rural,31.9108,73.5489,Haze,518,26.5,0.5,Daylight,Construction,Asphalt,2,50,Gentle,Downhill,Painted,Yes,4,Truck;Truck;Auto-rickshaw;Truck,3.2,No,34,Yes,No,No,No,50,Swerving,Signal Violation,Head-on,Rear,1,1201,Peak,29.4,39.6,0,1,2,Moderate,Medium
PK-2024-01821,2024-01-11,12:20,Punjab,Multan,Highway,30.2527,74.8975,Haze,223,18.6,0.7,Daylight,Wet,Asphalt,6,50,Gentle,Flat,Painted,No,3,Motorcycle;Motorcycle;Auto-rickshaw,18.0,No,39,No,Yes,No,No,60,Braking,Signal Violation,Pedestrian,Side,1,311,Peak,1.9,6.5,0,0,1,Minor,Low
PK-2024-01822,2024-03-23,21:10,Balochistan,Gwadar,Urban,28.2519,67.2859,Cloudy,374,27.2,16.3,Street-lit,Muddy,Asphalt,4,80,Straight,Uphill,Painted,Yes,2,Motorcycle;Truck,12.8,Yes,33,Yes,Not Applicable,No,No,75,Swerving,Mobile Phone,Pedestrian,Side,2,872,Off-peak,5.0,10.2,0,1,1,Minor,Medium
PK-2024-01823,2024-09-28,16:46,Islamabad,Islamabad,Urban,34.1902,72.1414,Fog,876,34.4,20.1,Daylight,Wet,Asphalt,6,80,Sharp,Flat,Physical,Yes,2,Truck;Motorcycle,17.4,No,32,Yes,No,No,No,120,Swerving,Overloading,Head-on,Side,3,897,Off-peak,8.2,14.3,2,4,3,Total,Critical
PK-2024-01824,2024-01-02,12:58,Balochistan,Quetta,Residential,28.761,67.7065,Haze,351,17.7,8.4,Tunnel,Muddy,Gravel,2,80,Gentle,Flat,Painted,Yes,3,Truck;Car;Auto-rickshaw,9.6,No,16,Yes,Partial,No,No,110,Braking,Human Error,Pedestrian,Side,1,1402,Peak,13.0,24.6,0,1,3,Severe,High
PK-2024-01825,2024-08-20,07:32,Punjab,Sialkot,Residential,30.3461,74.6791,Cloudy,23,29.7,4.4,Tunnel,Muddy,Asphalt,2,50,Sharp,Uphill,Painted,No,3,Motorcycle;Auto-rickshaw;Car,4.5,No,16,No,Not Applicable,No,No,60,None,Wrong Side,Side-swipe,Side,2,228,Off-peak,4.2,4.9,1,1,3,Moderate,High
PK-2024-01826,2024-02-15,15:11,Punjab,Rawalpindi,Urban,31.3189,72.0873,Dust Storm,59,34.7,1.7,Street-lit,Potholed,Dirt,6,40,Straight,Downhill,None,No,3,Motorcycle;Motorcycle;Bus,17.8,No,51,Yes,No,Yes,No,40,Braking,Wrong Side,Rear-end,Rear,1,636,Peak,2.3,10.1,0,1,3,Moderate,Medium
PK-2024-01827,2024-10-19,04:31,Sindh,Nawabshah,Residential,25.0478,67.1523,Cloudy,66,27.2,23.3,Unlit,Dry,Asphalt,4,80,Sharp,Uphill,Physical,No,3,Car;Car;Auto-rickshaw,7.7,No,36,Yes,Yes,No,No,85,Braking,Human Error,Head-on,Side,1,1637,Peak,73.3,90.0,0,2,2,Moderate,Medium
PK-2024-01828,2024-04-12,19:02,Punjab,Lahore,Rural,31.4385,72.7212,Cloudy,633,43.7,17.7,Daylight,Potholed,Concrete,3,80,Gentle,Downhill,Physical,Yes,2,Motorcycle;Bicycle,14.7,No,37,Partial,No,No,No,85,Braking,Wrong Side,Rear-end,Side,1,704,Peak,9.5,16.1,0,1,3,Moderate,Medium
PK-2024-01829,2024-01-21,16:23,Sindh,Nawabshah,Urban,24.2551,66.9745,Clear,20,27.0,10.5,Street-lit,Dry,Concrete,3,100,Straight,Downhill,Painted,Yes,1,Truck,15.7,No,51,No,No,No,No,105,None,Signal Violation,Head-on,Front,1,1025,Off-peak,9.2,11.7,3,3,2,Total,Critical
PK-2024-01830,2024-07-09,13:40,Punjab,Multan,Urban,29.9199,74.9145,Clear,900,27.6,6.3,Dawn-Dusk,Dry,Asphalt,1,60,Gentle,Uphill,None,No,2,Auto-rickshaw;Bicycle,6.6,No,39,Yes,Partial,Yes,No,65,None,Signal Violation,Pedestrian,Side,1,716,Peak,4.8,10.7,0,0,0,Minor,Low
PK-2024-01831,2024-03-18,11:14,Sindh,Nawabshah,Rural,24.3698,67.8188,Fog,235,29.6,6.0,Street-lit,Dry,Concrete,2,100,Sharp,Downhill,Painted,Yes,3,Auto-rickshaw;Auto-rickshaw;Car,12.8,No,27,No,Not Applicable,No,No,100,None,Overloading,Side-swipe,Side,1,693,Peak,3.8,9.1,0,2,4,Moderate,High
PK-2024-01832,2024-07-10,02:50,Punjab,Rawalpindi,Urban,31.7371,72.3702,Rain,20,20.0,16.9,Daylight,Icy,Gravel,6,80,Gentle,Downhill,Painted,Yes,2,Motorcycle;Motorcycle,8.4,Yes,52,No,No,No,No,120,Swerving,Drunk Driving,Pedestrian,Side,1,1704,Peak,5.9,12.4,3,2,3,Total,Critical
PK-2024-01833,2024-07-24,07:38,KPK,Swat,Urban,32.3499,70.4697,Haze,576,37.7,21.8,Dawn-Dusk,Dry,Asphalt,2,40,Hairpin,Flat,Painted,Yes,2,Car;Auto-rickshaw,12.3,No,31,No,Yes,Yes,No,55,None,Human Error,Rear-end,Front,1,645,Off-peak,12.5,19.0,0,0,1,None,Low
PK-2024-01834,2024-08-16,19:35,Sindh,Sukkur,Rural,25.9754,68.158,Cloudy,982,19.7,1.9,Street-lit,Dry,Concrete,2,60,Straight,Uphill,Painted,Yes,2,Truck;Car,16.2,Yes,33,No,Partial,No,No,80,Braking,Animal Crossing,Multi-vehicle pileup,Front,1,1795,Peak,10.1,21.2,0,1,2,Moderate,Medium
PK-2024-01835,2024-03-18,18:27,Balochistan,Quetta,Highway,28.8516,65.0157,Haze,230,38.0,11.7,Dawn-Dusk,Dry,Gravel,3,60,Gentle,Flat,Physical,Yes,2,Auto-rickshaw;Car,19.4,No,49,Partial,Not Applicable,No,No,60,None,Speeding,Head-on,Rear,1,1235,Peak,21.9,31.1,0,0,3,Moderate,Medium
PK-2024-01836,2024-07-20,20:28,Balochistan,Turbat,Urban,29.3751,65.292,Cloudy,337,29.4,1.8,Street-lit,Dry,Asphalt,2,40,Straight,Uphill,Painted,Yes,2,Motorcycle;Truck,3.4,No,32,Yes,Not Applicable,No,No,50,Swerving,Signal Violation,Head-on,Front,2,1995,Peak,49.6,60.5,0,0,1,None,Low
PK-2024-01837,2024-05-27,04:39,KPK,Peshawar,Rural,34.7465,70.1271,Rain,766,42.2,21.6,Street-lit,Dry,Asphalt,2,100,Sharp,Downhill,None,No,3,Motorcycle;Motorcycle;Car,13.9,No,26,Yes,Yes,No,No,105,None,Speeding,Side-swipe,Side,2,1620,Off-peak,24.3,37.2,0,3,2,Moderate,High
PK-2024-01838,2024-02-23,13:15,Punjab,Lahore,Highway,30.3156,72.7373,Fog,221,19.1,7.6,Street-lit,Muddy,Concrete,2,120,Straight,Uphill,Physical,Yes,2,Bus;Motorcycle,10.6,No,25,No,Not Applicable,No,No,130,Braking,Wrong Side,Fixed-object,Rear,1,568,Off-peak,3.6,9.6,1,2,2,Total,Critical