incident_id,date,time,province,district,road_type,latitude,longitude,weather,visibility_meters,temperature_c,wind_speed_kmh,lighting,road_condition,surface_material,number_of_lanes,speed_limit_kmh,road_curvature,road_gradient,median_type,shoulder_available,num_vehicles,vehicle_types,vehicle_avg_age_years,overloading_detected,driver_age,helmet_usage,seatbelt_usage,mobile_phone_suspected,alcohol_drug_suspected,speed_at_impact_kmh,evasive_action,accident_cause,collision_type,impact_point,num_collisions,traffic_volume_per_hour,peak_off_peak,distance_to_hospital_km,expected_response_min,fatalities,serious_injuries,minor_injuries,property_damage_level,severity
PK-2024-02059,2024-10-11,16:02,Punjab,Sargodha,Urban,29.7889,72.5911,Fog,23,27.2,46.2,Unlit,Dry,Asphalt,2,60,Gentle,Flat,Painted,Yes,2,Car;Motorcycle,4.7,No,25,No,Yes,No,No,60,Braking,Human Error,Side-swipe,Roof,1,440,Off-peak,0.6,4.4,0,1,2,Minor,Medium
PK-2024-02060,2024-03-13,14:56,Punjab,Sargodha,Urban,30.0535,74.8537,Clear,645,27.0,16.1,Daylight,Dry,Gravel,2,40,Hairpin,Flat,None,No,5,Bus;Truck;Car;Motorcycle;Motorcycle,10.3,No,53,No,Partial,No,No,80,Braking,Drunk Driving,Fixed-object,Side,1,331,Peak,12.2,20.5,0,0,3,Moderate,Medium
PK-2024-02061,2024-07-11,13:21,Punjab,Sargodha,Urban,32.1086,74.6683,Dust Storm,456,44.2,2.6,Street-lit,Dry,Asphalt,6,120,Hairpin,Flat,Painted,No,2,Car;Car,16.1,No,59,Yes,Partial,No,Unknown,130,None,Mobile Phone,Head-on,Front,3,1218,Peak,80.0,90.0,2,3,3,Total,Critical
PK-2024-02062,2024-05-04,18:14,Punjab,Lahore,Highway,30.6137,74.0303,Cloudy,334,38.8,7.2,Unlit,Dry,Asphalt,3,80,Straight,Flat,Physical,Yes,2,Car;Auto-rickshaw,15.1,No,41,Yes,Not Applicable,No,No,100,Braking,Signal Violation,Side-swipe,Side,2,1087,Peak,25.9,32.6,0,0,0,Minor,Low
PK-2024-02063,2024-07-21,17:25,Islamabad,Islamabad,Urban,32.3745,73.0117,Cloudy,187,35.3,1.5,Unlit,Icy,Asphalt,2,80,Straight,Flat,Painted,Yes,3,Motorcycle;Car;Bus,11.7,No,30,Yes,Yes,No,No,90,None,Signal Violation,Head-on,Rear,1,453,Peak,32.5,44.1,3,4,3,Total,Critical
PK-2024-02064,2024-12-26,18:12,Sindh,Larkana,Rural,25.1448,66.9407,Cloudy,239,34.7,3.9,Street-lit,Icy,Concrete,3,50,Straight,Downhill,Physical,Yes,2,Motorcycle;Motorcycle,3.3,No,28,No,Yes,No,Unknown,55,None,Human Error,Multi-vehicle pileup,Front,2,359,Off-peak,0.5,5.2,0,3,3,Severe,High
PK-2024-02065,2024-03-06,18:40,Punjab,Sargodha,Urban,29.563,74.8461,Clear,410,44.8,13.9,Unlit,Wet,Asphalt,2,50,Gentle,Uphill,Painted,Yes,1,Car,10.8,No,41,No,Not Applicable,No,No,50,Braking,Overloading,Pedestrian,Front,2,1698,Peak,1.7,9.6,0,0,1,Minor,Low
PK-2024-02066,2024-03-13,15:56,Punjab,Lahore,Rural,31.346,73.577,Rain,1500,21.8,5.4,Street-lit,Dry,Gravel,4,100,Hairpin,Flat,Physical,Yes,3,Auto-rickshaw;Motorcycle;Auto-rickshaw,18.5,No,27,Partial,Yes,No,No,105,None,Wrong Side,Side-swipe,Side,1,174,Peak,1.8,7.8,0,1,1,Minor,Medium
PK-2024-02067,2024-05-09,04:27,Sindh,Karachi,Rural,24.528,68.5213,Cloudy,20,37.2,7.4,Street-lit,Icy,Dirt,2,50,Gentle,Uphill,None,Yes,4,Car;Car;Car;Car,7.2,No,22,Yes,Yes,No,No,45,Braking,Weather,Head-on,Front,1,1816,Peak,19.1,25.9,0,0,1,Minor,Low
PK-2024-02068,2024-07-28,08:53,KPK,Mardan,Urban,33.368,71.495,Clear,88,42.9,1.0,Street-lit,Muddy,Concrete,1,110,Straight,Uphill,Physical,Yes,3,Motorcycle;Car;Motorcycle,6.7,No,54,No,Yes,Yes,No,100,None,Speeding,Fixed-object,Front,2,1642,Peak,0.5,10.0,2,4,1,Severe,Critical
PK-2024-02069,2024-09-22,05:01,Sindh,Sukkur,Urban,26.5485,67.3541,Clear,1131,29.7,9.2,Tunnel,Muddy,Asphalt,3,100,Gentle,Uphill,Physical,Yes,3,Motorcycle;Car;Motorcycle,13.1,No,24,Yes,No,No,No,90,None,Speeding,Side-swipe,Front,1,128,Peak,0.9,3.9,0,1,2,Severe,High
PK-2024-02070,2024-03-28,01:14,Islamabad,Islamabad,Rural,33.4989,73.2137,Haze,20,16.2,10.6,Tunnel,Dry,Dirt,3,60,Straight,Flat,Physical,Yes,2,Motorcycle;Motorcycle,14.0,No,28,No,Not Applicable,No,Unknown,70,Braking,Overloading,Side-swipe,Front,1,289,Peak,18.1,30.3,0,0,0,Minor,Low
PK-2024-02071,2024-09-18,03:07,Punjab,Sialkot,Urban,32.1193,73.1354,Clear,66,28.1,0.1,Unlit,Dry,Asphalt,2,60,Straight,Flat,Painted,Yes,4,Bus;Auto-rickshaw;Bus;Car,12.3,No,46,No,No,No,Unknown,60,None,Wrong Side,Rear-end,Front,1,1036,Peak,15.3,24.2,0,1,1,Minor,Medium
PK-2024-02072,2024-10-01,00:42,Sindh,Sukkur,Residential,26.607,67.2939,Rain,1500,30.5,3.0,Unlit,Icy,Asphalt,2,60,Gentle,Uphill,Painted,Yes,3,Car;Motorcycle;Motorcycle,8.7,Yes,38,No,No,No,No,55,Braking,Signal Violation,Pedestrian,Roof,1,1894,Peak,55.5,77.7,0,3,2,Severe,High
PK-2024-02073,2024-05-05,07:18,KPK,Peshawar,Highway,32.1552,71.9343,Rain,149,34.9,19.2,Unlit,Wet,Gravel,3,60,Straight,Downhill,Painted,Yes,2,Bicycle;Car,17.2,No,34,Yes,Not Applicable,No,No,65,Swerving,Speeding,Fixed-object,Roof,1,698,Off-peak,1.3,10.5,0,1,1,Moderate,Medium
PK-2024-02074,2024-06-19,14:17,Punjab,Rawalpindi,Rural,31.1397,74.2957,Cloudy,968,33.6,11.9,Unlit,Dry,Asphalt,4,50,Straight,Flat,Physical,No,3,Car;Motorcycle;Truck,7.2,No,22,No,No,No,No,60,Swerving,Wrong Side,Fixed-object,Front,2,1141,Peak,6.5,13.7,0,2,3,Minor,Medium
PK-2024-02075,2024-10-27,23:01,Sindh,Larkana,Rural,26.8022,67.8775,Cloudy,1266,50.0,1.1,Dawn-Dusk,Potholed,Concrete,4,100,Gentle,Uphill,Painted,No,3,Car;Car;Bicycle,13.9,Yes,16,Yes,Partial,No,No,100,None,Drunk Driving,Multi-vehicle pileup,Front,1,1591,Off-peak,12.7,19.7,3,4,1,Severe,Critical
PK-2024-02076,2024-08-16,11:25,Islamabad,Islamabad,Rural,35.0777,73.278,Rain,541,30.8,1.6,Street-lit,Dry,Gravel,4,120,Straight,Downhill,Physical,Yes,1,Motorcycle,12.7,No,29,No,No,No,Yes,135,None,Speeding,Side-swipe,Rear,1,797,Off-peak,12.6,25.1,0,1,3,Severe,High
PK-2024-02077,2024-05-26,02:44,Punjab,Lahore,Highway,30.5188,73.245,Rain,165,33.3,8.0,Street-lit,Dry,Concrete,1,60,Straight,Downhill,None,No,3,Car;Truck;Car,3.9,No,31,No,Yes,No,No,90,Braking,Wrong Side,Fixed-object,Front,1,1803,Off-peak,1.6,3.0,0,3,3,Moderate,High
PK-2024-02078,2024-07-03,12:44,Punjab,Bahawalpur,Rural,31.0805,72.952,Cloudy,977,43.3,13.6,Street-lit,Dry,Dirt,2,80,Gentle,Flat,Physical,Yes,1,Motorcycle,9.2,Yes,35,No,Not Applicable,No,No,100,Braking,Animal Crossing,Pedestrian,Rear,1,1055,Peak,5.8,18.8,0,1,3,Moderate,Medium
PK-2024-02079,2024-07-08,17:05,Sindh,Larkana,Highway,24.2789,66.5622,Cloudy,20,23.0,1.3,Tunnel,Dry,Dirt,2,30,Gentle,Downhill,None,Yes,2,Car;Truck,12.3,No,52,No,No,Yes,No,35,Braking,Signal Violation,Rear-end,Front,2,1252,Off-peak,12.7,21.7,0,0,0,Minor,Low
PK-2024-02080,2024-09-24,19:37,KPK,Swat,Highway,33.0132,71.4459,Clear,1083,37.0,8.6,Street-lit,Dry,Gravel,4,100,Straight,Downhill,Painted,Yes,3,Car;Car;Truck,3.8,No,22,No,Yes,No,No,115,Braking,Speeding,Side-swipe,Front,3,1914,Peak,0.5,3.0,0,2,2,Moderate,Medium
PK-2024-02081,2024-01-18,03:30,Sindh,Larkana,Rural,25.0358,69.0162,Rain,167,21.8,5.6,Tunnel,Dry,Asphalt,2,50,Straight,Downhill,Physical,No,3,Motorcycle;Car;Car,16.5,No,32,Yes,Yes,No,No,80,None,Drunk Driving,Rear-end,Side,1,889,Peak,23.9,34.1,0,0,2,Moderate,Medium
PK-2024-02082,2024-07-19,14:11,Punjab,Multan,Highway,32.4255,74.6823,Dust Storm,136,34.5,31.1,Daylight,Dry,Asphalt,2,50,Gentle,Downhill,Painted,Yes,3,Bus;Bicycle;Motorcycle,5.5,No,29,No,Not Applicable,No,No,65,Braking,Mobile Phone,Rear-end,Front,1,1092,Off-peak,2.2,10.9,0,1,2,Moderate,Medium
PK-2024-02083,2024-02-07,11:30,Punjab,Multan,Urban,31.5751,72.7936,Clear,716,39.2,10.2,Street-lit,Dry,Asphalt,2,80,Straight,Uphill,Physical,Yes,2,Truck;Bicycle,19.0,No,46,Partial,Yes,No,Unknown,95,Swerving,Mobile Phone,Rear-end,Rear,2,1024,Peak,14.4,24.8,0,0,0,Minor,Low
PK-2024-02084,2024-10-18,13:59,Islamabad,Islamabad,Urban,33.5783,73.1506,Fog,166,21.0,17.2,Street-lit,Potholed,Dirt,2,50,Hairpin,Flat,Physical,No,1,Bus,2.9,No,48,Yes,Not Applicable,No,No,50,None,Human Error,Pedestrian,Front,1,1117,Peak,42.2,58.6,0,2,2,Severe,High
PK-2024-02085,2024-07-20,04:45,Sindh,Larkana,Residential,25.1573,67.254,Clear,20,28.2,0.8,Street-lit,Dry,Asphalt,4,60,Straight,Uphill,None,Yes,2,Motorcycle;Car,15.6,No,23,No,Yes,No,No,75,Braking,Overloading,Head-on,Roof,1,1838,Peak,30.5,42.2,0,1,1,Minor,Medium
PK-2024-02086,2024-10-02,12:26,Punjab,Multan,Residential,30.9341,73.0435,Clear,538,32.2,25.5,Street-lit,Dry,Gravel,1,40,Straight,Downhill,Painted,Yes,2,Bus;Car,9.2,No,27,Yes,Yes,No,No,60,Swerving,Speeding,Rear-end,Front,1,1241,Off-peak,5.5,12.0,0,0,1,Minor,Low
PK-2024-02087,2024-12-12,03:26,Punjab,Gujranwala,Urban,31.4366,73.2884,Clear,112,30.3,4.8,Dawn-Dusk,Icy,Asphalt,2,40,Sharp,Uphill,Physical,Yes,3,Motorcycle;Auto-rickshaw;Truck,8.2,No,43,Partial,No,No,No,55,None,Human Error,Rear-end,Front,1,1577,Peak,7.3,16.5,0,1,2,Minor,Medium
PK-2024-02088,2024-11-06,05:57,Punjab,Lahore,Urban,30.14,72.3173,Clear,424,21.8,0.9,Street-lit,Wet,Concrete,2,60,Sharp,Flat,Painted,No,2,Motorcycle;Motorcycle,6.5,No,36,Partial,Not Applicable,No,No,65,Swerving,Mobile Phone,Side-swipe,Rear,1,1949,Off-peak,0.5,10.6,0,0,1,Minor,Low
PK-2024-02089,2024-05-24,14:55,Islamabad,Islamabad,Urban,32.9702,72.1754,Clear,637,50.0,4.9,Daylight,Dry,Asphalt,2,60,Straight,Downhill,None,Yes,3,Motorcycle;Motorcycle;Motorcycle,12.5,No,45,Yes,No,No,No,80,Swerving,Human Error,Side-swipe,Front,1,1787,Peak,13.7,29.7,0,0,1,Minor,Low
PK-2024-02090,2024-01-03,16:53,Punjab,Rawalpindi,Urban,30.1433,73.533,Fog,1161,26.4,11.0,Street-lit,Potholed,Asphalt,3,80,Gentle,Downhill,Physical,No,2,Motorcycle;Car,5.2,No,30,No,Yes,No,No,110,Swerving,Animal Crossing,Side-swipe,Front,2,86,Off-peak,8.0,17.8,0,3,3,Severe,High
PK-2024-02091,2024-02-01,04:42,Balochistan,Quetta,Rural,30.1386,67.0412,Clear,607,36.6,71.6,Daylight,Wet,Asphalt,2,50,Gentle,Downhill,Physical,No,3,Motorcycle;Motorcycle;Car,9.9,No,49,No,No,No,No,55,Braking,Mobile Phone,Rollover,Front,2,1098,Peak,17.7,22.9,0,0,2,Minor,Medium
PK-2024-02092,2024-06-03,11:23,Punjab,Sialkot,Urban,30.3849,74.7727,Fog,88,22.2,8.0,Street-lit,Wet,Asphalt,2,50,Hairpin,Flat,Physical,Yes,3,Car;Car;Bus,11.2,No,21,Yes,No,No,No,80,Swerving,Mobile Phone,Rear-end,Front,1,152,Off-peak,18.9,28.6,1,2,3,Severe,High
PK-2024-02093,2024-06-17,11:21,Punjab,Multan,Rural,30.483,73.9543,Fog,88,16.7,17.8,Street-lit,Wet,Concrete,2,40,Straight,Flat,Painted,Yes,3,Motorcycle;Truck;Car,11.1,No,19,Yes,Not Applicable,No,No,45,None,Weather,Rear-end,Side,1,84,Off-peak,4.3,12.5,0,2,2,Minor,Medium
PK-2024-02094,2024-09-17,03:27,Balochistan,Turbat,Rural,28.7194,66.0628,Fog,228,31.9,22.5,Street-lit,Muddy,Asphalt,2,60,Gentle,Uphill,None,Yes,3,Motorcycle;Auto-rickshaw;Bus,4.3,No,39,Yes,Not Applicable,No,No,70,Braking,Human Error,Rollover,Rear,2,1310,Peak,5.7,16.5,3,3,1,Total,Critical
PK-2024-02095,2024-08-27,06:48,Balochistan,Quetta,Urban,28.8498,67.0008,Dust Storm,179,33.4,9.0,Daylight,Icy,Asphalt,4,110,Straight,Uphill,None,No,5,Bus;Bus;Car;Car;Car,10.6,No,16,Yes,Not Applicable,No,No,120,None,Human Error,Rollover,Roof,1,627,Off-peak,16.3,23.1,1,3,2,Severe,Critical
PK-2024-02096,2024-01-16,09:58,Punjab,Gujranwala,Residential,29.9971,72.2182,Haze,222,33.0,13.2,Daylight,Potholed,Asphalt,3,80,Straight,Uphill,Painted,No,3,Motorcycle;Car;Car,16.0,No,73,Yes,Yes,No,No,70,Swerving,Mobile Phone,Head-on,Front,1,1877,Peak,3.9,9.5,0,2,2,Moderate,Medium
PK-2024-02097,2024-11-08,07:58,KPK,Dera Ismail Khan,Residential,33.9831,71.9724,Haze,501,15.6,0.3,Daylight,Dry,Asphalt,2,40,Gentle,Flat,Painted,No,2,Car;Car,4.6,No,46,Yes,No,No,No,55,Braking,Speeding,Side-swipe,Side,2,660,Peak,26.6,38.2,0,0,0,None,Low
PK-2024-02098,2024-05-09,14:08,Sindh,Karachi,Rural,26.2923,67.1652,Clear,237,32.6,4.2,Daylight,Potholed,Asphalt,2,50,Gentle,Flat,None,Yes,4,Motorcycle;Motorcycle;Bus;Auto-rickshaw,9.9,Yes,45,Yes,Not Applicable,No,No,40,None,Human Error,Head-on,Rear,2,722,Off-peak,4.0,9.6,0,1,1,Minor,Medium
PK-2024-02099,2024-01-24,03:38,Punjab,Rawalpindi,Residential,30.0524,72.7392,Clear,20,23.5,5.5,Daylight,Dry,Dirt,2,40,Gentle,Flat,None,Yes,1,Truck,3.0,Yes,23,No,Not Applicable,No,Unknown,55,Braking,Drunk Driving,Head-on,Rear,2,1041,Off-peak,2.8,8.2,0,1,2,Minor,Medium
PK-2024-02100,2024-12-01,13:01,KPK,Peshawar,Rural,33.9115,72.756,Clear,783,17.5,41.8,Unlit,Flooding,Asphalt,2,50,Straight,Uphill,Painted,Yes,2,Motorcycle;Car,17.3,No,41,Yes,Not Applicable,Yes,Unknown,55,Braking,Speeding,Rollover,Front,3,110,Peak,17.9,25.6,3,3,3,Total,Critical
PK-2024-02101,2024-06-26,15:26,KPK,Mardan,Highway,32.4114,70.0902,Cloudy,84,26.5,10.3,Daylight,Muddy,Dirt,2,50,Sharp,Flat,Physical,Yes,2,Bicycle;Car,6.0,No,46,No,No,No,Yes,60,Swerving,Overloading,Rear-end,Front,1,1071,Peak,23.4,30.3,0,2,3,Moderate,High
PK-2024-02102,2024-08-03,09:11,KPK,Peshawar,Urban,32.7664,72.9061,Heavy Rain,27,30.3,0.0,Daylight,Construction,Asphalt,2,60,Gentle,Downhill,Painted,Yes,2,Motorcycle;Car,5.7,No,36,No,Yes,No,No,60,None,Speeding,Fixed-object,Rear,1,565,Off-peak,2.2,10.9,1,3,2,Severe,High
PK-2024-02103,2024-08-07,00:37,Sindh,Karachi,Rural,24.0153,68.3578,Clear,122,32.3,3.6,Tunnel,Muddy,Asphalt,4,60,Straight,Flat,Painted,No,3,Motorcycle;Motorcycle;Motorcycle,2.4,No,30,No,Yes,No,No,65,None,Human Error,Pedestrian,Rear,1,1158,Off-peak,1.9,3.3,0,1,2,Minor,Medium
PK-2024-02104,2024-02-09,10:00,Punjab,Rawalpindi,Highway,31.4295,74.7611,Clear,20,25.6,2.0,Daylight,Construction,Asphalt,2,100,Straight,Flat,Physical,Yes,3,Motorcycle;Truck;Motorcycle,10.5,No,41,Yes,Yes,No,No,110,Swerving,Animal Crossing,Multi-vehicle pileup,Roof,1,973,Peak,10.0,18.9,0,1,4,Severe,High
PK-2024-02105,2024-03-01,06:52,Sindh,Hyderabad,Highway,26.8126,69.4448,Rain,119,21.8,34.0,Daylight,Potholed,Asphalt,4,100,Straight,Flat,Painted,No,3,Bus;Motorcycle;Bicycle,19.2,No,23,Yes,Partial,No,Unknown,130,None,Signal Violation,Head-on,Side,2,478,Peak,56.5,72.3,2,4,1,Total,Critical
PK-2024-02106,2024-06-04,18:42,Balochistan,Khuzdar,Urban,28.6081,66.7321,Cloudy,425,15.6,3.9,Street-lit,Muddy,Asphalt,2,60,Straight,Uphill,Physical,Yes,2,Car;Truck,10.6,Yes,37,No,Yes,No,No,65,Swerving,Mobile Phone,Rollover,Front,1,1904,Off-peak,1.4,6.2,0,0,3,Moderate,Medium
PK-2024-02107,2024-07-17,02:48,Balochistan,Gwadar,Urban,30.171,65.5792,Fog,20,25.2,0.0,Unlit,Dry,Gravel,1,50,Gentle,Uphill,None,Yes,4,Bus;Car;Bus;Auto-rickshaw,16.4,No,27,No,Partial,No,Unknown,55,Braking,Speeding,Head-on,Front,2,1088,Off-peak,6.8,15.9,0,2,3,Severe,High
PK-2024-02108,2024-04-15,11:04,Sindh,Karachi,Urban,26.741,66.9083,Rain,148,50.0,10.1,Unlit,Potholed,Asphalt,3,110,Straight,Downhill,Painted,Yes,2,Car;Car,14.4,No,43,Yes,Yes,Yes,No,100,None,Mechanical Failure,Side-swipe,Front,2,1992,Peak,14.3,21.2,0,0,2,Moderate,Medium
PK-2024-02109,2024-12-23,09:10,KPK,Abbottabad,Urban,32.1614,70.7094,Rain,402,36.8,7.9,Street-lit,Dry,Asphalt,4,50,Hairpin,Downhill,Physical,No,5,Car;Car;Motorcycle;Bicycle;Motorcycle,13.6,No,16,Yes,No,No,No,60,Swerving,Weather,Rear-end,Front,1,1206,Off-peak,5.6,9.2,0,1,3,Minor,Medium
PK-2024-02110,2024-06-02,06:00,Islamabad,Islamabad,Urban,32.7646,71.9019,Haze,357,28.4,60.9,Unlit,Dry,Asphalt,4,80,Sharp,Uphill,Painted,Yes,3,Motorcycle;Motorcycle;Car,7.5,No,38,No,No,No,Unknown,75,None,Animal Crossing,Side-swipe,Front,1,1536,Off-peak,44.4,63.0,0,1,4,Moderate,High
PK-2024-02111,2024-01-24,21:22,Punjab,Faisalabad,Rural,31.7012,73.2527,Haze,898,30.1,0.9,Tunnel,Potholed,Asphalt,6,120,Straight,Flat,Physical,Yes,3,Car;Auto-rickshaw;Bicycle,17.3,No,45,Yes,No,No,No,135,Swerving,Speeding,Side-swipe,Front,1,257,Off-peak,1.1,6.3,0,1,2,Moderate,Medium
PK-2024-02112,2024-08-15,15:23,Islamabad,Islamabad,Urban,35.0068,73.7263,Haze,390,34.7,5.7,Daylight,Dry,Concrete,2,100,Gentle,Downhill,Painted,Yes,2,Auto-rickshaw;Motorcycle,9.6,No,55,No,Not Applicable,Yes,No,110,None,Weather,Side-swipe,Front,1,58,Off-peak,10.2,21.5,0,0,1,Minor,Low
PK-2024-02113,2024-07-28,19:43,Sindh,Sukkur,Residential,26.51,67.378,Haze,20,40.4,8.4,Tunnel,Potholed,Asphalt,4,60,Gentle,Flat,Physical,Yes,3,Auto-rickshaw;Motorcycle;Truck,14.2,No,28,No,Yes,No,No,100,None,Signal Violation,Rear-end,Front,2,109,Peak,0.5,5.2,2,2,3,Total,Critical
PK-2024-02114,2024-04-25,21:35,Punjab,Gujranwala,Rural,31.6917,74.9766,Haze,28,38.0,8.8,Daylight,Muddy,Asphalt,2,40,Straight,Uphill,Physical,Yes,2,Auto-rickshaw;Motorcycle,8.6,No,24,No,Yes,No,No,50,Braking,Signal Violation,Rollover,Front,1,918,Peak,19.9,28.1,1,3,3,Moderate,High
PK-2024-02115,2024-05-11,05:58,Islamabad,Islamabad,Rural,34.5663,71.9217,Cloudy,52,41.8,11.7,Daylight,Dry,Asphalt,2,40,Straight,Downhill,Physical,Yes,3,Motorcycle;Car;Car,6.4,No,36,Yes,Not Applicable,No,Unknown,45,None,Speeding,Head-on,Side,1,1568,Off-peak,11.6,16.7,0,0,2,Minor,Low
PK-2024-02116,2024-08-09,23:45,Punjab,Bahawalpur,Highway,30.0269,73.8795,Rain,171,28.6,0.1,Daylight,Muddy,Asphalt,2,40,Straight,Downhill,Physical,Yes,1,Bus,15.2,No,33,Yes,Yes,No,No,60,Braking,Drunk Driving,Rear-end,Front,1,440,Peak,32.6,42.8,0,1,3,Minor,Medium
PK-2024-02117,2024-06-10,11:48,Balochistan,Quetta,Urban,30.4756,66.0009,Cloudy,204,26.6,9.7,Street-lit,Icy,Asphalt,3,60,Straight,Flat,None,No,3,Bicycle;Car;Bus,17.8,No,37,No,Yes,No,No,100,None,Weather,Side-swipe,Side,2,499,Off-peak,3.4,7.9,1,3,2,Severe,High
PK-2024-02118,2024-02-11,02:01,Balochistan,Quetta,Highway,29.8313,66.6591,Clear,361,26.1,12.9,Street-lit,Muddy,Concrete,3,100,Gentle,Flat,None,Yes,1,Motorcycle,19.2,Yes,16,Partial,Yes,No,No,100,Braking,Mechanical Failure,Rear-end,Rear,2,141,Peak,6.5,16.9,0,1,4,Moderate,High
PK-2024-02119,2024-01-06,03:23,Punjab,Sargodha,Rural,32.1069,73.8372,Clear,914,23.2,14.3,Dawn-Dusk,Potholed,Gravel,3,40,Straight,Flat,Painted,No,3,Car;Motorcycle;Bus,12.1,No,16,Partial,No,No,No,70,None,Drunk Driving,Pedestrian,Front,2,1112,Off-peak,21.5,25.2,3,2,2,Severe,Critical
PK-2024-02120,2024-11-16,04:58,KPK,Peshawar,Urban,33.7611,72.4736,Clear,45,31.1,2.5,Dawn-Dusk,Construction,Asphalt,2,80,Hairpin,Flat,Painted,Yes,2,Bicycle;Bus,9.9,No,39,No,Not Applicable,No,No,90,Swerving,Weather,Head-on,Front,1,1523,Peak,0.5,6.7,1,2,2,Total,Critical
PK-2024-02121,2024-09-24,12:16,Sindh,Hyderabad,Rural,24.9862,68.4536,Clear,89,41.0,2.1,Daylight,Wet,Asphalt,2,110,Straight,Uphill,Painted,Yes,2,Motorcycle;Car,19.4,No,70,Partial,Yes,No,No,125,Swerving,Overloading,Side-swipe,Side,1,157,Off-peak,0.5,5.7,0,1,2,Moderate,Medium
PK-2024-02122,2024-06-01,14:47,Sindh,Sukkur,Urban,24.7327,69.2761,Cloudy,52,41.0,5.8,Daylight,Construction,Gravel,2,50,Sharp,Downhill,Physical,No,2,Motorcycle;Car,13.1,No,50,No,No,No,No,45,Braking,Weather,Head-on,Rear,2,248,Peak,13.0,11.1,0,1,1,Moderate,Medium
PK-2024-02123,2024-04-02,14:19,Punjab,Gujranwala,Residential,31.0549,73.4381,Cloudy,336,22.2,0.6,Street-lit,Construction,Asphalt,1,100,Hairpin,Downhill,Physical,No,3,Motorcycle;Motorcycle;Car,14.7,Yes,24,No,Partial,No,No,100,None,Signal Violation,Side-swipe,Front,1,1404,Peak,5.2,11.5,0,2,4,Severe,High
PK-2024-02124,2024-07-11,07:45,Sindh,Larkana,Rural,24.7543,67.972,Fog,127,28.2,78.9,Street-lit,Dry,Asphalt,4,40,Sharp,Uphill,Physical,Yes,3,Motorcycle;Car;Motorcycle,6.6,No,44,No,Yes,No,No,50,Braking,Mechanical Failure,Pedestrian,Side,1,1684,Peak,29.0,45.2,0,2,3,Severe,High
PK-2024-02125,2024-06-04,13:10,KPK,Abbottabad,Urban,33.0447,70.145,Fog,289,36.9,18.4,Unlit,Dry,Asphalt,3,30,Sharp,Flat,Painted,Yes,2,Bus;Truck,9.8,Yes,39,No,Not Applicable,No,No,40,Swerving,Speeding,Rear-end,Rear,2,1449,Peak,15.3,19.1,0,2,1,Moderate,Medium
PK-2024-02126,2024-06-02,18:22,Punjab,Lahore,Urban,32.0219,72.4018,Haze,284,26.7,1.5,Street-lit,Wet,Concrete,4,50,Straight,Flat,None,No,3,Car;Truck;Truck,9.1,No,16,No,Partial,No,No,60,Braking,Human Error,Multi-vehicle pileup,Front,1,1214,Peak,7.5,13.8,0,0,3,Minor,Medium
PK-2024-02127,2024-10-10,01:03,Punjab,Rawalpindi,Highway,30.6391,73.2904,Dust Storm,605,26.9,26.7,Dawn-Dusk,Wet,Dirt,1,50,Straight,Flat,Painted,No,2,Truck;Motorcycle,11.8,Yes,22,Yes,Not Applicable,No,No,50,Braking,Wrong Side,Rear-end,Side,1,1137,Off-peak,5.7,12.6,0,2,2,Moderate,Medium
PK-2024-02128,2024-09-06,20:33,Punjab,Lahore,Residential,29.6203,74.9638,Cloudy,27,33.8,1.7,Daylight,Wet,Concrete,6,50,Straight,Flat,Painted,No,3,Bus;Auto-rickshaw;Truck,7.3,No,52,Yes,No,No,No,60,Braking,Mechanical Failure,Rear-end,Front,2,1061,Off-peak,1.3,4.1,0,0,2,Minor,Low
PK-2024-02129,2024-11-02,19:31,Sindh,Karachi,Highway,25.0686,68.648,Clear,50,17.0,5.9,Dawn-Dusk,Dry,Gravel,3,100,Sharp,Flat,None,Yes,3,Bicycle;Auto-rickshaw;Motorcycle,15.3,No,57,Yes,Yes,No,Yes,100,None,Mobile Phone,Rollover,Roof,1,992,Peak,15.4,23.9,3,2,3,Total,Critical
PK-2024-02130,2024-02-15,07:47,Islamabad,Islamabad,Rural,33.6651,71.6919,Dust Storm,345,29.8,12.2,Daylight,Dry,Asphalt,3,80,Gentle,Flat,Physical,Yes,5,Motorcycle;Truck;Motorcycle;Car;Motorcycle,10.4,No,32,Yes,Not Applicable,No,No,95,Braking,Human Error,Head-on,Rear,1,1972,Peak,22.0,31.2,0,2,3,Severe,High
PK-2024-02131,2024-08-14,10:43,Punjab,Rawalpindi,Rural,32.2551,72.9435,Cloudy,44,39.2,1.9,Daylight,Potholed,Asphalt,2,30,Gentle,Downhill,Physical,Yes,2,Motorcycle;Motorcycle,17.3,Yes,36,Yes,No,No,No,25,None,Speeding,Rollover,Rear,1,360,Off-peak,13.7,22.7,0,1,3,Severe,High
PK-2024-02132,2024-05-13,16:50,KPK,Peshawar,Urban,32.0952,72.5929,Dust Storm,409,49.8,14.8,Daylight,Wet,Gravel,2,40,Straight,Flat,Physical,Yes,1,Motorcycle,18.3,No,46,No,No,No,No,70,Braking,Mobile Phone,Side-swipe,Side,1,564,Peak,3.3,11.1,0,0,1,Moderate,Medium