incident_id,date,time,province,district,road_type,latitude,longitude,weather,visibility_meters,temperature_c,wind_speed_kmh,lighting,road_condition,surface_material,number_of_lanes,speed_limit_kmh,road_curvature,road_gradient,median_type,shoulder_available,num_vehicles,vehicle_types,vehicle_avg_age_years,overloading_detected,driver_age,helmet_usage,seatbelt_usage,mobile_phone_suspected,alcohol_drug_suspected,speed_at_impact_kmh,evasive_action,accident_cause,collision_type,impact_point,num_collisions,traffic_volume_per_hour,peak_off_peak,distance_to_hospital_km,expected_response_min,fatalities,serious_injuries,minor_injuries,property_damage_level,severity
PK-2024-02207,2024-11-15,22:09,Punjab,Lahore,Residential,30.9028,73.413,Clear,457,36.4,3.5,Daylight,Wet,Asphalt,2,30,Gentle,Flat,Painted,Yes,3,Car;Motorcycle;Car,7.9,No,31,No,No,No,No,50,Swerving,Human Error,Rollover,Front,2,114,Peak,2.3,7.8,0,0,1,Minor,Low
PK-2024-02208,2024-10-25,13:55,Punjab,Rawalpindi,Urban,32.378,74.2887,Rain,330,29.0,4.9,Street-lit,Icy,Dirt,4,60,Straight,Downhill,Painted,Yes,3,Car;Truck;Car,4.0,No,40,Yes,Partial,No,No,60,Braking,Speeding,Rear-end,Front,1,980,Off-peak,39.6,53.9,0,0,2,Minor,Low
PK-2024-02209,2024-07-27,04:56,Punjab,Multan,Rural,30.8978,72.7592,Cloudy,205,7.3,25.0,Dawn-Dusk,Construction,Asphalt,1,50,Straight,Flat,Painted,No,3,Car;Car;Car,5.7,Yes,44,Yes,Yes,No,Unknown,60,Braking,Human Error,Fixed-object,Rear,3,1253,Peak,3.6,10.6,0,0,2,Minor,Low
PK-2024-02210,2024-11-07,20:46,KPK,Abbottabad,Rural,32.8836,71.5591,Clear,143,35.0,3.3,Unlit,Icy,Asphalt,2,110,Gentle,Flat,Physical,Yes,1,Motorcycle,19.8,Yes,36,Partial,Not Applicable,No,Unknown,110,None,Human Error,Head-on,Rear,1,395,Peak,42.0,55.3,2,4,3,Severe,Critical
PK-2024-02211,2024-11-27,05:29,Islamabad,Islamabad,Highway,32.5009,71.6562,Clear,259,50.0,10.0,Daylight,Flooding,Asphalt,2,80,Straight,Flat,Physical,Yes,2,Motorcycle;Bicycle,19.5,No,48,Partial,No,No,No,95,Swerving,Human Error,Multi-vehicle pileup,Side,2,464,Off-peak,23.9,36.8,1,3,3,Severe,Critical
PK-2024-02212,2024-05-22,11:49,Punjab,Multan,Urban,29.8085,72.6405,Clear,566,37.1,13.1,Unlit,Wet,Asphalt,2,110,Gentle,Uphill,None,Yes,4,Motorcycle;Motorcycle;Truck;Car,15.7,Yes,46,Yes,No,No,Unknown,110,Braking,Mobile Phone,Side-swipe,Roof,2,1007,Peak,0.5,6.0,0,1,1,Moderate,Medium
PK-2024-02213,2024-03-17,17:23,Punjab,Rawalpindi,Highway,32.0203,72.3262,Haze,127,31.2,10.0,Street-lit,Muddy,Asphalt,2,30,Gentle,Uphill,Painted,Yes,3,Bicycle;Motorcycle;Bus,18.0,No,39,Yes,Yes,No,No,50,None,Speeding,Head-on,Front,1,670,Off-peak,14.1,20.1,0,3,3,Severe,High
PK-2024-02214,2024-12-04,22:36,Sindh,Nawabshah,Residential,26.3745,69.483,Clear,132,39.8,15.8,Street-lit,Construction,Gravel,4,80,Sharp,Downhill,None,Yes,1,Motorcycle,8.4,No,24,Partial,Yes,No,No,100,Braking,Speeding,Rear-end,Front,1,799,Peak,3.6,9.7,1,3,4,Severe,High
PK-2024-02215,2024-06-01,08:12,Punjab,Bahawalpur,Urban,30.0179,74.3611,Rain,193,17.0,6.6,Daylight,Wet,Asphalt,2,40,Gentle,Downhill,Physical,Yes,2,Motorcycle;Auto-rickshaw,14.5,No,29,Partial,Yes,No,No,50,None,Mobile Phone,Rear-end,Front,1,437,Off-peak,15.4,23.3,0,0,1,Minor,Low
PK-2024-02216,2024-01-27,07:35,Sindh,Hyderabad,Highway,24.8757,66.9809,Rain,107,22.7,27.6,Street-lit,Dry,Concrete,4,40,Straight,Flat,Physical,No,2,Truck;Car,9.2,No,16,Yes,Not Applicable,No,Yes,60,None,Animal Crossing,Rollover,Rear,1,592,Off-peak,10.7,18.6,0,2,2,Moderate,High
PK-2024-02217,2024-12-07,23:07,Punjab,Sialkot,Urban,32.2575,72.6143,Clear,132,34.0,7.9,Dawn-Dusk,Wet,Concrete,3,60,Gentle,Uphill,Painted,No,3,Motorcycle;Motorcycle;Motorcycle,17.1,No,34,No,Yes,Yes,No,70,Braking,Human Error,Pedestrian,Side,2,466,Off-peak,5.6,10.5,0,2,2,Minor,Medium
PK-2024-02218,2024-05-14,18:34,KPK,Peshawar,Highway,33.8555,70.1548,Heavy Rain,851,38.4,22.4,Unlit,Dry,Asphalt,3,50,Gentle,Flat,Painted,Yes,2,Car;Car,13.3,No,37,Yes,Not Applicable,No,No,70,None,Wrong Side,Fixed-object,Rear,1,1260,Peak,13.0,19.9,0,0,1,Moderate,Medium
PK-2024-02219,2024-08-23,01:01,Punjab,Gujranwala,Residential,30.7234,72.152,Cloudy,20,22.2,4.4,Street-lit,Potholed,Dirt,4,60,Straight,Downhill,Physical,No,2,Bicycle;Truck,19.8,Yes,36,Yes,Yes,No,No,80,Braking,Weather,Multi-vehicle pileup,Front,1,634,Off-peak,16.0,24.0,1,2,4,Moderate,High
PK-2024-02220,2024-08-13,07:05,Sindh,Nawabshah,Urban,25.5346,67.7397,Clear,446,34.7,8.6,Unlit,Icy,Dirt,4,40,Straight,Uphill,None,Yes,5,Car;Car;Car;Auto-rickshaw;Motorcycle,5.8,No,16,Partial,Yes,Yes,No,50,Swerving,Human Error,Head-on,Side,1,1334,Off-peak,0.5,5.7,0,1,2,Moderate,Medium
PK-2024-02221,2024-01-17,21:43,Sindh,Larkana,Rural,26.012,68.2243,Cloudy,735,46.9,5.6,Dawn-Dusk,Dry,Asphalt,6,30,Sharp,Flat,Physical,Yes,2,Car;Bicycle,7.2,No,41,No,Partial,No,No,50,Braking,Overloading,Multi-vehicle pileup,Side,1,367,Off-peak,0.8,4.3,0,2,2,Minor,Medium
PK-2024-02222,2024-09-03,13:36,Punjab,Lahore,Urban,32.1266,74.7967,Clear,807,33.1,2.6,Street-lit,Dry,Asphalt,6,30,Gentle,Flat,Painted,Yes,2,Truck;Auto-rickshaw,2.8,Yes,28,No,Yes,No,No,25,None,Animal Crossing,Head-on,Rear,2,1108,Peak,2.5,9.2,0,0,1,Minor,Low
PK-2024-02223,2024-07-15,05:31,Punjab,Gujranwala,Urban,31.1143,72.4736,Clear,135,45.4,36.1,Daylight,Potholed,Concrete,2,40,Hairpin,Uphill,Physical,Yes,4,Motorcycle;Car;Auto-rickshaw;Car,10.3,No,34,Partial,Not Applicable,No,No,45,Braking,Overloading,Rear-end,Side,2,1704,Off-peak,72.7,90.0,0,0,0,None,Low
PK-2024-02224,2024-01-21,01:17,KPK,Peshawar,Rural,33.0991,70.7476,Heavy Rain,110,25.8,19.2,Daylight,Wet,Gravel,2,80,Gentle,Downhill,None,Yes,3,Car;Motorcycle;Motorcycle,10.6,No,39,No,Yes,No,Unknown,80,None,Mechanical Failure,Side-swipe,Front,1,1866,Off-peak,1.7,7.8,0,1,1,Minor,Medium
PK-2024-02225,2024-07-22,17:29,Punjab,Rawalpindi,Highway,30.2336,72.4944,Clear,55,34.4,2.2,Dawn-Dusk,Flooding,Asphalt,2,50,Hairpin,Flat,Physical,Yes,3,Motorcycle;Auto-rickshaw;Car,19.6,No,33,Yes,No,No,No,60,None,Human Error,Side-swipe,Front,2,1417,Peak,5.4,14.8,1,2,2,Severe,High
PK-2024-02226,2024-02-17,17:52,Punjab,Rawalpindi,Urban,30.6879,72.5635,Rain,908,28.7,4.1,Street-lit,Dry,Asphalt,4,120,Gentle,Uphill,Physical,No,4,Motorcycle;Car;Motorcycle;Truck,17.7,No,28,No,Yes,Yes,No,115,None,Signal Violation,Rear-end,Front,1,547,Peak,6.7,10.8,0,0,2,Moderate,Medium
PK-2024-02227,2024-11-23,00:12,Punjab,Sargodha,Rural,29.8964,73.39,Cloudy,196,31.3,4.0,Unlit,Wet,Gravel,2,80,Gentle,Uphill,None,No,2,Truck;Motorcycle,12.3,No,33,No,Yes,No,No,85,Braking,Signal Violation,Head-on,Side,1,1259,Peak,28.2,35.7,1,1,4,Moderate,High
PK-2024-02228,2024-04-25,19:43,Sindh,Nawabshah,Rural,26.2662,68.872,Rain,682,38.9,2.2,Daylight,Wet,Dirt,6,100,Hairpin,Uphill,Physical,Yes,2,Car;Motorcycle,11.3,No,35,No,No,No,No,130,Braking,Speeding,Pedestrian,Side,1,1457,Off-peak,1.7,6.4,1,2,3,Total,Critical
PK-2024-02229,2024-10-24,05:04,Sindh,Sukkur,Rural,25.3845,69.2514,Rain,59,43.5,19.3,Street-lit,Muddy,Asphalt,6,110,Straight,Uphill,Physical,Yes,2,Motorcycle;Bus,16.1,No,34,Yes,No,Yes,No,110,Braking,Signal Violation,Head-on,Front,1,385,Off-peak,27.0,38.9,1,4,1,Total,Critical
PK-2024-02230,2024-03-16,21:20,KPK,Swat,Urban,34.7759,72.0809,Dust Storm,298,44.4,23.6,Dawn-Dusk,Potholed,Dirt,2,60,Sharp,Downhill,Painted,Yes,3,Car;Motorcycle;Car,10.9,No,25,No,Not Applicable,No,No,60,Braking,Mechanical Failure,Pedestrian,Rear,1,63,Off-peak,5.5,3.0,0,2,4,Severe,High
PK-2024-02231,2024-07-13,20:32,Punjab,Faisalabad,Urban,32.0576,74.2058,Fog,20,27.0,22.2,Tunnel,Wet,Asphalt,6,80,Sharp,Flat,Physical,Yes,3,Motorcycle;Car;Motorcycle,2.3,No,33,Partial,Partial,No,No,85,Braking,Human Error,Rollover,Front,3,793,Off-peak,3.5,8.3,1,2,3,Total,Critical
PK-2024-02232,2024-01-09,01:50,Sindh,Sukkur,Rural,26.1047,67.2203,Haze,106,21.4,18.3,Daylight,Flooding,Dirt,2,60,Straight,Downhill,Physical,No,4,Car;Auto-rickshaw;Motorcycle;Truck,6.2,No,16,No,Yes,No,No,90,Braking,Speeding,Fixed-object,Side,2,438,Off-peak,5.9,14.7,3,3,3,Severe,Critical
PK-2024-02233,2024-07-27,01:52,Sindh,Karachi,Residential,25.2891,68.2262,Heavy Rain,158,22.5,1.6,Dawn-Dusk,Wet,Asphalt,1,50,Sharp,Flat,Painted,Yes,5,Car;Car;Motorcycle;Auto-rickshaw;Bicycle,3.1,No,28,Partial,Partial,No,No,60,None,Speeding,Head-on,Rear,3,212,Peak,1.2,6.0,2,3,1,Severe,Critical
PK-2024-02234,2024-01-15,12:01,Punjab,Sargodha,Rural,30.5844,72.3737,Clear,207,11.6,69.5,Daylight,Dry,Asphalt,2,30,Sharp,Flat,None,No,5,Truck;Motorcycle;Motorcycle;Auto-rickshaw;Bus,5.8,No,44,Partial,No,No,No,45,Braking,Signal Violation,Rear-end,Side,1,1915,Peak,2.4,8.2,0,0,0,Minor,Low
PK-2024-02235,2024-05-04,13:28,Punjab,Faisalabad,Rural,31.0492,73.1749,Fog,623,23.4,5.3,Daylight,Construction,Asphalt,6,60,Straight,Uphill,Physical,Yes,3,Bus;Motorcycle;Car,13.2,No,19,Yes,Partial,No,No,50,None,Human Error,Rollover,Roof,1,1423,Off-peak,8.7,6.5,0,2,3,Severe,High
PK-2024-02236,2024-09-19,08:03,Punjab,Lahore,Rural,32.1186,72.8461,Clear,162,20.0,17.2,Dawn-Dusk,Wet,Concrete,4,50,Straight,Flat,Painted,Yes,2,Car;Truck,16.6,Yes,45,Yes,Partial,No,No,55,Swerving,Human Error,Rollover,Front,1,1642,Off-peak,4.0,3.0,0,1,3,Moderate,Medium
PK-2024-02237,2024-09-10,03:09,KPK,Peshawar,Rural,33.2126,70.2068,Cloudy,371,18.7,5.6,Street-lit,Wet,Concrete,2,60,Straight,Uphill,Physical,Yes,3,Motorcycle;Car;Auto-rickshaw,7.6,No,23,No,Yes,No,No,90,None,Speeding,Rollover,Front,1,1156,Off-peak,30.3,44.9,1,3,1,Total,Critical
PK-2024-02238,2024-08-26,16:08,Sindh,Karachi,Rural,25.7254,66.6879,Fog,63,41.3,3.9,Daylight,Dry,Asphalt,2,50,Hairpin,Uphill,Physical,No,1,Car,6.6,No,44,Yes,Yes,No,No,65,Swerving,Mobile Phone,Head-on,Side,3,889,Peak,13.6,22.8,0,0,1,Minor,Medium
PK-2024-02239,2024-09-19,03:29,Sindh,Sukkur,Rural,25.1335,67.5171,Rain,78,35.2,3.3,Street-lit,Flooding,Dirt,2,30,Sharp,Downhill,None,Yes,2,Motorcycle;Motorcycle,4.9,No,30,Partial,Yes,No,No,40,Braking,Overloading,Rear-end,Rear,1,1926,Off-peak,1.7,12.3,0,1,3,Moderate,Medium
PK-2024-02240,2024-04-18,01:53,Punjab,Multan,Urban,31.6232,72.6423,Clear,303,21.6,0.4,Daylight,Construction,Concrete,2,60,Sharp,Flat,None,Yes,5,Motorcycle;Car;Bus;Auto-rickshaw;Truck,3.1,No,29,Partial,Yes,No,No,75,Braking,Signal Violation,Rear-end,Rear,2,631,Off-peak,23.8,33.4,0,0,1,None,Low
PK-2024-02241,2024-02-28,02:49,Punjab,Multan,Rural,30.0913,73.7215,Heavy Rain,202,23.6,19.2,Tunnel,Wet,Asphalt,1,50,Gentle,Flat,Physical,No,2,Motorcycle;Car,15.9,No,24,No,Yes,Yes,No,50,Swerving,Human Error,Multi-vehicle pileup,Rear,1,409,Off-peak,16.8,21.0,2,3,2,Total,Critical
PK-2024-02242,2024-08-09,22:57,Punjab,Multan,Rural,32.358,74.7579,Clear,35,40.9,3.9,Street-lit,Construction,Asphalt,2,80,Hairpin,Flat,Physical,No,3,Truck;Car;Motorcycle,3.0,Yes,16,Partial,No,No,No,95,Swerving,Weather,Head-on,Front,1,62,Peak,2.7,6.7,1,3,2,Severe,Critical
PK-2024-02243,2024-06-05,04:12,Punjab,Lahore,Rural,31.0887,72.7992,Cloudy,186,26.1,38.9,Daylight,Dry,Asphalt,2,60,Sharp,Flat,Physical,Yes,2,Car;Bus,10.7,Yes,32,Yes,Not Applicable,No,Unknown,60,None,Animal Crossing,Multi-vehicle pileup,Front,3,1335,Off-peak,6.2,16.5,0,2,4,Severe,High
PK-2024-02244,2024-11-09,19:25,Punjab,Sialkot,Highway,31.9163,73.3925,Clear,627,33.1,5.1,Street-lit,Wet,Asphalt,2,110,Gentle,Flat,None,Yes,3,Truck;Bus;Bicycle,2.7,No,40,Yes,Yes,No,No,120,Swerving,Signal Violation,Fixed-object,Side,1,1829,Peak,0.9,8.5,0,1,2,Minor,Medium
PK-2024-02245,2024-03-16,04:43,Punjab,Multan,Highway,31.6609,74.0746,Clear,797,22.0,38.3,Unlit,Dry,Asphalt,2,40,Straight,Downhill,Physical,No,3,Car;Auto-rickshaw;Auto-rickshaw,12.3,No,29,Partial,Partial,Yes,No,40,Swerving,Speeding,Rear-end,Side,1,1658,Peak,8.8,12.8,0,0,0,Minor,Low
PK-2024-02246,2024-07-22,09:51,Balochistan,Turbat,Urban,28.5445,65.3687,Haze,33,23.7,0.3,Street-lit,Potholed,Asphalt,4,120,Gentle,Flat,Physical,No,2,Motorcycle;Truck,6.9,No,42,No,No,Yes,No,150,Swerving,Speeding,Head-on,Front,1,1065,Off-peak,9.1,17.3,3,2,1,Total,Critical
PK-2024-02247,2024-10-13,21:06,Sindh,Hyderabad,Rural,25.2202,67.0606,Cloudy,272,23.4,0.1,Street-lit,Dry,Asphalt,2,80,Gentle,Flat,Physical,Yes,2,Motorcycle;Bicycle,13.4,No,39,Yes,No,No,No,120,None,Weather,Pedestrian,Front,2,1796,Off-peak,13.6,21.1,2,4,2,Total,Critical
PK-2024-02248,2024-06-15,22:20,KPK,Peshawar,Rural,33.7332,72.9686,Clear,77,31.9,7.4,Dawn-Dusk,Dry,Concrete,2,40,Straight,Flat,Painted,No,2,Car;Truck,10.1,No,33,Yes,Yes,No,Unknown,40,Swerving,Wrong Side,Side-swipe,Side,1,693,Peak,19.4,22.9,0,0,0,None,Low
PK-2024-02249,2024-09-24,17:04,Balochistan,Quetta,Urban,27.8989,67.7519,Rain,232,50.0,3.0,Daylight,Dry,Asphalt,2,60,Straight,Flat,Painted,Yes,1,Auto-rickshaw,19.7,No,34,Yes,Yes,No,No,50,Braking,Speeding,Rear-end,Front,1,1372,Off-peak,6.1,14.2,0,0,1,None,Low
PK-2024-02250,2024-05-16,11:28,Punjab,Sargodha,Rural,31.4241,73.1144,Clear,348,39.7,24.4,Unlit,Wet,Asphalt,2,50,Sharp,Uphill,None,Yes,2,Auto-rickshaw;Car,7.5,No,20,Yes,Not Applicable,No,No,60,Swerving,Speeding,Multi-vehicle pileup,Side,2,1396,Peak,7.4,15.2,0,0,3,Moderate,Medium
PK-2024-02251,2024-06-18,16:22,Punjab,Gujranwala,Residential,30.3488,73.0578,Clear,43,31.7,9.8,Daylight,Flooding,Asphalt,2,40,Gentle,Uphill,None,Yes,1,Motorcycle,14.3,Yes,26,Partial,No,No,No,45,Braking,Human Error,Fixed-object,Front,2,859,Off-peak,11.7,19.9,0,0,2,Moderate,Medium
PK-2024-02252,2024-03-25,02:30,Punjab,Faisalabad,Highway,32.2625,72.1485,Fog,341,29.3,5.4,Daylight,Flooding,Gravel,4,50,Hairpin,Downhill,Painted,Yes,1,Car,15.9,Yes,33,No,Not Applicable,No,No,90,None,Overloading,Pedestrian,Side,1,1152,Peak,9.9,14.2,2,2,1,Severe,Critical
PK-2024-02253,2024-12-18,02:22,Punjab,Bahawalpur,Residential,30.8001,74.4107,Dust Storm,161,46.0,22.0,Street-lit,Muddy,Asphalt,4,50,Straight,Flat,Physical,Yes,3,Car;Car;Truck,16.2,No,27,Yes,Not Applicable,No,Unknown,50,Braking,Drunk Driving,Rear-end,Side,3,1367,Peak,45.9,57.3,0,1,2,Severe,High
PK-2024-02254,2024-09-22,14:11,Balochistan,Turbat,Residential,29.6739,67.136,Cloudy,321,16.1,7.2,Street-lit,Dry,Asphalt,1,110,Straight,Flat,None,No,2,Truck;Car,3.3,No,42,Yes,Yes,No,Unknown,125,Swerving,Human Error,Side-swipe,Rear,2,185,Peak,6.9,13.6,0,0,1,Minor,Low
PK-2024-02255,2024-12-15,23:44,Islamabad,Islamabad,Rural,34.3219,72.8939,Dust Storm,86,40.3,0.7,Unlit,Dry,Asphalt,4,60,Sharp,Uphill,None,Yes,1,Car,5.5,No,17,Partial,No,No,No,60,Braking,Overloading,Side-swipe,Rear,2,492,Off-peak,23.6,26.7,0,2,2,Severe,High
PK-2024-02256,2024-10-28,22:10,KPK,Mardan,Rural,33.3234,71.0506,Clear,124,45.0,10.7,Daylight,Wet,Asphalt,2,40,Sharp,Downhill,Physical,No,3,Car;Bus;Auto-rickshaw,12.3,No,25,Yes,No,No,No,55,None,Mechanical Failure,Rollover,Rear,1,1185,Off-peak,5.0,9.7,0,0,3,Minor,Medium
PK-2024-02257,2024-11-19,11:09,Sindh,Karachi,Highway,26.28,67.2008,Cloudy,410,33.8,2.7,Unlit,Potholed,Asphalt,4,40,Gentle,Flat,Painted,No,2,Motorcycle;Car,16.9,No,20,Yes,Yes,No,No,40,Braking,Speeding,Head-on,Front,3,1323,Off-peak,8.5,19.8,0,0,1,Minor,Medium
PK-2024-02258,2024-02-16,16:32,KPK,Peshawar,Urban,33.3463,72.2665,Haze,426,26.6,3.0,Street-lit,Wet,Concrete,2,40,Straight,Flat,None,Yes,4,Bus;Truck;Motorcycle;Car,5.9,No,44,No,Partial,No,No,60,Braking,Speeding,Rear-end,Front,1,549,Peak,5.5,9.4,0,0,1,None,Low
PK-2024-02259,2024-08-25,17:00,KPK,Swat,Highway,33.2014,70.2864,Cloudy,246,31.1,2.0,Daylight,Potholed,Asphalt,3,60,Straight,Flat,Physical,No,3,Motorcycle;Truck;Truck,10.3,No,55,No,Yes,Yes,Yes,60,Swerving,Human Error,Head-on,Front,1,1680,Off-peak,11.5,22.3,0,0,3,Moderate,Medium
PK-2024-02260,2024-10-19,00:12,KPK,Abbottabad,Urban,32.4401,72.4085,Clear,82,36.7,12.4,Daylight,Wet,Asphalt,4,40,Gentle,Flat,Physical,No,3,Car;Motorcycle;Bus,4.8,No,50,No,Partial,No,No,45,Swerving,Signal Violation,Fixed-object,Rear,1,1824,Peak,15.7,17.5,0,0,0,Minor,Low
PK-2024-02261,2024-01-18,17:08,Sindh,Nawabshah,Urban,25.5699,66.6471,Cloudy,260,32.0,9.8,Daylight,Dry,Dirt,1,80,Straight,Flat,Physical,Yes,2,Motorcycle;Auto-rickshaw,6.4,Yes,16,No,Yes,No,No,90,Braking,Mobile Phone,Side-swipe,Front,1,1003,Peak,2.9,9.5,0,0,1,Minor,Low
PK-2024-02262,2024-06-18,16:14,Sindh,Nawabshah,Rural,26.5524,66.7901,Heavy Rain,288,41.5,7.6,Daylight,Flooding,Gravel,4,50,Sharp,Flat,Painted,No,4,Car;Motorcycle;Bicycle;Motorcycle,7.2,No,61,Yes,Not Applicable,Yes,No,50,Swerving,Speeding,Fixed-object,Side,2,1433,Off-peak,2.2,10.6,1,3,3,Total,Critical
PK-2024-02263,2024-04-12,17:06,KPK,Swat,Rural,34.1337,71.7641,Rain,1253,24.5,20.5,Street-lit,Muddy,Asphalt,6,30,Gentle,Flat,Physical,Yes,3,Car;Motorcycle;Truck,8.6,No,38,No,Not Applicable,No,Unknown,45,Swerving,Wrong Side,Head-on,Roof,2,1074,Off-peak,6.6,12.6,0,3,2,Severe,High
PK-2024-02264,2024-03-24,17:19,Punjab,Sargodha,Rural,29.9293,72.081,Haze,203,28.3,32.5,Daylight,Wet,Concrete,4,50,Hairpin,Flat,Physical,Yes,2,Motorcycle;Auto-rickshaw,5.5,No,27,Yes,Not Applicable,No,No,50,Braking,Speeding,Head-on,Side,1,1366,Peak,20.6,35.6,0,0,3,Moderate,Medium
PK-2024-02265,2024-06-19,16:25,Islamabad,Islamabad,Urban,32.3353,74.0786,Clear,132,26.9,20.7,Daylight,Muddy,Concrete,2,110,Straight,Downhill,Painted,Yes,5,Motorcycle;Motorcycle;Motorcycle;Motorcycle;Motorcycle,18.4,Yes,16,Partial,Yes,No,No,110,Swerving,Wrong Side,Side-swipe,Front,2,743,Off-peak,7.5,14.0,0,3,2,Severe,High
PK-2024-02266,2024-09-23,12:59,Punjab,Sargodha,Urban,30.61,72.6703,Dust Storm,147,35.0,0.5,Tunnel,Dry,Asphalt,3,100,Straight,Uphill,None,No,4,Car;Car;Auto-rickshaw;Car,8.8,No,46,No,No,No,No,100,Braking,Speeding,Fixed-object,Side,1,368,Peak,9.6,16.6,2,3,3,Total,Critical
PK-2024-02267,2024-12-14,12:00,Sindh,Karachi,Residential,25.2484,68.0173,Clear,326,24.9,23.4,Daylight,Muddy,Gravel,2,80,Hairpin,Uphill,Painted,Yes,1,Auto-rickshaw,13.0,No,45,Partial,Yes,No,No,90,Swerving,Weather,Head-on,Front,2,1706,Off-peak,11.5,19.5,1,1,4,Moderate,High
PK-2024-02268,2024-08-26,13:54,Punjab,Lahore,Rural,29.5621,74.3101,Clear,346,37.6,3.6,Unlit,Dry,Asphalt,3,50,Straight,Downhill,Physical,No,3,Car;Motorcycle;Car,5.7,Yes,16,Partial,No,No,No,55,Braking,Wrong Side,Rollover,Front,1,129,Peak,15.7,25.8,1,2,4,Moderate,High
PK-2024-02269,2024-04-12,10:54,Punjab,Lahore,Urban,32.1268,74.1659,Dust Storm,417,27.8,4.2,Unlit,Potholed,Concrete,3,30,Straight,Uphill,Painted,Yes,2,Car;Motorcycle,5.3,No,25,No,Yes,No,No,50,Braking,Speeding,Side-swipe,Front,1,1945,Off-peak,7.3,11.9,0,2,4,Severe,High
PK-2024-02270,2024-11-04,18:28,Punjab,Faisalabad,Urban,32.128,74.0357,Haze,713,22.6,14.2,Unlit,Wet,Asphalt,6,60,Gentle,Downhill,Physical,No,3,Auto-rickshaw;Car;Motorcycle,9.9,Yes,32,No,Not Applicable,No,No,70,Braking,Speeding,Pedestrian,Rear,2,533,Off-peak,4.3,9.8,1,2,4,Severe,High
PK-2024-02271,2024-02-05,09:59,Islamabad,Islamabad,Highway,32.591,72.7625,Dust Storm,469,28.9,8.1,Daylight,Flooding,Asphalt,2,110,Gentle,Flat,None,No,1,Auto-rickshaw,18.6,No,39,Yes,No,No,No,125,Braking,Human Error,Head-on,Front,1,1395,Peak,14.4,24.9,3,4,1,Severe,Critical
PK-2024-02272,2024-11-10,16:45,KPK,Swat,Highway,34.5975,71.9171,Fog,123,22.7,36.2,Dawn-Dusk,Flooding,Asphalt,2,100,Straight,Flat,Physical,Yes,3,Car;Truck;Motorcycle,12.3,No,48,Yes,Yes,No,No,140,Braking,Wrong Side,Rollover,Front,1,1452,Off-peak,21.6,29.6,3,3,1,Total,Critical
PK-2024-02273,2024-07-12,10:43,Punjab,Lahore,Residential,32.3878,73.992,Cloudy,29,30.4,62.1,Street-lit,Wet,Asphalt,4,110,Straight,Flat,Painted,No,2,Motorcycle;Motorcycle,10.7,No,41,Partial,Yes,No,Unknown,120,Braking,Speeding,Side-swipe,Rear,3,563,Off-peak,3.5,5.3,0,1,1,Minor,Medium
PK-2024-02274,2024-01-02,06:51,Sindh,Sukkur,Urban,24.4017,67.6605,Clear,319,30.0,2.4,Dawn-Dusk,Dry,Gravel,6,40,Hairpin,Flat,Physical,No,2,Truck;Motorcycle,8.8,Yes,21,Yes,No,No,Unknown,35,Swerving,Overloading,Side-swipe,Roof,1,985,Off-peak,22.6,31.4,0,0,1,Minor,Low
PK-2024-02275,2024-03-11,21:55,Balochistan,Quetta,Rural,27.9147,66.0958,Clear,208,31.6,2.4,Daylight,Wet,Concrete,2,110,Sharp,Uphill,Painted,No,3,Car;Car;Motorcycle,13.4,Yes,35,No,Yes,No,No,120,Braking,Speeding,Head-on,Rear,2,1090,Off-peak,9.9,18.5,3,4,1,Severe,Critical
PK-2024-02276,2024-06-25,19:56,Sindh,Hyderabad,Residential,26.2803,68.6967,Clear,793,37.2,7.2,Dawn-Dusk,Wet,Dirt,2,60,Straight,Downhill,Painted,Yes,3,Motorcycle;Bus;Auto-rickshaw,13.5,No,36,Yes,No,No,No,90,Braking,Human Error,Rear-end,Side,2,931,Peak,2.4,13.3,0,0,1,Minor,Low
PK-2024-02277,2024-11-15,20:47,Sindh,Karachi,Urban,26.7841,68.6569,Clear,878,34.4,9.1,Street-lit,Wet,Concrete,3,60,Gentle,Flat,Physical,Yes,2,Car;Bus,4.7,No,22,No,Not Applicable,Yes,No,65,None,Animal Crossing,Rollover,Front,1,381,Peak,1.4,3.0,0,0,1,Minor,Low
PK-2024-02278,2024-07-26,18:05,Balochistan,Khuzdar,Highway,30.2536,66.0667,Rain,122,24.0,1.3,Daylight,Potholed,Gravel,4,80,Sharp,Downhill,None,Yes,2,Auto-rickshaw;Motorcycle,14.2,No,38,Yes,Yes,No,No,85,None,Mobile Phone,Head-on,Front,1,1192,Off-peak,8.9,14.1,3,3,2,Total,Critical
PK-2024-02279,2024-11-14,20:37,Punjab,Sargodha,Urban,30.6768,73.984,Rain,143,32.4,23.2,Daylight,Dry,Dirt,2,60,Straight,Uphill,Physical,Yes,2,Bus;Auto-rickshaw,7.2,No,40,Yes,Yes,No,No,60,Braking,Speeding,Rollover,Roof,1,526,Peak,2.4,7.6,0,0,1,Minor,Low