incident_id,date,time,province,district,road_type,latitude,longitude,weather,visibility_meters,temperature_c,wind_speed_kmh,lighting,road_condition,surface_material,number_of_lanes,speed_limit_kmh,road_curvature,road_gradient,median_type,shoulder_available,num_vehicles,vehicle_types,vehicle_avg_age_years,overloading_detected,driver_age,helmet_usage,seatbelt_usage,mobile_phone_suspected,alcohol_drug_suspected,speed_at_impact_kmh,evasive_action,accident_cause,collision_type,impact_point,num_collisions,traffic_volume_per_hour,peak_off_peak,distance_to_hospital_km,expected_response_min,fatalities,serious_injuries,minor_injuries,property_damage_level,severity
PK-2024-02280,2024-04-24,17:15,KPK,Swat,Urban,34.2124,72.3886,Haze,38,50.0,3.5,Daylight,Wet,Dirt,4,110,Gentle,Flat,Painted,Yes,2,Car;Car,8.9,No,16,Yes,Not Applicable,No,No,105,None,Mobile Phone,Head-on,Rear,3,1648,Off-peak,3.3,15.1,0,2,3,Moderate,High
PK-2024-02281,2024-12-11,20:39,Punjab,Sargodha,Rural,30.2474,73.5705,Fog,1161,41.0,10.2,Unlit,Muddy,Asphalt,2,50,Gentle,Uphill,Painted,Yes,2,Car;Truck,9.6,No,37,No,Yes,No,No,45,None,Signal Violation,Rear-end,Front,2,1795,Off-peak,3.5,9.1,0,1,2,Moderate,Medium
PK-2024-02282,2024-02-27,20:18,Punjab,Gujranwala,Highway,32.0382,74.5295,Fog,20,34.7,8.8,Unlit,Dry,Concrete,4,80,Gentle,Flat,Physical,Yes,3,Bicycle;Car;Car,10.3,No,30,Yes,Yes,Yes,No,90,Braking,Speeding,Side-swipe,Front,1,800,Peak,8.7,16.6,0,3,4,Moderate,High
PK-2024-02283,2024-07-20,18:10,KPK,Swat,Highway,32.9387,70.5839,Rain,714,33.9,9.1,Street-lit,Icy,Asphalt,4,40,Sharp,Flat,Physical,No,2,Auto-rickshaw;Car,12.2,Yes,23,No,Yes,No,No,30,Swerving,Wrong Side,Multi-vehicle pileup,Front,2,1650,Peak,27.8,41.6,0,2,2,Moderate,High
PK-2024-02284,2024-01-20,09:35,Balochistan,Turbat,Highway,29.47,65.6545,Haze,32,11.3,2.0,Street-lit,Muddy,Asphalt,4,50,Gentle,Flat,None,Yes,3,Car;Motorcycle;Motorcycle,6.7,No,39,Partial,Yes,No,No,55,None,Human Error,Side-swipe,Side,1,448,Peak,15.5,23.8,0,0,2,Moderate,Medium
PK-2024-02285,2024-08-12,08:33,Punjab,Sialkot,Urban,31.2076,74.8498,Clear,273,36.5,9.3,Dawn-Dusk,Wet,Asphalt,2,60,Straight,Flat,Painted,Yes,3,Car;Car;Bicycle,12.6,No,16,No,Yes,Yes,No,65,None,Signal Violation,Fixed-object,Rear,2,1637,Off-peak,24.0,36.5,0,1,3,Moderate,Medium
PK-2024-02286,2024-05-25,08:18,Punjab,Sargodha,Residential,31.2218,73.6147,Cloudy,208,37.9,8.8,Unlit,Wet,Concrete,2,110,Sharp,Uphill,None,Yes,5,Motorcycle;Auto-rickshaw;Car;Car;Motorcycle,16.4,No,42,Yes,Yes,No,No,115,None,Speeding,Side-swipe,Side,1,353,Peak,0.7,4.5,0,1,2,Moderate,Medium
PK-2024-02287,2024-11-24,20:31,Punjab,Sargodha,Highway,31.9473,72.3763,Clear,20,26.1,8.2,Unlit,Wet,Asphalt,2,110,Straight,Uphill,Painted,No,2,Motorcycle;Truck,9.4,Yes,35,Partial,Partial,No,No,120,Braking,Weather,Rear-end,Front,1,660,Off-peak,0.7,3.0,1,1,3,Moderate,High
PK-2024-02288,2024-12-27,05:58,Punjab,Faisalabad,Residential,32.2002,73.5125,Clear,710,17.6,0.2,Dawn-Dusk,Dry,Gravel,4,30,Straight,Flat,Physical,Yes,2,Car;Motorcycle,8.3,No,16,No,Yes,No,No,35,None,Signal Violation,Head-on,Front,1,215,Peak,1.6,6.8,0,0,1,Minor,Low
PK-2024-02289,2024-05-22,01:48,Punjab,Multan,Rural,32.21,74.7566,Clear,68,46.1,0.9,Unlit,Dry,Asphalt,1,100,Sharp,Downhill,Painted,No,3,Truck;Motorcycle;Motorcycle,5.9,No,27,Yes,No,No,No,115,Braking,Drunk Driving,Fixed-object,Rear,1,1193,Off-peak,3.9,12.7,1,2,3,Severe,High
PK-2024-02290,2024-07-11,08:32,Punjab,Gujranwala,Urban,31.0821,74.7302,Rain,98,34.8,25.2,Dawn-Dusk,Wet,Gravel,2,100,Straight,Uphill,Physical,No,1,Motorcycle,16.7,No,32,Yes,No,No,No,95,Braking,Speeding,Head-on,Front,1,1438,Peak,16.2,25.8,2,4,2,Total,Critical
PK-2024-02291,2024-01-12,14:17,Islamabad,Islamabad,Highway,34.401,72.9072,Cloudy,71,45.2,11.5,Dawn-Dusk,Dry,Gravel,2,120,Straight,Flat,Painted,No,3,Car;Motorcycle;Motorcycle,13.3,Yes,20,Yes,No,No,No,120,None,Signal Violation,Side-swipe,Rear,2,1936,Peak,5.6,8.9,0,2,3,Severe,High
PK-2024-02292,2024-10-23,01:28,Balochistan,Khuzdar,Highway,28.0224,67.9869,Cloudy,917,21.0,8.7,Street-lit,Wet,Gravel,2,80,Straight,Flat,Painted,No,2,Bus;Truck,19.3,No,30,No,No,Yes,No,80,None,Overloading,Side-swipe,Front,1,1987,Peak,10.7,13.6,0,0,0,Minor,Low
PK-2024-02293,2024-02-07,15:09,Balochistan,Gwadar,Urban,27.8187,66.2807,Cloudy,250,32.3,30.3,Dawn-Dusk,Dry,Asphalt,2,60,Gentle,Flat,Physical,No,5,Bicycle;Bus;Car;Motorcycle;Motorcycle,4.1,No,32,No,Not Applicable,No,No,70,Braking,Overloading,Head-on,Side,1,1571,Off-peak,3.6,10.5,0,1,2,Moderate,Medium
PK-2024-02294,2024-09-11,15:27,Sindh,Sukkur,Highway,25.6292,67.5597,Heavy Rain,669,22.7,0.9,Street-lit,Flooding,Gravel,3,50,Gentle,Uphill,Physical,Yes,3,Car;Car;Motorcycle,18.0,No,21,Yes,Not Applicable,No,No,90,Braking,Human Error,Side-swipe,Front,1,298,Peak,2.3,6.9,1,3,1,Total,Critical
PK-2024-02295,2024-02-27,03:46,KPK,Abbottabad,Rural,33.9439,71.5815,Fog,20,42.2,0.3,Dawn-Dusk,Icy,Gravel,2,80,Straight,Uphill,None,Yes,3,Car;Motorcycle;Truck,8.1,No,47,No,Yes,No,Unknown,80,None,Wrong Side,Head-on,Rear,1,726,Off-peak,31.9,42.8,3,2,1,Total,Critical
PK-2024-02296,2024-02-12,04:09,KPK,Dera Ismail Khan,Rural,32.8747,71.0106,Dust Storm,22,23.1,33.1,Unlit,Dry,Asphalt,3,50,Gentle,Uphill,None,Yes,2,Auto-rickshaw;Car,9.6,No,16,No,No,No,No,90,Braking,Mobile Phone,Side-swipe,Front,2,801,Off-peak,6.0,14.2,3,3,3,Severe,Critical
PK-2024-02297,2024-07-27,12:56,Sindh,Karachi,Residential,25.6976,69.4071,Dust Storm,54,27.4,16.0,Daylight,Icy,Asphalt,4,110,Sharp,Uphill,None,Yes,2,Car;Motorcycle,13.9,No,29,No,Not Applicable,No,No,125,None,Mechanical Failure,Rear-end,Rear,3,511,Peak,0.5,6.3,3,3,2,Total,Critical
PK-2024-02298,2024-08-21,21:42,Sindh,Larkana,Residential,25.6703,66.5711,Clear,37,30.8,46.8,Daylight,Construction,Asphalt,2,100,Gentle,Uphill,Painted,Yes,3,Motorcycle;Car;Motorcycle,4.1,Yes,36,No,No,No,Yes,100,Braking,Overloading,Head-on,Front,1,1575,Peak,10.1,12.8,3,2,3,Total,Critical
PK-2024-02299,2024-10-17,20:39,Punjab,Lahore,Highway,32.0032,74.4178,Cloudy,351,18.2,9.9,Daylight,Dry,Asphalt,2,80,Gentle,Flat,None,Yes,3,Motorcycle;Bicycle;Auto-rickshaw,9.5,No,20,Yes,Not Applicable,No,No,85,None,Mechanical Failure,Rear-end,Roof,1,1038,Peak,10.6,22.3,0,0,0,Minor,Low
PK-2024-02300,2024-11-16,04:08,Sindh,Sukkur,Rural,25.6582,66.8658,Clear,64,33.0,11.2,Daylight,Dry,Gravel,1,80,Straight,Flat,None,Yes,2,Car;Motorcycle,19.3,Yes,25,No,Yes,No,Yes,120,None,Human Error,Fixed-object,Front,1,903,Off-peak,1.0,9.3,0,2,2,Severe,High
PK-2024-02301,2024-03-23,12:06,Punjab,Rawalpindi,Highway,31.7919,72.8701,Clear,59,31.6,24.6,Daylight,Dry,Asphalt,2,30,Straight,Flat,Painted,Yes,5,Truck;Motorcycle;Motorcycle;Motorcycle;Truck,20.0,No,28,No,Partial,No,Unknown,45,Swerving,Human Error,Fixed-object,Front,2,1704,Peak,15.3,17.5,0,0,2,None,Low
PK-2024-02302,2024-03-08,04:26,Punjab,Bahawalpur,Residential,31.9563,74.7522,Dust Storm,249,25.7,2.4,Daylight,Wet,Asphalt,4,40,Straight,Uphill,None,Yes,4,Auto-rickshaw;Motorcycle;Motorcycle;Motorcycle,19.7,No,29,No,No,No,No,70,Braking,Overloading,Side-swipe,Roof,2,1523,Peak,0.5,9.8,0,1,2,Severe,High
PK-2024-02303,2024-11-26,14:31,KPK,Peshawar,Highway,34.522,70.0477,Haze,210,21.6,41.9,Dawn-Dusk,Construction,Asphalt,3,30,Straight,Flat,Physical,Yes,2,Car;Car,17.4,No,16,No,No,No,No,35,Braking,Overloading,Rear-end,Rear,1,1523,Peak,1.0,4.1,0,0,1,Minor,Medium
PK-2024-02304,2024-06-03,05:05,Punjab,Sargodha,Urban,29.9783,73.0763,Clear,606,39.4,10.3,Street-lit,Dry,Dirt,2,60,Straight,Uphill,Physical,Yes,5,Auto-rickshaw;Motorcycle;Motorcycle;Car;Truck,10.0,No,21,No,Yes,Yes,No,65,Swerving,Signal Violation,Rollover,Front,1,679,Off-peak,6.8,15.7,0,0,2,Minor,Low
PK-2024-02305,2024-07-01,05:41,Sindh,Larkana,Urban,25.346,67.1108,Clear,1210,38.8,4.8,Street-lit,Dry,Asphalt,2,40,Hairpin,Flat,Painted,Yes,2,Car;Truck,13.7,No,50,Yes,Partial,No,No,35,None,Human Error,Rollover,Side,1,1044,Peak,5.0,11.2,0,0,1,None,Low
PK-2024-02306,2024-07-18,18:33,KPK,Mardan,Urban,33.9374,72.9422,Rain,20,23.7,13.6,Daylight,Dry,Gravel,4,50,Sharp,Flat,Painted,Yes,2,Motorcycle;Truck,14.3,No,21,Yes,No,No,No,45,None,Overloading,Multi-vehicle pileup,Rear,2,153,Peak,1.8,4.4,0,1,3,Severe,High
PK-2024-02307,2024-10-15,17:36,Sindh,Nawabshah,Rural,25.1016,68.5494,Cloudy,77,31.7,15.3,Unlit,Flooding,Asphalt,6,80,Straight,Downhill,Physical,Yes,2,Auto-rickshaw;Motorcycle,16.9,Yes,29,Yes,No,No,No,80,None,Signal Violation,Rear-end,Front,1,1894,Peak,5.8,9.7,2,3,1,Total,Critical
PK-2024-02308,2024-02-10,05:20,Islamabad,Islamabad,Urban,33.5922,73.2318,Clear,1500,37.9,24.9,Unlit,Dry,Asphalt,3,110,Straight,Flat,Physical,No,2,Motorcycle;Motorcycle,6.4,No,30,No,Partial,No,No,115,Braking,Mechanical Failure,Rollover,Side,1,1053,Peak,7.8,16.0,0,3,2,Severe,High
PK-2024-02309,2024-01-04,10:20,Sindh,Hyderabad,Residential,24.9854,69.1934,Rain,276,39.2,4.1,Daylight,Muddy,Gravel,2,60,Straight,Downhill,Painted,Yes,2,Motorcycle;Truck,19.2,Yes,52,Yes,No,No,No,100,Swerving,Human Error,Side-swipe,Front,1,1852,Off-peak,15.1,22.6,1,3,2,Severe,Critical
PK-2024-02310,2024-10-03,21:05,Punjab,Sargodha,Urban,30.6332,72.6021,Cloudy,132,26.9,3.7,Daylight,Muddy,Gravel,4,80,Straight,Uphill,Physical,No,4,Motorcycle;Car;Motorcycle;Motorcycle,8.5,Yes,35,Yes,No,No,Yes,90,Swerving,Overloading,Rear-end,Rear,2,1397,Peak,6.3,10.9,0,2,3,Severe,High
PK-2024-02311,2024-05-12,13:05,KPK,Dera Ismail Khan,Urban,34.2906,72.3831,Fog,317,19.2,5.6,Daylight,Potholed,Gravel,3,110,Straight,Flat,None,Yes,4,Motorcycle;Bus;Motorcycle;Bus,16.3,No,30,No,Yes,No,No,105,Swerving,Speeding,Rear-end,Side,1,1155,Off-peak,41.1,53.2,0,2,3,Severe,High
PK-2024-02312,2024-12-11,12:16,Balochistan,Turbat,Urban,27.9461,65.5993,Fog,392,23.4,20.0,Daylight,Potholed,Concrete,4,40,Straight,Flat,Physical,No,4,Motorcycle;Motorcycle;Auto-rickshaw;Auto-rickshaw,5.0,No,29,Yes,No,No,No,40,Braking,Mobile Phone,Fixed-object,Front,1,1744,Peak,11.7,18.2,0,0,0,Minor,Low
PK-2024-02313,2024-08-11,19:31,Sindh,Hyderabad,Urban,24.7499,67.4017,Dust Storm,719,19.5,2.3,Daylight,Dry,Asphalt,2,50,Straight,Flat,Physical,Yes,4,Car;Bus;Car;Car,18.0,No,31,Yes,Not Applicable,No,No,60,None,Wrong Side,Head-on,Side,1,522,Off-peak,6.2,12.1,0,2,2,Minor,Medium
PK-2024-02314,2024-08-25,22:05,KPK,Dera Ismail Khan,Urban,32.0054,71.0661,Rain,917,33.0,17.0,Unlit,Icy,Gravel,2,40,Straight,Uphill,Painted,Yes,1,Motorcycle,4.4,No,37,No,Not Applicable,No,No,35,None,Overloading,Multi-vehicle pileup,Roof,2,742,Off-peak,17.8,28.2,0,1,2,Severe,High
PK-2024-02315,2024-12-26,22:21,Balochistan,Gwadar,Rural,29.097,67.1521,Clear,832,18.4,10.1,Street-lit,Wet,Concrete,2,100,Hairpin,Flat,None,No,5,Bus;Car;Car;Truck;Bus,14.8,No,41,Yes,Not Applicable,No,Unknown,105,None,Mobile Phone,Pedestrian,Rear,1,313,Off-peak,1.0,3.1,0,2,1,Moderate,Medium
PK-2024-02316,2024-05-21,11:22,Punjab,Multan,Urban,30.9625,72.8817,Rain,789,34.6,23.1,Daylight,Flooding,Concrete,2,110,Sharp,Flat,Physical,Yes,4,Auto-rickshaw;Truck;Motorcycle;Truck,8.0,No,16,Yes,Yes,Yes,No,120,None,Signal Violation,Head-on,Rear,2,117,Off-peak,20.9,31.3,1,3,1,Severe,Critical
PK-2024-02317,2024-02-12,08:16,Punjab,Lahore,Residential,30.0854,73.4867,Rain,175,31.0,17.0,Daylight,Potholed,Gravel,6,100,Gentle,Flat,None,No,4,Auto-rickshaw;Motorcycle;Bicycle;Motorcycle,19.6,No,46,Yes,Yes,No,No,130,Swerving,Mobile Phone,Side-swipe,Front,1,715,Peak,18.6,26.9,0,1,3,Moderate,High
PK-2024-02318,2024-02-17,17:30,Punjab,Lahore,Rural,30.9569,72.0185,Clear,123,35.7,0.7,Tunnel,Flooding,Asphalt,2,40,Gentle,Flat,Physical,Yes,3,Motorcycle;Motorcycle;Bicycle,12.8,No,39,Yes,Not Applicable,No,No,35,None,Overloading,Side-swipe,Front,2,686,Off-peak,11.7,14.5,0,0,2,None,Low
PK-2024-02319,2024-03-21,18:01,KPK,Abbottabad,Urban,33.5103,70.1094,Rain,353,21.8,2.9,Tunnel,Wet,Dirt,4,110,Gentle,Uphill,None,No,1,Motorcycle,6.8,No,40,No,Not Applicable,No,No,125,Swerving,Wrong Side,Rear-end,Front,1,1850,Peak,7.6,10.9,0,1,3,Severe,High
PK-2024-02320,2024-01-18,16:08,Balochistan,Turbat,Highway,28.083,67.1492,Cloudy,1309,33.8,1.0,Daylight,Construction,Gravel,1,40,Straight,Uphill,None,No,3,Car;Motorcycle;Motorcycle,3.4,No,25,No,No,Yes,No,40,Braking,Signal Violation,Side-swipe,Side,2,374,Off-peak,10.9,19.0,0,0,2,None,Low
PK-2024-02321,2024-09-23,03:41,Balochistan,Turbat,Urban,29.9606,65.0635,Cloudy,20,18.5,4.7,Daylight,Construction,Gravel,2,100,Straight,Flat,Physical,Yes,3,Bicycle;Motorcycle;Auto-rickshaw,3.6,No,23,Yes,Not Applicable,No,No,120,Braking,Overloading,Rear-end,Roof,1,1571,Off-peak,1.8,8.9,0,0,2,Moderate,Medium
PK-2024-02322,2024-12-19,20:04,Sindh,Hyderabad,Urban,24.227,68.5484,Heavy Rain,44,46.4,14.5,Daylight,Dry,Asphalt,4,110,Hairpin,Uphill,None,No,2,Bus;Bus,15.3,No,45,Partial,Yes,No,No,100,Braking,Human Error,Rear-end,Rear,1,431,Peak,12.2,18.0,0,3,4,Severe,High
PK-2024-02323,2024-02-26,23:15,Sindh,Karachi,Residential,26.1961,67.1074,Dust Storm,1319,36.6,10.1,Street-lit,Flooding,Concrete,2,60,Gentle,Uphill,Physical,Yes,2,Car;Auto-rickshaw,12.2,Yes,16,No,Yes,No,No,65,Braking,Animal Crossing,Rear-end,Front,1,322,Peak,7.3,11.1,0,1,3,Moderate,High
PK-2024-02324,2024-07-19,19:46,Punjab,Sialkot,Urban,30.0844,72.1934,Dust Storm,186,31.3,9.4,Dawn-Dusk,Wet,Concrete,3,40,Sharp,Flat,Physical,No,3,Motorcycle;Car;Truck,16.9,No,55,No,Partial,No,No,30,Swerving,Mechanical Failure,Rear-end,Side,1,1473,Off-peak,14.7,19.3,0,2,2,Minor,Medium
PK-2024-02325,2024-09-16,16:41,Balochistan,Khuzdar,Urban,29.8399,65.038,Clear,35,32.5,31.6,Unlit,Dry,Dirt,2,30,Gentle,Flat,Painted,Yes,3,Auto-rickshaw;Car;Bus,13.6,No,16,No,Yes,No,No,50,None,Weather,Side-swipe,Front,2,1782,Off-peak,18.7,23.7,0,1,2,Minor,Medium
PK-2024-02326,2024-12-26,14:57,Punjab,Rawalpindi,Urban,32.0165,73.5997,Clear,390,34.4,3.6,Daylight,Flooding,Gravel,2,100,Straight,Downhill,Painted,Yes,2,Motorcycle;Car,2.2,No,37,No,No,No,No,90,None,Mechanical Failure,Side-swipe,Side,1,542,Off-peak,1.0,10.2,0,3,3,Severe,High
PK-2024-02327,2024-05-14,07:42,KPK,Dera Ismail Khan,Urban,32.158,71.873,Cloudy,952,26.4,9.3,Unlit,Potholed,Concrete,2,80,Sharp,Uphill,None,No,3,Motorcycle;Car;Motorcycle,9.6,No,45,Partial,Not Applicable,No,Unknown,70,Braking,Speeding,Head-on,Rear,1,1849,Peak,3.0,5.3,0,3,3,Severe,High
PK-2024-02328,2024-07-01,04:20,Punjab,Multan,Highway,30.4737,72.5175,Clear,129,28.8,1.7,Daylight,Wet,Asphalt,2,30,Straight,Uphill,Physical,Yes,1,Auto-rickshaw,14.0,No,22,Yes,Not Applicable,No,No,45,Braking,Mechanical Failure,Multi-vehicle pileup,Front,1,1602,Off-peak,14.7,22.1,0,0,1,Minor,Low
PK-2024-02329,2024-02-17,02:59,Balochistan,Khuzdar,Urban,30.3726,66.692,Haze,86,18.3,7.2,Unlit,Dry,Asphalt,1,120,Gentle,Downhill,Painted,No,3,Auto-rickshaw;Bus;Truck,3.3,Yes,63,No,Not Applicable,No,Unknown,135,None,Drunk Driving,Side-swipe,Front,1,1083,Off-peak,15.1,26.3,2,3,1,Total,Critical
PK-2024-02330,2024-12-05,14:55,Balochistan,Quetta,Highway,29.1348,66.3652,Fog,29,22.1,2.4,Daylight,Muddy,Asphalt,4,30,Straight,Uphill,Physical,No,2,Truck;Car,3.5,No,28,Yes,Yes,No,No,50,Braking,Mechanical Failure,Rollover,Side,1,452,Peak,12.5,19.1,0,2,4,Severe,High
PK-2024-02331,2024-05-20,21:10,Balochistan,Gwadar,Rural,27.6252,67.8218,Rain,595,32.7,2.5,Street-lit,Icy,Concrete,6,50,Sharp,Uphill,Physical,No,2,Motorcycle;Bus,3.5,No,20,No,Yes,No,Yes,60,Braking,Human Error,Rear-end,Side,1,1909,Off-peak,21.1,26.7,0,0,1,Moderate,Medium
PK-2024-02332,2024-07-04,09:01,Punjab,Multan,Urban,31.1518,73.7674,Clear,20,16.6,12.6,Daylight,Dry,Asphalt,2,80,Straight,Flat,Physical,Yes,2,Car;Bicycle,9.9,No,22,Yes,No,Yes,No,95,Braking,Weather,Rollover,Roof,2,1772,Peak,7.9,9.5,0,2,4,Severe,High
PK-2024-02333,2024-08-10,04:45,Balochistan,Gwadar,Highway,28.3968,67.9357,Cloudy,1025,24.9,1.8,Dawn-Dusk,Dry,Asphalt,2,120,Sharp,Uphill,Physical,No,3,Motorcycle;Car;Motorcycle,15.5,No,43,No,Yes,No,Unknown,125,None,Overloading,Head-on,Rear,1,1554,Peak,21.5,28.4,1,3,3,Total,Critical
PK-2024-02334,2024-05-12,04:07,Balochistan,Turbat,Highway,28.905,65.261,Dust Storm,376,20.3,26.1,Tunnel,Wet,Asphalt,3,50,Gentle,Flat,Painted,Yes,2,Motorcycle;Auto-rickshaw,17.6,No,52,No,Yes,No,No,60,Braking,Signal Violation,Rollover,Roof,1,346,Off-peak,14.5,22.8,3,3,2,Total,Critical
PK-2024-02335,2024-07-12,19:23,Punjab,Gujranwala,Urban,31.5543,73.1238,Rain,23,37.7,19.3,Tunnel,Icy,Asphalt,2,60,Gentle,Flat,Painted,Yes,5,Motorcycle;Truck;Motorcycle;Truck;Car,14.9,No,32,No,Yes,No,No,60,None,Human Error,Side-swipe,Roof,3,944,Off-peak,4.9,12.3,0,2,1,Moderate,Medium
PK-2024-02336,2024-12-04,23:03,Balochistan,Khuzdar,Urban,28.6854,66.5353,Cloudy,32,29.1,14.6,Street-lit,Flooding,Asphalt,2,60,Straight,Flat,Painted,No,4,Car;Car;Motorcycle;Truck,14.5,No,21,Yes,No,No,No,70,None,Speeding,Head-on,Front,2,995,Off-peak,7.3,18.6,2,4,1,Total,Critical
PK-2024-02337,2024-07-01,19:46,KPK,Swat,Highway,33.3311,72.14,Cloudy,1392,28.3,1.1,Dawn-Dusk,Muddy,Gravel,4,80,Hairpin,Uphill,Physical,Yes,3,Motorcycle;Truck;Truck,16.2,No,36,Yes,Yes,No,Unknown,80,Braking,Mobile Phone,Fixed-object,Front,1,57,Off-peak,1.6,3.0,0,0,2,Moderate,Medium
PK-2024-02338,2024-09-15,20:48,Balochistan,Turbat,Rural,27.5825,65.8477,Rain,20,35.3,47.5,Dawn-Dusk,Muddy,Asphalt,3,50,Straight,Flat,None,Yes,2,Motorcycle;Motorcycle,19.5,No,24,No,Partial,No,Unknown,40,Braking,Speeding,Multi-vehicle pileup,Rear,3,124,Off-peak,26.8,38.0,3,3,2,Total,Critical
PK-2024-02339,2024-06-04,02:14,Punjab,Multan,Urban,31.3698,73.7669,Heavy Rain,20,44.4,6.5,Unlit,Wet,Asphalt,2,50,Sharp,Flat,Physical,Yes,2,Motorcycle;Motorcycle,13.3,No,23,Yes,No,Yes,Unknown,50,Swerving,Signal Violation,Rear-end,Front,1,295,Off-peak,39.7,54.7,1,3,3,Total,Critical
PK-2024-02340,2024-09-17,02:51,Punjab,Bahawalpur,Urban,32.4313,72.0947,Haze,265,35.9,5.3,Daylight,Muddy,Asphalt,2,50,Sharp,Downhill,Physical,Yes,5,Car;Motorcycle;Car;Truck;Motorcycle,10.3,No,26,Partial,Not Applicable,No,No,60,Swerving,Overloading,Side-swipe,Front,1,752,Off-peak,1.8,6.5,0,0,1,None,Low
PK-2024-02341,2024-11-01,12:11,Sindh,Karachi,Highway,25.2795,68.9341,Clear,160,29.5,1.3,Daylight,Potholed,Gravel,2,110,Straight,Flat,Physical,Yes,2,Car;Bus,15.0,No,20,No,No,No,No,150,None,Human Error,Side-swipe,Side,1,1398,Off-peak,2.4,4.6,1,2,2,Severe,High
PK-2024-02342,2024-12-09,21:34,Islamabad,Islamabad,Urban,34.399,71.8852,Cloudy,219,26.3,9.6,Street-lit,Dry,Asphalt,2,30,Hairpin,Uphill,None,Yes,3,Bus;Bicycle;Motorcycle,3.3,No,32,No,No,No,Unknown,50,Swerving,Speeding,Pedestrian,Front,1,691,Peak,2.4,9.9,0,0,2,Minor,Medium
PK-2024-02343,2024-12-09,09:09,KPK,Swat,Highway,33.5534,72.8612,Clear,665,32.1,10.6,Dawn-Dusk,Dry,Asphalt,4,30,Gentle,Flat,None,No,2,Car;Truck,10.8,Yes,25,Yes,Yes,No,No,40,None,Speeding,Side-swipe,Rear,2,457,Off-peak,6.3,18.6,0,0,2,Minor,Low
PK-2024-02344,2024-12-04,02:08,Balochistan,Turbat,Urban,28.0114,66.0903,Clear,884,20.2,0.2,Unlit,Dry,Concrete,2,50,Gentle,Flat,Physical,Yes,2,Motorcycle;Motorcycle,4.0,No,46,Yes,Yes,Yes,No,50,Swerving,Human Error,Rear-end,Front,1,1880,Peak,4.7,13.9,0,0,1,None,Low
PK-2024-02345,2024-03-03,04:37,Islamabad,Islamabad,Residential,32.9043,73.3654,Cloudy,160,27.9,30.1,Unlit,Icy,Asphalt,1,50,Gentle,Flat,Physical,Yes,3,Motorcycle;Truck;Truck,11.0,No,26,No,Yes,No,No,50,Braking,Mechanical Failure,Side-swipe,Side,1,574,Off-peak,37.4,46.7,0,0,3,Moderate,Medium
PK-2024-02346,2024-10-08,10:05,Balochistan,Gwadar,Rural,28.4865,66.847,Haze,619,25.3,1.9,Unlit,Dry,Asphalt,3,60,Straight,Downhill,Painted,No,4,Motorcycle;Motorcycle;Truck;Auto-rickshaw,4.4,No,39,Partial,Not Applicable,No,No,60,Braking,Human Error,Pedestrian,Side,1,1595,Peak,18.2,28.9,0,0,1,None,Low
PK-2024-02347,2024-01-08,01:27,Islamabad,Islamabad,Urban,32.6694,72.9698,Clear,171,32.2,18.3,Daylight,Dry,Concrete,2,50,Straight,Flat,Physical,Yes,3,Motorcycle;Bus;Auto-rickshaw,11.3,Yes,23,No,Yes,No,Unknown,60,Swerving,Drunk Driving,Side-swipe,Side,1,1367,Off-peak,17.2,24.7,0,0,2,Minor,Low
PK-2024-02348,2024-07-07,16:14,Sindh,Nawabshah,Rural,25.6501,66.678,Clear,268,38.2,2.4,Dawn-Dusk,Dry,Concrete,4,120,Straight,Uphill,Physical,No,3,Auto-rickshaw;Auto-rickshaw;Motorcycle,9.2,No,22,No,No,No,No,120,None,Human Error,Rear-end,Rear,1,256,Off-peak,20.6,31.9,0,1,1,Minor,Medium
PK-2024-02349,2024-02-28,23:09,Balochistan,Gwadar,Rural,29.4339,66.5843,Cloudy,801,29.3,11.7,Street-lit,Icy,Concrete,2,80,Hairpin,Flat,None,Yes,3,Car;Motorcycle;Motorcycle,17.7,No,32,No,Partial,Yes,No,110,None,Weather,Rear-end,Side,2,578,Off-peak,43.5,53.1,2,2,2,Total,Critical
PK-2024-02350,2024-06-26,22:25,KPK,Swat,Rural,32.3661,72.4702,Heavy Rain,72,36.8,7.9,Street-lit,Muddy,Gravel,1,60,Sharp,Flat,Painted,No,2,Car;Car,13.5,Yes,42,No,Yes,No,No,65,Braking,Speeding,Head-on,Front,1,1691,Off-peak,25.1,33.3,3,3,1,Total,Critical
PK-2024-02351,2024-07-23,18:49,Sindh,Nawabshah,Urban,26.7236,67.5925,Dust Storm,295,26.2,13.8,Daylight,Dry,Asphalt,3,50,Straight,Flat,Physical,No,3,Truck;Car;Motorcycle,13.8,No,21,Yes,Yes,No,Unknown,55,None,Mechanical Failure,Pedestrian,Side,3,1838,Peak,14.2,20.9,0,0,3,Moderate,Medium
PK-2024-02352,2024-04-10,21:39,Sindh,Nawabshah,Highway,25.0096,68.7342,Clear,391,27.3,16.8,Daylight,Icy,Concrete,2,50,Gentle,Downhill,Painted,No,2,Car;Car,5.0,No,20,No,Yes,No,No,45,Braking,Weather,Side-swipe,Front,2,290,Off-peak,2.3,9.3,0,0,1,None,Low