incident_id,date,time,province,district,road_type,latitude,longitude,weather,visibility_meters,temperature_c,wind_speed_kmh,lighting,road_condition,surface_material,number_of_lanes,speed_limit_kmh,road_curvature,road_gradient,median_type,shoulder_available,num_vehicles,vehicle_types,vehicle_avg_age_years,overloading_detected,driver_age,helmet_usage,seatbelt_usage,mobile_phone_suspected,alcohol_drug_suspected,speed_at_impact_kmh,evasive_action,accident_cause,collision_type,impact_point,num_collisions,traffic_volume_per_hour,peak_off_peak,distance_to_hospital_km,expected_response_min,fatalities,serious_injuries,minor_injuries,property_damage_level,severity
PK-2024-02353,2024-08-22,00:13,Punjab,Sialkot,Urban,29.5375,74.4212,Dust Storm,1220,35.9,4.7,Daylight,Dry,Asphalt,3,120,Hairpin,Flat,Painted,Yes,2,Truck;Truck,7.9,No,48,Yes,Yes,No,No,140,Braking,Overloading,Rear-end,Rear,3,598,Off-peak,17.1,28.3,1,3,3,Severe,High
PK-2024-02354,2024-09-11,06:59,Punjab,Bahawalpur,Urban,30.6119,74.44,Heavy Rain,528,43.8,25.6,Tunnel,Wet,Concrete,2,60,Gentle,Flat,Physical,Yes,1,Motorcycle,16.1,Yes,46,No,Yes,No,No,70,Swerving,Signal Violation,Multi-vehicle pileup,Rear,3,1490,Off-peak,0.5,4.3,1,4,1,Severe,Critical
PK-2024-02355,2024-07-19,14:06,Punjab,Sialkot,Residential,30.1442,73.3523,Haze,702,35.1,5.4,Daylight,Flooding,Asphalt,2,100,Gentle,Flat,None,No,5,Bicycle;Motorcycle;Bus;Auto-rickshaw;Bicycle,19.0,No,38,Yes,Not Applicable,No,No,105,Braking,Human Error,Head-on,Front,2,1589,Off-peak,6.1,14.8,0,2,3,Severe,High
PK-2024-02356,2024-06-06,17:50,Balochistan,Quetta,Urban,28.3333,65.0337,Clear,71,23.0,6.0,Dawn-Dusk,Dry,Asphalt,4,50,Straight,Flat,Painted,No,2,Car;Bus,19.3,No,31,Partial,Yes,No,No,55,Swerving,Human Error,Rollover,Side,3,1940,Peak,0.5,3.0,0,0,1,Minor,Low
PK-2024-02357,2024-11-03,19:50,Sindh,Karachi,Highway,24.6536,67.2651,Cloudy,361,10.1,1.4,Street-lit,Wet,Concrete,2,50,Gentle,Flat,Physical,Yes,2,Bicycle;Motorcycle,3.8,No,31,Partial,Yes,No,No,55,None,Mechanical Failure,Side-swipe,Front,3,66,Off-peak,0.5,3.0,0,0,0,Minor,Low
PK-2024-02358,2024-01-16,12:48,Punjab,Gujranwala,Rural,30.983,72.7957,Cloudy,108,33.1,10.0,Unlit,Wet,Gravel,2,40,Straight,Flat,Physical,Yes,4,Motorcycle;Motorcycle;Car;Truck,5.1,No,23,Yes,Yes,No,No,35,Braking,Mobile Phone,Side-swipe,Side,2,966,Off-peak,6.7,12.7,0,0,2,Minor,Low
PK-2024-02359,2024-11-22,12:25,Punjab,Lahore,Highway,31.8818,73.2409,Cloudy,806,33.7,3.1,Street-lit,Dry,Concrete,1,60,Straight,Downhill,Physical,No,2,Motorcycle;Bicycle,11.4,No,43,Partial,Not Applicable,Yes,No,90,Braking,Weather,Rear-end,Rear,1,1195,Off-peak,7.5,10.2,0,1,3,Moderate,Medium
PK-2024-02360,2024-12-01,08:32,Sindh,Hyderabad,Urban,24.5758,66.7051,Cloudy,218,24.5,9.8,Dawn-Dusk,Muddy,Concrete,2,50,Straight,Uphill,Painted,No,3,Car;Car;Truck,11.0,No,20,No,No,No,No,45,Swerving,Speeding,Rollover,Front,2,1001,Off-peak,7.2,8.6,1,1,4,Severe,High
PK-2024-02361,2024-05-21,10:18,Punjab,Rawalpindi,Highway,29.8208,72.168,Rain,654,39.5,7.3,Dawn-Dusk,Flooding,Concrete,4,120,Sharp,Flat,Painted,No,3,Motorcycle;Bus;Motorcycle,16.6,No,25,Partial,Yes,Yes,No,130,Braking,Wrong Side,Head-on,Rear,2,382,Off-peak,2.6,3.8,1,2,1,Total,Critical
PK-2024-02362,2024-12-23,07:43,Sindh,Sukkur,Highway,25.4065,68.405,Clear,251,31.3,0.2,Daylight,Wet,Dirt,2,80,Sharp,Flat,Physical,No,1,Bus,5.3,No,20,Yes,Not Applicable,No,No,100,None,Drunk Driving,Multi-vehicle pileup,Rear,1,521,Off-peak,14.0,21.8,3,3,2,Total,Critical
PK-2024-02363,2024-07-11,01:18,Punjab,Sargodha,Highway,30.6046,72.1676,Clear,539,30.9,0.9,Street-lit,Dry,Asphalt,2,80,Straight,Flat,Physical,Yes,2,Motorcycle;Bicycle,14.5,No,29,No,No,No,No,80,Braking,Speeding,Rollover,Side,3,1515,Peak,29.1,41.0,0,3,2,Severe,High
PK-2024-02364,2024-05-14,21:57,KPK,Abbottabad,Urban,34.2429,72.7854,Fog,39,32.9,7.6,Street-lit,Wet,Concrete,2,40,Gentle,Flat,None,Yes,3,Motorcycle;Bicycle;Car,18.2,Yes,48,No,Not Applicable,No,No,60,Braking,Speeding,Side-swipe,Rear,1,258,Off-peak,23.7,29.7,1,1,3,Severe,High
PK-2024-02365,2024-04-19,20:53,KPK,Dera Ismail Khan,Urban,32.0318,72.5413,Clear,99,43.3,1.7,Daylight,Dry,Asphalt,4,30,Straight,Uphill,None,Yes,1,Car,20.0,No,36,Partial,No,No,No,30,Braking,Signal Violation,Fixed-object,Side,1,835,Peak,30.1,39.0,0,0,2,Minor,Low
PK-2024-02366,2024-05-02,16:49,KPK,Swat,Highway,34.1927,70.2225,Clear,195,22.1,10.8,Unlit,Potholed,Gravel,2,50,Gentle,Uphill,Physical,No,1,Car,2.0,No,41,Yes,No,No,No,60,None,Human Error,Head-on,Rear,2,344,Peak,27.7,39.3,0,2,4,Severe,High
PK-2024-02367,2024-03-27,07:31,Punjab,Gujranwala,Highway,30.6638,73.9951,Heavy Rain,797,19.3,5.6,Dawn-Dusk,Construction,Asphalt,3,100,Gentle,Flat,None,Yes,2,Car;Truck,7.8,No,43,Yes,Not Applicable,No,No,115,None,Wrong Side,Multi-vehicle pileup,Front,2,1081,Peak,5.0,15.4,2,3,3,Total,Critical
PK-2024-02368,2024-05-24,16:56,Sindh,Larkana,Urban,25.5903,67.6631,Haze,286,24.9,17.6,Dawn-Dusk,Dry,Dirt,2,40,Gentle,Flat,Painted,No,3,Motorcycle;Motorcycle;Bus,14.0,No,16,Yes,Partial,No,No,40,None,Signal Violation,Fixed-object,Roof,1,366,Off-peak,4.8,8.8,0,0,0,Minor,Low
PK-2024-02369,2024-11-06,14:32,Sindh,Larkana,Rural,25.6569,67.7802,Dust Storm,39,25.0,10.5,Street-lit,Flooding,Asphalt,2,60,Straight,Uphill,Painted,No,1,Truck,16.1,Yes,37,Yes,Partial,Yes,No,80,None,Mechanical Failure,Head-on,Side,1,1002,Off-peak,5.5,13.8,3,3,3,Total,Critical
PK-2024-02370,2024-03-15,15:22,Punjab,Multan,Urban,32.0636,72.453,Cloudy,78,31.8,2.0,Unlit,Potholed,Asphalt,3,30,Sharp,Flat,Physical,Yes,2,Motorcycle;Bus,8.6,No,54,Yes,Not Applicable,No,No,70,None,Speeding,Side-swipe,Side,2,1134,Off-peak,9.2,18.9,2,3,1,Total,Critical
PK-2024-02371,2024-12-13,03:02,Punjab,Sargodha,Highway,31.0646,72.0446,Rain,235,28.9,0.6,Tunnel,Flooding,Asphalt,2,50,Sharp,Flat,Painted,No,3,Auto-rickshaw;Car;Auto-rickshaw,12.6,No,39,No,No,No,Yes,45,Braking,Speeding,Rollover,Side,1,1738,Off-peak,14.5,16.8,1,2,3,Total,Critical
PK-2024-02372,2024-11-26,00:30,Sindh,Karachi,Highway,26.141,68.4606,Heavy Rain,1382,37.2,5.1,Dawn-Dusk,Muddy,Asphalt,2,110,Straight,Downhill,Physical,Yes,2,Truck;Truck,19.3,No,27,Yes,Not Applicable,No,No,120,Braking,Signal Violation,Head-on,Front,1,481,Off-peak,7.9,11.9,2,3,3,Total,Critical
PK-2024-02373,2024-10-21,15:02,Sindh,Nawabshah,Highway,25.1901,67.7205,Clear,374,24.0,15.6,Unlit,Icy,Asphalt,4,50,Gentle,Uphill,None,No,2,Auto-rickshaw;Motorcycle,12.0,Yes,25,Yes,No,No,No,60,None,Human Error,Head-on,Front,1,1195,Off-peak,12.5,14.8,0,2,3,Severe,High
PK-2024-02374,2024-03-08,04:53,Islamabad,Islamabad,Urban,32.2073,72.2132,Haze,718,27.8,26.7,Daylight,Dry,Gravel,2,40,Straight,Flat,Physical,Yes,2,Car;Motorcycle,2.7,No,32,Yes,Yes,No,No,50,Swerving,Speeding,Fixed-object,Roof,1,1977,Peak,15.5,26.3,0,0,0,Minor,Low
PK-2024-02375,2024-07-17,09:51,Punjab,Sargodha,Urban,32.0837,74.34,Haze,146,28.0,9.1,Street-lit,Dry,Gravel,1,60,Gentle,Flat,Painted,No,1,Motorcycle,2.9,No,66,Partial,Not Applicable,No,No,75,Braking,Signal Violation,Pedestrian,Side,3,1428,Peak,2.7,8.6,0,0,2,Moderate,Medium
PK-2024-02376,2024-07-18,02:44,Punjab,Sialkot,Residential,31.3667,73.6592,Clear,75,33.9,5.6,Daylight,Potholed,Gravel,2,50,Straight,Downhill,Painted,Yes,2,Bus;Car,7.8,No,35,Yes,Not Applicable,No,No,45,Braking,Mobile Phone,Rollover,Side,1,75,Peak,5.5,14.6,0,0,1,Minor,Low
PK-2024-02377,2024-01-11,07:36,Sindh,Larkana,Highway,26.5746,68.7787,Dust Storm,236,23.9,28.3,Tunnel,Potholed,Gravel,2,110,Gentle,Flat,Painted,No,2,Truck;Car,12.4,No,27,No,Yes,No,No,140,Braking,Wrong Side,Head-on,Side,2,670,Off-peak,0.5,3.0,3,3,3,Total,Critical
PK-2024-02378,2024-04-06,09:40,Punjab,Rawalpindi,Highway,30.9935,74.4222,Rain,753,24.7,2.1,Daylight,Dry,Gravel,2,60,Sharp,Flat,Painted,No,2,Motorcycle;Car,12.3,No,24,No,Not Applicable,No,No,75,Swerving,Human Error,Rollover,Side,2,1320,Off-peak,0.9,7.1,0,2,2,Severe,High
PK-2024-02379,2024-02-22,02:59,Punjab,Rawalpindi,Highway,30.3913,74.5383,Dust Storm,641,29.8,11.0,Street-lit,Muddy,Asphalt,2,60,Gentle,Flat,Physical,Yes,2,Car;Car,3.7,No,38,No,Partial,No,No,80,None,Speeding,Rear-end,Side,1,726,Off-peak,2.6,10.6,1,4,2,Total,Critical
PK-2024-02380,2024-10-19,10:19,Punjab,Lahore,Urban,30.1675,72.5703,Clear,165,28.3,16.3,Daylight,Dry,Asphalt,1,50,Hairpin,Flat,None,No,3,Truck;Bus;Bus,2.6,No,28,Partial,No,No,No,65,None,Signal Violation,Multi-vehicle pileup,Front,2,183,Peak,14.1,18.5,0,1,2,Severe,High
PK-2024-02381,2024-09-10,19:35,Punjab,Bahawalpur,Rural,29.6407,73.0258,Cloudy,273,30.1,0.6,Street-lit,Potholed,Asphalt,6,50,Sharp,Flat,Physical,No,2,Motorcycle;Motorcycle,4.4,No,37,No,Not Applicable,No,No,50,None,Human Error,Side-swipe,Side,2,911,Peak,1.1,3.0,0,0,1,Minor,Low
PK-2024-02382,2024-09-22,00:07,Punjab,Multan,Urban,31.4886,72.8445,Clear,20,29.0,13.3,Daylight,Dry,Asphalt,2,50,Straight,Uphill,Physical,Yes,2,Bicycle;Motorcycle,17.6,Yes,28,Yes,Partial,No,No,60,None,Signal Violation,Fixed-object,Front,3,1810,Peak,4.6,8.9,0,0,2,Moderate,Medium
PK-2024-02383,2024-07-28,12:58,Sindh,Karachi,Urban,25.8685,67.592,Rain,106,37.9,18.1,Street-lit,Dry,Asphalt,2,110,Gentle,Downhill,Physical,No,2,Motorcycle;Truck,17.5,No,33,Partial,No,No,No,105,None,Speeding,Head-on,Front,1,674,Off-peak,3.8,10.1,2,4,2,Total,Critical
PK-2024-02384,2024-04-06,11:48,Punjab,Faisalabad,Urban,31.7937,74.4992,Fog,107,9.2,6.4,Street-lit,Dry,Asphalt,4,60,Sharp,Downhill,None,No,2,Bus;Motorcycle,15.3,No,24,Yes,No,No,No,80,Braking,Animal Crossing,Pedestrian,Roof,1,906,Peak,63.8,81.1,0,1,4,Severe,High
PK-2024-02385,2024-10-11,06:08,Punjab,Sialkot,Highway,31.8321,72.8474,Rain,669,39.4,23.4,Dawn-Dusk,Wet,Asphalt,4,100,Gentle,Flat,Physical,No,3,Truck;Car;Car,2.9,Yes,53,No,Yes,No,No,115,Swerving,Human Error,Side-swipe,Roof,2,918,Peak,11.2,18.1,0,3,4,Moderate,High
PK-2024-02386,2024-05-25,10:30,Sindh,Hyderabad,Rural,24.8584,67.8328,Dust Storm,262,31.4,10.3,Tunnel,Wet,Gravel,2,60,Gentle,Uphill,Physical,Yes,1,Motorcycle,13.3,No,40,No,Yes,No,No,55,Swerving,Speeding,Multi-vehicle pileup,Front,1,1413,Off-peak,35.8,53.9,1,3,3,Severe,Critical
PK-2024-02387,2024-09-03,16:56,Punjab,Faisalabad,Highway,30.2477,73.5041,Rain,344,18.7,23.0,Street-lit,Muddy,Asphalt,2,50,Straight,Flat,Painted,No,4,Car;Motorcycle;Motorcycle;Bus,17.5,No,21,Yes,No,No,Unknown,80,Braking,Overloading,Side-swipe,Front,1,1998,Off-peak,36.1,49.3,0,3,3,Severe,High
PK-2024-02388,2024-07-18,07:04,Punjab,Multan,Residential,31.9206,72.772,Dust Storm,33,28.9,20.2,Street-lit,Dry,Concrete,4,100,Gentle,Flat,Painted,No,2,Truck;Motorcycle,15.1,No,16,No,Yes,No,No,130,None,Overloading,Side-swipe,Front,1,1910,Peak,5.7,12.6,1,2,3,Total,Critical
PK-2024-02389,2024-06-24,01:37,Punjab,Gujranwala,Residential,30.4444,73.0305,Rain,621,38.4,8.8,Daylight,Wet,Concrete,1,30,Straight,Uphill,Painted,No,1,Bicycle,12.9,No,31,Yes,Partial,No,Unknown,35,Swerving,Wrong Side,Head-on,Rear,1,840,Off-peak,8.2,18.0,0,0,1,Minor,Low
PK-2024-02390,2024-11-07,00:50,Punjab,Lahore,Rural,31.4901,74.0122,Haze,1500,18.6,7.8,Daylight,Potholed,Gravel,2,30,Sharp,Downhill,Painted,No,3,Car;Car;Truck,13.2,No,20,No,Not Applicable,No,No,20,Braking,Weather,Rear-end,Side,1,1661,Peak,14.5,15.2,0,0,0,Minor,Low
PK-2024-02391,2024-04-04,09:46,Punjab,Lahore,Residential,30.783,72.8555,Dust Storm,331,42.1,15.2,Unlit,Dry,Asphalt,3,40,Sharp,Flat,Physical,Yes,2,Bus;Car,11.5,Yes,32,Yes,Yes,No,No,40,Braking,Animal Crossing,Pedestrian,Front,2,1937,Peak,6.2,14.1,0,1,3,Minor,Medium
PK-2024-02392,2024-01-04,02:37,Sindh,Larkana,Highway,24.7766,66.5141,Clear,364,29.6,15.1,Dawn-Dusk,Muddy,Asphalt,3,50,Straight,Downhill,Painted,No,5,Truck;Truck;Car;Motorcycle;Car,10.6,No,52,Partial,Not Applicable,No,No,65,Braking,Speeding,Rollover,Roof,2,1854,Peak,2.6,10.3,1,2,2,Moderate,High
PK-2024-02393,2024-12-07,03:49,Islamabad,Islamabad,Highway,33.7208,72.4645,Haze,325,28.5,39.8,Daylight,Dry,Asphalt,6,80,Gentle,Flat,Physical,Yes,4,Truck;Auto-rickshaw;Car;Bus,19.5,No,24,Partial,Partial,Yes,No,75,None,Overloading,Rear-end,Side,3,689,Off-peak,7.0,12.7,0,1,1,Moderate,Medium
PK-2024-02394,2024-03-22,17:41,Balochistan,Khuzdar,Rural,28.32,66.8252,Haze,510,50.0,3.4,Daylight,Dry,Concrete,2,40,Gentle,Flat,Physical,Yes,4,Car;Car;Motorcycle;Auto-rickshaw,8.7,No,29,No,Yes,No,No,30,Braking,Speeding,Rear-end,Front,3,954,Off-peak,0.5,3.0,0,0,1,None,Low
PK-2024-02395,2024-03-19,11:30,Punjab,Sargodha,Highway,31.5637,72.9843,Clear,742,46.0,1.0,Daylight,Potholed,Asphalt,2,100,Straight,Flat,None,No,3,Truck;Car;Car,16.6,Yes,18,Partial,Not Applicable,No,No,95,None,Weather,Fixed-object,Side,2,808,Peak,4.3,13.0,0,2,3,Moderate,High
PK-2024-02396,2024-01-06,11:44,Islamabad,Islamabad,Highway,34.8166,73.9767,Clear,110,36.4,37.3,Daylight,Potholed,Asphalt,4,30,Straight,Flat,Painted,Yes,4,Bus;Bus;Truck;Bicycle,16.4,No,47,Partial,Not Applicable,No,Unknown,40,Braking,Speeding,Rollover,Front,1,183,Peak,0.5,10.8,0,2,1,Moderate,Medium
PK-2024-02397,2024-10-02,15:23,Sindh,Nawabshah,Urban,25.9159,67.4289,Fog,655,31.6,24.3,Street-lit,Muddy,Concrete,2,50,Sharp,Downhill,Physical,Yes,2,Bus;Motorcycle,11.1,No,28,No,No,No,Unknown,90,Braking,Mobile Phone,Pedestrian,Side,1,70,Off-peak,7.8,11.7,1,3,2,Total,Critical
PK-2024-02398,2024-04-20,06:26,Balochistan,Khuzdar,Rural,28.648,66.0611,Cloudy,825,32.4,2.8,Unlit,Potholed,Asphalt,4,30,Straight,Uphill,Physical,No,3,Motorcycle;Motorcycle;Motorcycle,16.2,Yes,23,No,Yes,No,Unknown,50,None,Wrong Side,Fixed-object,Side,1,1032,Off-peak,8.6,13.7,0,1,2,Moderate,High
PK-2024-02399,2024-10-22,02:24,Punjab,Multan,Highway,31.3905,73.151,Haze,98,31.3,17.5,Tunnel,Flooding,Concrete,1,100,Gentle,Uphill,Physical,Yes,2,Auto-rickshaw;Car,19.9,No,18,No,Yes,Yes,No,105,Swerving,Weather,Head-on,Front,2,736,Peak,4.3,9.4,1,3,2,Total,Critical
PK-2024-02400,2024-03-07,19:50,Sindh,Nawabshah,Urban,24.517,68.345,Cloudy,292,35.1,3.6,Daylight,Potholed,Asphalt,4,100,Straight,Uphill,Painted,Yes,3,Car;Motorcycle;Car,17.5,No,50,Partial,Not Applicable,No,No,140,None,Signal Violation,Head-on,Side,2,263,Off-peak,1.4,6.0,1,3,1,Total,Critical
PK-2024-02401,2024-11-27,03:24,Sindh,Sukkur,Highway,26.8891,68.9071,Clear,337,23.4,2.0,Street-lit,Potholed,Dirt,2,50,Hairpin,Uphill,None,Yes,2,Car;Car,8.4,No,52,No,No,No,No,60,Braking,Speeding,Side-swipe,Front,1,1734,Off-peak,1.4,11.3,0,0,0,None,Low
PK-2024-02402,2024-06-28,00:39,Punjab,Lahore,Urban,29.9662,72.456,Cloudy,44,12.8,5.5,Daylight,Dry,Concrete,4,40,Gentle,Downhill,Physical,Yes,2,Auto-rickshaw;Motorcycle,10.3,No,34,No,Not Applicable,No,No,50,None,Wrong Side,Fixed-object,Side,2,602,Peak,8.5,13.8,0,0,1,Minor,Low
PK-2024-02403,2024-09-27,00:18,Punjab,Sialkot,Urban,29.6199,74.4571,Clear,116,46.9,10.5,Street-lit,Wet,Concrete,2,30,Sharp,Flat,Physical,No,2,Car;Auto-rickshaw,2.8,No,21,No,Yes,No,No,40,None,Speeding,Side-swipe,Front,2,1130,Off-peak,6.0,15.1,0,0,1,None,Low
PK-2024-02404,2024-11-15,18:54,Balochistan,Khuzdar,Urban,28.3376,65.3263,Heavy Rain,123,27.9,1.6,Daylight,Wet,Asphalt,2,60,Hairpin,Flat,None,No,3,Motorcycle;Car;Motorcycle,3.5,No,43,No,Not Applicable,No,No,60,Swerving,Speeding,Rear-end,Rear,1,808,Off-peak,4.7,5.4,0,1,2,Moderate,Medium
PK-2024-02405,2024-01-01,16:02,Sindh,Larkana,Urban,26.3919,67.7326,Fog,198,22.9,3.6,Dawn-Dusk,Icy,Asphalt,2,50,Gentle,Flat,Painted,No,2,Car;Auto-rickshaw,6.5,No,34,Yes,No,No,No,55,None,Human Error,Side-swipe,Side,1,512,Peak,4.3,6.9,0,0,0,None,Low
PK-2024-02406,2024-06-10,08:21,Punjab,Gujranwala,Urban,30.9845,73.3309,Cloudy,1156,25.7,21.5,Daylight,Dry,Asphalt,2,60,Straight,Downhill,Painted,No,5,Motorcycle;Auto-rickshaw;Motorcycle;Motorcycle;Truck,19.7,No,21,Yes,Partial,No,No,75,Swerving,Weather,Pedestrian,Rear,1,455,Peak,19.0,31.3,0,0,1,Minor,Low
PK-2024-02407,2024-06-26,09:02,Sindh,Sukkur,Urban,24.6208,66.8374,Haze,208,22.1,2.0,Dawn-Dusk,Potholed,Gravel,3,110,Gentle,Flat,Painted,No,3,Motorcycle;Bus;Motorcycle,19.5,No,26,Yes,Not Applicable,No,No,110,None,Signal Violation,Fixed-object,Rear,1,1253,Off-peak,2.4,9.0,0,3,4,Moderate,High
PK-2024-02408,2024-05-24,01:11,KPK,Peshawar,Rural,33.19,71.4212,Fog,210,32.8,9.0,Street-lit,Dry,Asphalt,2,80,Straight,Flat,Physical,Yes,2,Bus;Motorcycle,4.8,No,33,Partial,Partial,No,No,120,Braking,Speeding,Side-swipe,Rear,3,803,Peak,0.5,5.9,0,1,2,Severe,High
PK-2024-02409,2024-08-28,08:39,Punjab,Bahawalpur,Rural,29.7619,73.6908,Clear,122,30.7,8.8,Street-lit,Potholed,Gravel,4,110,Sharp,Flat,None,No,3,Motorcycle;Car;Car,3.3,No,31,No,No,Yes,Unknown,110,Swerving,Human Error,Multi-vehicle pileup,Front,1,1116,Peak,2.5,7.2,1,3,1,Total,Critical
PK-2024-02410,2024-05-20,05:23,Sindh,Hyderabad,Rural,25.8203,68.8723,Fog,188,16.7,0.1,Daylight,Icy,Asphalt,6,110,Gentle,Flat,Painted,Yes,2,Motorcycle;Auto-rickshaw,13.3,No,48,Partial,No,No,No,110,None,Human Error,Side-swipe,Rear,2,1151,Off-peak,6.8,14.5,1,3,1,Total,Critical
PK-2024-02411,2024-12-04,13:23,Sindh,Nawabshah,Urban,25.7109,67.4069,Dust Storm,1223,34.1,15.8,Street-lit,Potholed,Dirt,6,110,Gentle,Uphill,None,Yes,3,Car;Motorcycle;Car,8.8,No,47,Partial,No,No,No,100,Braking,Speeding,Pedestrian,Rear,2,380,Off-peak,51.4,66.6,1,2,1,Total,Critical
PK-2024-02412,2024-09-14,13:13,Punjab,Multan,Rural,30.3265,73.5855,Clear,24,27.1,6.2,Dawn-Dusk,Potholed,Asphalt,4,80,Gentle,Flat,Physical,No,2,Motorcycle;Car,5.5,No,46,Partial,Yes,Yes,Yes,120,Swerving,Mechanical Failure,Head-on,Front,1,262,Peak,10.4,14.5,2,3,1,Total,Critical
PK-2024-02413,2024-12-20,19:34,Islamabad,Islamabad,Rural,33.302,71.5253,Clear,36,33.2,6.0,Daylight,Dry,Asphalt,4,60,Hairpin,Downhill,Painted,Yes,2,Motorcycle;Car,5.5,Yes,27,No,No,No,No,55,Swerving,Human Error,Pedestrian,Roof,1,521,Off-peak,7.8,17.7,0,0,2,Moderate,Medium
PK-2024-02414,2024-12-04,15:29,Sindh,Nawabshah,Urban,24.89,68.2289,Cloudy,442,13.7,16.4,Street-lit,Construction,Gravel,2,60,Sharp,Uphill,Physical,Yes,2,Motorcycle;Bus,19.8,No,35,Yes,Yes,No,No,65,Swerving,Overloading,Side-swipe,Front,2,182,Off-peak,13.4,20.8,0,0,2,Minor,Low
PK-2024-02415,2024-03-24,11:34,Punjab,Bahawalpur,Urban,31.9795,73.1953,Fog,76,42.0,1.9,Daylight,Muddy,Asphalt,2,60,Gentle,Downhill,None,No,5,Motorcycle;Auto-rickshaw;Car;Motorcycle;Motorcycle,19.5,Yes,62,Yes,Partial,No,No,80,None,Animal Crossing,Side-swipe,Front,1,391,Off-peak,0.5,3.6,0,3,3,Moderate,High
PK-2024-02416,2024-10-14,07:48,Balochistan,Quetta,Rural,29.0863,65.4618,Haze,656,30.1,0.1,Unlit,Potholed,Gravel,4,40,Straight,Downhill,Painted,No,2,Truck;Motorcycle,7.9,No,30,Yes,Not Applicable,No,Yes,70,Swerving,Speeding,Pedestrian,Rear,2,1193,Off-peak,13.1,24.5,0,2,3,Severe,High
PK-2024-02417,2024-07-10,11:53,Islamabad,Islamabad,Urban,33.5968,71.7477,Heavy Rain,183,30.8,25.0,Street-lit,Wet,Gravel,4,80,Straight,Flat,Painted,No,3,Car;Motorcycle;Auto-rickshaw,19.6,No,28,Yes,Not Applicable,No,No,95,None,Mechanical Failure,Side-swipe,Side,2,108,Off-peak,29.6,45.1,1,2,4,Moderate,High
PK-2024-02418,2024-03-02,20:29,Punjab,Sargodha,Highway,29.7052,74.474,Cloudy,398,36.0,7.7,Unlit,Dry,Dirt,2,110,Gentle,Uphill,Physical,Yes,3,Motorcycle;Motorcycle;Bus,3.2,No,32,No,Yes,No,No,120,Braking,Wrong Side,Fixed-object,Front,2,934,Off-peak,14.2,27.2,0,1,3,Severe,High
PK-2024-02419,2024-11-15,03:49,Sindh,Nawabshah,Rural,24.696,67.4076,Clear,687,13.7,38.4,Daylight,Wet,Asphalt,2,60,Gentle,Flat,None,No,3,Bicycle;Car;Motorcycle,10.6,No,23,Partial,No,No,No,75,Swerving,Speeding,Rear-end,Side,2,260,Peak,2.0,8.5,0,0,2,Minor,Medium
PK-2024-02420,2024-05-12,09:28,Sindh,Karachi,Rural,24.5394,68.59,Clear,102,17.8,2.6,Daylight,Muddy,Gravel,2,30,Sharp,Flat,Painted,Yes,3,Truck;Bus;Car,5.2,No,34,No,Yes,No,No,45,Braking,Human Error,Head-on,Side,2,1085,Peak,39.0,50.4,0,1,2,Moderate,Medium
PK-2024-02421,2024-11-13,17:13,Sindh,Larkana,Residential,24.7547,68.7315,Clear,1500,39.0,5.5,Unlit,Construction,Dirt,3,30,Straight,Downhill,Physical,Yes,3,Motorcycle;Bus;Car,3.3,No,16,No,Partial,No,No,30,Braking,Signal Violation,Side-swipe,Front,2,203,Peak,0.5,4.1,0,0,1,Minor,Low
PK-2024-02422,2024-07-27,09:51,Sindh,Hyderabad,Residential,25.7106,66.8206,Haze,559,42.2,5.0,Street-lit,Dry,Gravel,3,50,Straight,Uphill,Physical,No,2,Car;Auto-rickshaw,9.8,No,46,Yes,Yes,No,No,50,None,Human Error,Rear-end,Front,1,808,Off-peak,8.3,17.0,0,0,1,None,Low
PK-2024-02423,2024-12-16,23:08,Sindh,Karachi,Residential,24.121,69.359,Fog,812,38.6,1.5,Daylight,Wet,Dirt,1,100,Straight,Flat,None,No,2,Car;Truck,10.9,No,35,Yes,Yes,No,No,115,Swerving,Wrong Side,Rear-end,Side,1,472,Peak,36.1,47.8,0,1,3,Minor,Medium
PK-2024-02424,2024-09-20,01:35,Punjab,Sialkot,Urban,31.8506,72.6813,Clear,20,30.2,10.3,Unlit,Muddy,Asphalt,4,60,Sharp,Flat,Physical,No,2,Motorcycle;Truck,9.5,Yes,53,Yes,No,No,No,60,None,Mobile Phone,Fixed-object,Side,2,370,Off-peak,3.9,8.1,1,2,2,Total,Critical
PK-2024-02425,2024-06-05,12:58,Balochistan,Khuzdar,Highway,29.2124,65.1283,Fog,105,26.5,0.2,Daylight,Wet,Asphalt,4,60,Gentle,Downhill,Painted,No,3,Motorcycle;Car;Truck,11.3,No,52,Yes,Not Applicable,No,No,75,Braking,Speeding,Rear-end,Side,1,593,Peak,35.6,48.4,0,0,2,Moderate,Medium
PK-2024-02426,2024-11-13,14:54,Sindh,Larkana,Residential,25.3987,67.695,Cloudy,540,31.9,10.2,Tunnel,Muddy,Concrete,2,100,Straight,Flat,Painted,Yes,2,Motorcycle;Motorcycle,18.5,Yes,23,Partial,Not Applicable,No,No,115,Braking,Signal Violation,Head-on,Side,2,981,Peak,37.6,45.5,1,4,3,Severe,Critical