incident_id,date,time,province,district,road_type,latitude,longitude,weather,visibility_meters,temperature_c,wind_speed_kmh,lighting,road_condition,surface_material,number_of_lanes,speed_limit_kmh,road_curvature,road_gradient,median_type,shoulder_available,num_vehicles,vehicle_types,vehicle_avg_age_years,overloading_detected,driver_age,helmet_usage,seatbelt_usage,mobile_phone_suspected,alcohol_drug_suspected,speed_at_impact_kmh,evasive_action,accident_cause,collision_type,impact_point,num_collisions,traffic_volume_per_hour,peak_off_peak,distance_to_hospital_km,expected_response_min,fatalities,serious_injuries,minor_injuries,property_damage_level,severity
PK-2024-02427,2024-11-21,23:23,Punjab,Lahore,Rural,31.2278,72.5604,Clear,251,19.8,27.6,Daylight,Construction,Asphalt,4,60,Gentle,Flat,Painted,Yes,3,Car;Bus;Truck,9.4,No,31,Partial,Not Applicable,No,No,50,Braking,Human Error,Multi-vehicle pileup,Side,1,685,Off-peak,3.8,10.4,0,0,0,Minor,Low
PK-2024-02428,2024-09-20,22:41,Sindh,Nawabshah,Urban,25.9405,67.7311,Rain,39,33.0,10.1,Street-lit,Dry,Asphalt,3,60,Sharp,Downhill,Physical,Yes,2,Motorcycle;Motorcycle,5.6,No,16,No,Not Applicable,Yes,No,55,Swerving,Speeding,Head-on,Front,1,624,Peak,14.8,19.6,1,3,4,Severe,High
PK-2024-02429,2024-09-19,17:01,Sindh,Nawabshah,Urban,25.9189,68.3526,Cloudy,1047,20.3,1.3,Unlit,Icy,Asphalt,4,80,Straight,Flat,Painted,Yes,3,Truck;Auto-rickshaw;Truck,3.8,No,29,Yes,Not Applicable,No,No,85,None,Signal Violation,Multi-vehicle pileup,Roof,2,1645,Off-peak,2.8,8.7,0,3,2,Moderate,High
PK-2024-02430,2024-03-12,17:35,Sindh,Nawabshah,Residential,24.3775,68.5878,Rain,93,14.9,42.9,Street-lit,Construction,Asphalt,2,60,Straight,Downhill,Physical,No,2,Car;Bicycle,4.0,No,36,No,No,No,No,100,Braking,Drunk Driving,Rear-end,Side,1,389,Peak,5.5,13.2,3,3,2,Total,Critical
PK-2024-02431,2024-07-08,13:43,Punjab,Rawalpindi,Rural,32.3855,72.4361,Clear,1155,14.8,46.2,Tunnel,Dry,Asphalt,2,60,Straight,Flat,Painted,Yes,3,Truck;Car;Motorcycle,3.7,No,46,Yes,Not Applicable,No,Unknown,70,Braking,Mechanical Failure,Fixed-object,Rear,1,90,Off-peak,19.6,24.5,0,0,1,Minor,Low
PK-2024-02432,2024-02-21,20:24,Punjab,Gujranwala,Urban,30.5254,72.8158,Rain,263,35.9,2.3,Daylight,Wet,Concrete,3,80,Straight,Flat,Physical,No,2,Motorcycle;Motorcycle,16.2,Yes,37,No,Partial,No,No,100,None,Speeding,Side-swipe,Front,1,1578,Off-peak,4.0,11.8,0,2,4,Moderate,High
PK-2024-02433,2024-09-15,13:41,Islamabad,Islamabad,Urban,33.8976,73.7812,Cloudy,105,17.4,26.6,Street-lit,Wet,Asphalt,2,60,Gentle,Flat,Physical,No,2,Auto-rickshaw;Motorcycle,19.2,No,35,No,Partial,No,No,80,None,Signal Violation,Rear-end,Side,3,1011,Peak,11.0,13.6,0,2,4,Moderate,High
PK-2024-02434,2024-06-10,16:42,Sindh,Karachi,Urban,25.6691,69.265,Fog,20,37.0,6.7,Unlit,Construction,Asphalt,2,40,Hairpin,Flat,Physical,Yes,1,Auto-rickshaw,9.4,Yes,28,No,Not Applicable,No,No,40,None,Overloading,Head-on,Front,2,594,Peak,8.6,14.7,1,4,3,Severe,Critical
PK-2024-02435,2024-02-12,19:19,Islamabad,Islamabad,Rural,33.7579,74.0775,Rain,290,19.8,7.8,Dawn-Dusk,Dry,Asphalt,2,80,Straight,Flat,Physical,No,3,Bus;Motorcycle;Truck,13.3,No,23,Yes,Yes,Yes,No,85,None,Overloading,Rollover,Side,1,1150,Off-peak,2.9,8.2,0,0,2,Minor,Medium
PK-2024-02436,2024-05-19,18:28,Sindh,Larkana,Urban,24.3708,69.0645,Fog,108,26.8,7.5,Street-lit,Dry,Asphalt,3,80,Gentle,Uphill,None,Yes,3,Car;Motorcycle;Motorcycle,9.7,No,16,Yes,No,No,No,90,Braking,Weather,Pedestrian,Rear,2,1817,Peak,31.0,45.3,2,3,2,Severe,Critical
PK-2024-02437,2024-01-10,05:23,Punjab,Multan,Urban,29.8471,74.9609,Heavy Rain,73,33.2,0.2,Unlit,Potholed,Asphalt,2,100,Straight,Flat,None,Yes,2,Bicycle;Bicycle,17.1,No,50,No,Not Applicable,No,No,110,Swerving,Human Error,Pedestrian,Rear,1,347,Off-peak,3.8,9.5,1,2,3,Severe,Critical
PK-2024-02438,2024-03-17,18:39,Balochistan,Quetta,Rural,30.4781,65.9405,Rain,83,35.2,16.4,Daylight,Construction,Asphalt,3,50,Gentle,Flat,None,No,3,Car;Car;Car,4.7,No,20,No,Not Applicable,No,No,50,Braking,Wrong Side,Head-on,Front,2,1863,Peak,8.9,19.2,0,2,3,Severe,High
PK-2024-02439,2024-07-15,01:49,Punjab,Gujranwala,Highway,31.2819,72.2594,Heavy Rain,234,35.9,7.8,Daylight,Wet,Gravel,1,110,Straight,Flat,None,Yes,4,Bus;Car;Bus;Truck,10.1,No,25,No,Yes,No,No,115,Braking,Wrong Side,Rear-end,Roof,2,870,Off-peak,4.5,7.7,1,2,2,Severe,High
PK-2024-02440,2024-03-18,04:12,Sindh,Nawabshah,Rural,26.8188,69.4758,Fog,110,26.5,18.6,Daylight,Potholed,Asphalt,4,60,Straight,Downhill,Physical,Yes,2,Motorcycle;Motorcycle,7.8,No,29,Yes,Not Applicable,No,No,50,Swerving,Wrong Side,Rear-end,Side,3,638,Peak,4.9,10.7,0,1,3,Moderate,Medium
PK-2024-02441,2024-03-24,10:52,Sindh,Hyderabad,Highway,24.04,67.4556,Clear,826,27.9,20.8,Street-lit,Dry,Concrete,2,60,Sharp,Flat,Physical,Yes,5,Motorcycle;Motorcycle;Car;Car;Motorcycle,15.9,No,43,Partial,Not Applicable,No,No,90,Braking,Weather,Multi-vehicle pileup,Rear,1,932,Peak,1.3,11.5,0,2,2,Moderate,High
PK-2024-02442,2024-12-21,12:57,KPK,Swat,Residential,33.5043,72.8105,Rain,1250,31.1,7.9,Unlit,Wet,Asphalt,3,60,Straight,Uphill,None,No,2,Auto-rickshaw;Motorcycle,12.3,Yes,47,Yes,Yes,Yes,No,50,None,Speeding,Multi-vehicle pileup,Side,2,390,Peak,2.0,9.0,1,3,4,Severe,High
PK-2024-02443,2024-04-26,01:07,Punjab,Sargodha,Residential,32.4118,72.2971,Clear,188,29.2,59.2,Unlit,Dry,Concrete,4,40,Straight,Flat,Physical,No,2,Truck;Auto-rickshaw,18.7,No,31,Yes,Yes,Yes,No,40,None,Human Error,Pedestrian,Roof,1,276,Peak,16.8,32.3,0,0,1,None,Low
PK-2024-02444,2024-03-01,14:29,Sindh,Sukkur,Highway,26.8463,68.9623,Clear,109,32.0,2.1,Street-lit,Icy,Asphalt,2,40,Straight,Uphill,None,Yes,2,Auto-rickshaw;Motorcycle,13.9,No,33,Yes,No,No,No,80,None,Human Error,Rear-end,Side,2,1911,Peak,5.2,14.7,0,2,4,Severe,High
PK-2024-02445,2024-07-17,18:02,Sindh,Sukkur,Highway,26.0036,67.7261,Clear,194,44.3,17.0,Unlit,Dry,Asphalt,2,50,Straight,Downhill,None,Yes,3,Motorcycle;Car;Auto-rickshaw,10.2,No,20,No,No,No,No,50,None,Human Error,Side-swipe,Front,1,1541,Peak,0.5,5.4,0,0,1,None,Low
PK-2024-02446,2024-09-06,06:39,Punjab,Gujranwala,Urban,32.1466,74.4856,Haze,1097,32.9,10.0,Street-lit,Dry,Asphalt,6,110,Straight,Flat,Physical,Yes,3,Motorcycle;Car;Motorcycle,9.8,No,44,Partial,Partial,No,No,110,None,Wrong Side,Side-swipe,Rear,2,1446,Peak,3.9,10.2,0,0,0,Minor,Low
PK-2024-02447,2024-07-14,01:08,Punjab,Multan,Rural,29.5149,74.2746,Clear,273,31.7,1.7,Street-lit,Dry,Asphalt,2,40,Gentle,Flat,Physical,No,2,Bicycle;Car,15.3,No,54,Yes,No,Yes,No,40,None,Signal Violation,Pedestrian,Side,1,96,Off-peak,6.1,15.4,0,0,1,Minor,Low
PK-2024-02448,2024-12-20,07:23,KPK,Abbottabad,Rural,32.2602,72.6485,Dust Storm,116,34.6,14.6,Street-lit,Dry,Gravel,2,50,Gentle,Flat,Painted,No,4,Truck;Auto-rickshaw;Car;Auto-rickshaw,12.6,No,36,Yes,No,No,No,80,Braking,Speeding,Rear-end,Front,1,1684,Off-peak,19.8,29.0,0,2,4,Moderate,High
PK-2024-02449,2024-06-03,20:16,Sindh,Karachi,Urban,25.6584,67.6278,Heavy Rain,244,30.4,7.1,Street-lit,Wet,Gravel,2,60,Gentle,Flat,None,No,2,Bus;Auto-rickshaw,5.9,No,27,Partial,Yes,No,Unknown,70,Braking,Human Error,Head-on,Side,1,273,Off-peak,7.5,18.4,0,1,2,Minor,Medium
PK-2024-02450,2024-01-01,03:27,KPK,Mardan,Rural,32.8003,71.78,Haze,50,49.6,0.3,Daylight,Flooding,Asphalt,2,60,Straight,Uphill,Physical,Yes,3,Motorcycle;Motorcycle;Car,10.0,No,56,Yes,No,No,No,60,None,Speeding,Rollover,Rear,1,829,Off-peak,73.4,90.0,3,3,3,Severe,Critical
PK-2024-02451,2024-09-10,17:51,Balochistan,Quetta,Residential,29.5588,67.9901,Cloudy,66,24.6,2.9,Daylight,Dry,Concrete,4,110,Straight,Uphill,Physical,Yes,3,Motorcycle;Auto-rickshaw;Motorcycle,3.4,No,26,No,Yes,No,Unknown,115,Braking,Human Error,Rollover,Side,1,86,Off-peak,2.0,9.1,0,0,3,Minor,Medium
PK-2024-02452,2024-04-22,10:00,KPK,Abbottabad,Rural,33.4114,71.1023,Rain,1071,16.0,23.7,Tunnel,Dry,Dirt,6,80,Straight,Flat,None,Yes,4,Car;Motorcycle;Truck;Truck,5.1,Yes,36,Yes,Yes,No,No,85,Swerving,Wrong Side,Head-on,Side,1,619,Peak,12.4,19.1,0,0,2,Minor,Medium
PK-2024-02453,2024-01-11,17:47,Punjab,Faisalabad,Rural,31.7765,74.7555,Clear,449,34.6,24.5,Dawn-Dusk,Construction,Asphalt,3,60,Gentle,Uphill,Physical,Yes,2,Auto-rickshaw;Auto-rickshaw,14.2,No,47,Yes,Yes,Yes,No,60,Braking,Wrong Side,Rear-end,Rear,3,560,Peak,5.6,13.8,0,0,0,Minor,Low
PK-2024-02454,2024-08-04,14:54,Punjab,Rawalpindi,Urban,29.5821,73.0555,Clear,32,29.1,1.0,Daylight,Construction,Asphalt,4,100,Sharp,Flat,Physical,Yes,1,Bus,16.3,Yes,55,No,Yes,Yes,No,115,Braking,Speeding,Rear-end,Side,1,616,Off-peak,10.5,18.1,0,3,4,Moderate,High
PK-2024-02455,2024-08-06,22:31,Balochistan,Quetta,Urban,29.1696,67.6096,Rain,889,44.3,0.9,Street-lit,Potholed,Concrete,2,60,Straight,Uphill,Physical,Yes,3,Auto-rickshaw;Auto-rickshaw;Motorcycle,10.1,Yes,34,No,Partial,No,No,80,None,Human Error,Side-swipe,Side,1,176,Off-peak,1.3,5.0,0,0,2,Minor,Medium
PK-2024-02456,2024-07-26,16:16,Punjab,Faisalabad,Residential,30.2664,74.3384,Fog,466,23.3,28.9,Daylight,Dry,Asphalt,4,120,Gentle,Uphill,None,No,1,Auto-rickshaw,12.0,No,41,Partial,No,No,No,140,Swerving,Signal Violation,Head-on,Roof,1,1747,Peak,0.5,3.0,0,2,4,Severe,High
PK-2024-02457,2024-03-27,13:38,Balochistan,Quetta,Urban,28.0405,67.3322,Clear,430,31.7,3.5,Street-lit,Dry,Concrete,3,80,Sharp,Flat,Physical,Yes,2,Car;Car,14.5,No,26,No,No,No,No,120,Braking,Human Error,Pedestrian,Roof,2,832,Peak,9.1,17.0,0,2,3,Severe,High
PK-2024-02458,2024-08-09,11:06,Punjab,Rawalpindi,Urban,30.99,72.132,Fog,1500,20.8,24.6,Daylight,Dry,Asphalt,6,50,Gentle,Flat,Physical,Yes,3,Bicycle;Car;Motorcycle,11.7,No,27,No,No,No,No,60,Braking,Human Error,Pedestrian,Front,1,841,Off-peak,1.0,3.0,0,0,2,Minor,Low
PK-2024-02459,2024-02-23,17:26,Balochistan,Khuzdar,Urban,29.3702,65.3623,Cloudy,575,36.5,14.2,Street-lit,Dry,Asphalt,3,110,Gentle,Flat,Physical,Yes,2,Car;Auto-rickshaw,3.7,No,26,No,Not Applicable,No,No,125,Swerving,Speeding,Fixed-object,Front,1,1378,Off-peak,18.1,25.7,0,1,3,Moderate,Medium
PK-2024-02460,2024-09-16,08:54,Punjab,Bahawalpur,Residential,29.8664,73.2761,Clear,258,33.3,23.8,Street-lit,Dry,Concrete,6,100,Gentle,Uphill,Physical,Yes,2,Motorcycle;Bicycle,7.7,No,44,Yes,Yes,No,Unknown,130,Braking,Overloading,Rear-end,Side,1,277,Off-peak,32.3,46.5,0,0,1,Moderate,Medium
PK-2024-02461,2024-02-07,01:12,KPK,Peshawar,Urban,34.0216,72.8357,Rain,866,18.0,8.5,Dawn-Dusk,Dry,Asphalt,4,120,Hairpin,Flat,Physical,Yes,2,Motorcycle;Car,12.0,No,35,Yes,Not Applicable,No,No,135,Swerving,Speeding,Side-swipe,Rear,1,856,Off-peak,0.5,6.2,0,2,3,Moderate,Medium
PK-2024-02462,2024-11-27,09:29,Punjab,Sargodha,Highway,30.9841,74.1375,Clear,326,28.2,13.8,Street-lit,Dry,Gravel,2,60,Gentle,Flat,Painted,Yes,2,Car;Car,6.6,No,35,No,Yes,Yes,No,75,Swerving,Human Error,Head-on,Rear,1,493,Peak,20.7,29.6,0,0,0,Minor,Low
PK-2024-02463,2024-02-03,06:30,Sindh,Sukkur,Residential,25.8081,66.7982,Cloudy,186,28.4,2.8,Daylight,Dry,Asphalt,3,50,Gentle,Uphill,Painted,Yes,4,Motorcycle;Bicycle;Bicycle;Bicycle,17.5,No,32,Yes,Yes,No,No,50,None,Animal Crossing,Rear-end,Rear,1,1307,Off-peak,5.6,9.8,0,0,1,Minor,Low
PK-2024-02464,2024-10-23,19:32,Punjab,Sargodha,Urban,31.547,73.0027,Cloudy,108,32.3,1.4,Dawn-Dusk,Dry,Asphalt,6,60,Sharp,Flat,Physical,Yes,2,Motorcycle;Car,7.1,No,41,No,Yes,No,No,60,None,Human Error,Rear-end,Side,3,1053,Off-peak,2.1,5.1,0,0,2,Minor,Low
PK-2024-02465,2024-12-26,08:19,Sindh,Nawabshah,Urban,26.2687,67.2101,Clear,675,5.0,41.2,Daylight,Dry,Dirt,4,50,Gentle,Uphill,None,Yes,3,Bus;Motorcycle;Motorcycle,16.5,Yes,23,No,No,No,No,65,Braking,Mechanical Failure,Rollover,Rear,2,693,Off-peak,18.1,24.5,0,3,2,Severe,High
PK-2024-02466,2024-03-03,16:46,KPK,Peshawar,Highway,34.892,71.6057,Clear,64,29.0,12.2,Dawn-Dusk,Potholed,Concrete,2,80,Straight,Flat,Physical,Yes,3,Bicycle;Truck;Auto-rickshaw,2.5,Yes,16,No,Not Applicable,No,No,80,None,Signal Violation,Rear-end,Side,1,680,Off-peak,1.4,9.3,1,2,3,Severe,Critical
PK-2024-02467,2024-06-22,03:37,Punjab,Multan,Highway,29.8304,74.4856,Rain,89,22.4,3.3,Dawn-Dusk,Dry,Dirt,2,50,Gentle,Downhill,Painted,No,4,Car;Motorcycle;Auto-rickshaw;Car,7.6,No,17,Yes,Not Applicable,No,No,45,Swerving,Weather,Rear-end,Roof,1,333,Peak,12.7,21.0,0,0,1,None,Low
PK-2024-02468,2024-05-24,04:12,KPK,Mardan,Urban,34.3623,72.7947,Cloudy,511,41.1,19.0,Street-lit,Dry,Asphalt,3,50,Sharp,Flat,None,No,2,Car;Car,10.9,No,19,No,No,No,No,65,Swerving,Mobile Phone,Rollover,Side,1,358,Off-peak,15.9,24.5,0,2,3,Moderate,Medium
PK-2024-02469,2024-06-06,05:31,Sindh,Sukkur,Rural,26.0629,66.5678,Cloudy,244,32.4,4.2,Daylight,Wet,Asphalt,2,110,Straight,Flat,Physical,Yes,2,Truck;Motorcycle,19.6,No,50,Partial,Not Applicable,No,No,140,Swerving,Speeding,Rollover,Side,1,1754,Peak,0.5,10.1,0,1,2,Severe,High
PK-2024-02470,2024-02-13,14:08,Punjab,Multan,Rural,31.2304,72.4755,Dust Storm,20,26.6,4.3,Daylight,Dry,Gravel,1,40,Straight,Uphill,Painted,Yes,2,Car;Motorcycle,20.0,No,38,No,Not Applicable,No,No,35,Braking,Overloading,Multi-vehicle pileup,Side,2,1559,Off-peak,14.1,22.2,0,3,2,Severe,High
PK-2024-02471,2024-05-28,19:47,Sindh,Sukkur,Rural,26.0232,67.8083,Heavy Rain,20,26.0,0.7,Daylight,Construction,Concrete,3,50,Straight,Downhill,Physical,No,4,Motorcycle;Motorcycle;Auto-rickshaw;Car,6.5,No,36,No,Yes,Yes,Unknown,65,Braking,Mobile Phone,Pedestrian,Side,1,879,Off-peak,1.4,9.5,1,2,2,Severe,High
PK-2024-02472,2024-07-26,03:26,Punjab,Multan,Rural,30.2369,74.5466,Clear,1500,25.1,1.7,Dawn-Dusk,Potholed,Asphalt,4,30,Straight,Uphill,Physical,Yes,3,Car;Motorcycle;Motorcycle,18.1,No,33,Yes,Not Applicable,No,No,35,Swerving,Human Error,Rollover,Rear,1,1684,Off-peak,0.9,8.3,0,0,1,Minor,Low
PK-2024-02473,2024-07-03,01:06,Punjab,Bahawalpur,Highway,31.273,72.362,Heavy Rain,238,27.6,16.1,Street-lit,Dry,Asphalt,2,80,Hairpin,Flat,Painted,Yes,2,Motorcycle;Motorcycle,19.6,No,44,Yes,No,No,No,85,Braking,Speeding,Rear-end,Side,2,1146,Off-peak,31.4,39.8,1,4,3,Total,Critical
PK-2024-02474,2024-06-03,22:26,Punjab,Sialkot,Urban,29.8683,72.5586,Heavy Rain,248,37.9,4.9,Daylight,Dry,Asphalt,1,80,Gentle,Uphill,Physical,No,4,Car;Bus;Bicycle;Motorcycle,3.7,No,16,No,Yes,No,No,80,None,Mobile Phone,Multi-vehicle pileup,Front,3,458,Peak,14.4,20.2,3,3,1,Severe,Critical
PK-2024-02475,2024-07-10,04:30,Punjab,Sargodha,Urban,30.7402,72.267,Clear,217,29.5,17.5,Unlit,Dry,Asphalt,4,100,Sharp,Flat,Physical,Yes,2,Motorcycle;Car,8.8,No,26,Partial,Yes,No,No,120,None,Human Error,Pedestrian,Rear,2,1209,Peak,4.4,5.9,1,2,3,Moderate,High
PK-2024-02476,2024-02-09,11:06,Punjab,Gujranwala,Urban,31.1941,74.0055,Dust Storm,500,23.1,38.8,Daylight,Wet,Asphalt,2,120,Gentle,Flat,None,No,3,Motorcycle;Car;Truck,10.0,No,31,Yes,No,No,No,140,Braking,Signal Violation,Rear-end,Front,2,1535,Peak,4.0,7.3,0,2,2,Severe,High
PK-2024-02477,2024-04-17,05:18,Islamabad,Islamabad,Urban,34.745,73.4924,Rain,44,24.6,28.0,Street-lit,Construction,Asphalt,4,60,Straight,Flat,None,No,2,Bus;Auto-rickshaw,4.5,Yes,30,Yes,Not Applicable,No,No,65,None,Animal Crossing,Fixed-object,Front,2,676,Off-peak,7.1,14.7,0,2,1,Moderate,Medium
PK-2024-02478,2024-02-22,08:15,Punjab,Sialkot,Urban,31.1722,73.3679,Cloudy,663,36.3,1.2,Unlit,Flooding,Gravel,2,30,Gentle,Downhill,Painted,No,5,Truck;Auto-rickshaw;Car;Car;Car,14.6,No,32,No,No,No,No,45,Braking,Mechanical Failure,Multi-vehicle pileup,Front,2,133,Peak,2.3,11.2,1,1,4,Severe,High
PK-2024-02479,2024-09-26,09:01,Islamabad,Islamabad,Highway,33.6156,73.6505,Clear,131,22.0,13.9,Daylight,Muddy,Asphalt,4,60,Gentle,Flat,Painted,Yes,2,Car;Bicycle,14.8,No,16,Partial,Yes,No,No,90,Swerving,Signal Violation,Rollover,Rear,1,1678,Off-peak,0.5,6.7,1,3,3,Total,Critical
PK-2024-02480,2024-12-09,23:13,Balochistan,Gwadar,Rural,30.2246,65.5679,Haze,1500,13.1,18.3,Street-lit,Flooding,Concrete,2,60,Sharp,Uphill,None,No,2,Motorcycle;Motorcycle,19.8,No,33,Yes,Yes,No,No,60,Swerving,Overloading,Rollover,Roof,1,1915,Off-peak,7.0,12.2,1,1,2,Severe,High
PK-2024-02481,2024-11-28,22:51,Sindh,Hyderabad,Residential,25.7348,67.2911,Clear,717,30.0,2.6,Tunnel,Muddy,Dirt,2,30,Gentle,Flat,None,Yes,2,Motorcycle;Motorcycle,10.8,No,47,No,Yes,No,No,40,None,Animal Crossing,Head-on,Side,2,578,Peak,8.2,16.5,0,0,0,None,Low
PK-2024-02482,2024-06-25,17:09,KPK,Abbottabad,Rural,34.3402,72.2291,Rain,47,36.2,7.7,Street-lit,Construction,Gravel,6,50,Sharp,Downhill,Physical,No,3,Truck;Bus;Truck,9.0,No,16,Partial,Not Applicable,Yes,No,60,None,Human Error,Multi-vehicle pileup,Rear,2,1391,Off-peak,16.1,19.7,1,4,3,Total,Critical
PK-2024-02483,2024-12-05,21:53,Balochistan,Gwadar,Rural,29.8892,65.2657,Heavy Rain,89,38.2,6.5,Daylight,Dry,Asphalt,2,110,Hairpin,Uphill,Painted,Yes,3,Bus;Truck;Bus,17.1,No,36,No,Yes,No,Unknown,120,Braking,Wrong Side,Fixed-object,Side,2,1523,Peak,0.5,11.0,1,3,1,Total,Critical
PK-2024-02484,2024-05-09,14:23,Sindh,Larkana,Residential,26.9538,67.7391,Fog,543,27.8,25.6,Street-lit,Dry,Asphalt,4,50,Straight,Uphill,Painted,No,2,Motorcycle;Motorcycle,12.0,Yes,46,Yes,Not Applicable,No,Unknown,80,None,Overloading,Head-on,Rear,2,1732,Peak,7.2,16.0,0,2,4,Severe,High
PK-2024-02485,2024-04-18,09:52,Balochistan,Turbat,Urban,28.8881,65.2851,Dust Storm,943,31.2,67.8,Street-lit,Dry,Asphalt,2,50,Straight,Flat,Painted,Yes,2,Car;Motorcycle,15.2,Yes,16,No,No,No,No,90,Swerving,Weather,Rear-end,Side,3,928,Peak,11.3,21.5,1,2,1,Total,Critical
PK-2024-02486,2024-03-12,20:24,Punjab,Faisalabad,Urban,29.8334,73.4154,Cloudy,224,36.9,3.5,Street-lit,Icy,Asphalt,2,80,Gentle,Downhill,Painted,Yes,3,Truck;Car;Bicycle,17.4,Yes,21,Yes,Yes,No,No,85,None,Human Error,Rear-end,Side,1,1948,Peak,3.2,10.5,0,0,2,Minor,Medium
PK-2024-02487,2024-01-03,05:23,Punjab,Multan,Highway,31.6874,72.654,Fog,27,40.6,5.3,Tunnel,Wet,Dirt,2,110,Straight,Flat,Physical,Yes,3,Car;Motorcycle;Motorcycle,4.3,No,39,Yes,Yes,No,No,115,Braking,Overloading,Rear-end,Side,1,1706,Peak,5.6,16.7,0,2,4,Moderate,High
PK-2024-02488,2024-02-11,23:19,Sindh,Sukkur,Highway,24.3186,68.7018,Rain,1014,23.2,0.2,Daylight,Dry,Dirt,2,30,Straight,Uphill,None,No,2,Car;Car,13.7,No,32,Yes,Not Applicable,Yes,No,45,None,Wrong Side,Rear-end,Rear,2,1088,Off-peak,2.6,9.9,0,0,0,None,Low
PK-2024-02489,2024-08-19,02:22,Sindh,Sukkur,Residential,25.0581,67.8905,Clear,122,29.8,24.4,Street-lit,Wet,Gravel,2,50,Straight,Flat,Painted,Yes,2,Car;Auto-rickshaw,7.0,No,24,Partial,Yes,Yes,No,50,Swerving,Wrong Side,Rear-end,Rear,1,1149,Peak,11.5,21.1,0,0,1,Minor,Low
PK-2024-02490,2024-01-13,00:44,Punjab,Gujranwala,Rural,30.6385,72.836,Haze,247,29.2,21.0,Daylight,Muddy,Gravel,3,50,Straight,Downhill,None,Yes,3,Car;Motorcycle;Auto-rickshaw,18.9,No,41,Yes,Partial,No,No,70,Braking,Human Error,Side-swipe,Roof,1,173,Off-peak,18.9,29.0,0,0,2,Moderate,Medium
PK-2024-02491,2024-12-04,09:00,KPK,Dera Ismail Khan,Rural,32.2214,70.398,Fog,1173,42.5,4.2,Tunnel,Icy,Asphalt,4,60,Straight,Flat,None,Yes,1,Car,19.5,No,38,Yes,Yes,No,No,70,None,Speeding,Multi-vehicle pileup,Side,1,1095,Off-peak,26.2,37.8,0,1,3,Moderate,High
PK-2024-02492,2024-06-26,08:45,Islamabad,Islamabad,Residential,34.4814,73.7365,Heavy Rain,1368,27.4,35.2,Dawn-Dusk,Wet,Asphalt,3,120,Sharp,Flat,Painted,Yes,3,Car;Truck;Car,5.5,No,51,No,No,No,No,125,Swerving,Speeding,Fixed-object,Side,1,358,Off-peak,21.0,31.0,1,4,1,Total,Critical
PK-2024-02493,2024-12-03,09:36,KPK,Dera Ismail Khan,Urban,34.4861,70.842,Haze,1008,21.9,29.3,Dawn-Dusk,Potholed,Concrete,2,60,Straight,Flat,Physical,Yes,4,Car;Car;Car;Motorcycle,9.7,No,29,Yes,Yes,No,No,80,Braking,Speeding,Rear-end,Front,2,335,Peak,24.6,33.6,0,0,3,Moderate,Medium
PK-2024-02494,2024-04-13,19:36,Sindh,Nawabshah,Urban,25.4552,68.9621,Fog,308,41.7,7.5,Tunnel,Icy,Gravel,2,80,Straight,Downhill,Painted,Yes,2,Auto-rickshaw;Auto-rickshaw,18.0,No,36,No,Yes,Yes,No,70,None,Signal Violation,Pedestrian,Front,3,903,Peak,17.3,25.6,0,2,3,Severe,High
PK-2024-02495,2024-10-20,19:25,Sindh,Hyderabad,Highway,26.4051,67.235,Clear,505,39.4,23.9,Dawn-Dusk,Potholed,Asphalt,4,120,Sharp,Downhill,Painted,No,2,Car;Car,14.6,No,56,Partial,Not Applicable,No,No,110,Swerving,Overloading,Rollover,Front,2,1717,Off-peak,16.7,23.8,1,3,2,Severe,Critical
PK-2024-02496,2024-12-11,02:54,KPK,Mardan,Urban,32.9618,71.046,Clear,316,25.2,6.6,Daylight,Wet,Asphalt,1,60,Sharp,Uphill,Painted,No,3,Auto-rickshaw;Motorcycle;Motorcycle,5.8,No,36,Partial,Not Applicable,No,No,60,Braking,Human Error,Head-on,Side,1,1899,Peak,27.0,37.9,0,0,2,None,Low
PK-2024-02497,2024-05-26,11:26,Punjab,Faisalabad,Residential,30.4451,72.4698,Clear,627,23.6,33.2,Tunnel,Icy,Concrete,2,50,Sharp,Downhill,Physical,No,5,Motorcycle;Car;Auto-rickshaw;Bicycle;Auto-rickshaw,18.2,No,19,Yes,Yes,No,No,40,Braking,Weather,Rear-end,Front,1,154,Peak,2.5,6.5,0,0,2,Minor,Low
PK-2024-02498,2024-06-15,03:54,Punjab,Sialkot,Residential,32.4494,74.9349,Rain,1500,34.9,7.5,Daylight,Icy,Asphalt,2,30,Sharp,Flat,None,No,3,Truck;Motorcycle;Bus,12.0,No,20,Yes,Yes,No,Unknown,45,Swerving,Overloading,Side-swipe,Side,1,1373,Off-peak,5.6,10.7,0,0,0,Minor,Low
PK-2024-02499,2024-07-17,23:41,Sindh,Karachi,Urban,24.5793,68.0626,Fog,970,33.2,48.0,Street-lit,Potholed,Concrete,2,60,Straight,Uphill,Painted,No,2,Truck;Auto-rickshaw,11.6,No,45,No,Yes,No,No,60,Swerving,Human Error,Multi-vehicle pileup,Front,2,310,Off-peak,2.4,9.3,1,2,2,Severe,High