incident_id,date,time,province,district,road_type,latitude,longitude,weather,visibility_meters,temperature_c,wind_speed_kmh,lighting,road_condition,surface_material,number_of_lanes,speed_limit_kmh,road_curvature,road_gradient,median_type,shoulder_available,num_vehicles,vehicle_types,vehicle_avg_age_years,overloading_detected,driver_age,helmet_usage,seatbelt_usage,mobile_phone_suspected,alcohol_drug_suspected,speed_at_impact_kmh,evasive_action,accident_cause,collision_type,impact_point,num_collisions,traffic_volume_per_hour,peak_off_peak,distance_to_hospital_km,expected_response_min,fatalities,serious_injuries,minor_injuries,property_damage_level,severity
PK-2024-02500,2024-02-07,22:50,Punjab,Lahore,Residential,32.1359,72.154,Cloudy,20,41.4,3.1,Dawn-Dusk,Dry,Asphalt,2,120,Straight,Downhill,Painted,No,1,Car,5.7,No,35,No,Not Applicable,No,No,150,None,Mobile Phone,Side-swipe,Roof,1,1880,Off-peak,4.1,5.1,0,0,2,Moderate,Medium
PK-2024-02501,2024-09-02,14:33,Balochistan,Khuzdar,Rural,27.5964,67.4336,Clear,169,34.0,11.2,Street-lit,Wet,Asphalt,1,110,Gentle,Uphill,Physical,No,2,Auto-rickshaw;Car,15.8,No,28,Partial,Yes,No,No,140,None,Speeding,Multi-vehicle pileup,Side,1,603,Peak,9.9,12.3,2,3,3,Total,Critical
PK-2024-02502,2024-04-14,06:01,Sindh,Hyderabad,Urban,25.5902,67.3979,Cloudy,20,13.4,9.3,Daylight,Potholed,Gravel,2,120,Gentle,Uphill,None,No,2,Car;Bus,11.3,No,46,Partial,No,No,No,115,Braking,Signal Violation,Fixed-object,Front,2,1840,Peak,23.6,26.1,0,2,2,Moderate,High
PK-2024-02503,2024-06-05,22:56,Sindh,Karachi,Rural,24.9306,68.3488,Haze,365,32.7,6.9,Dawn-Dusk,Muddy,Dirt,1,100,Straight,Uphill,None,Yes,4,Car;Bus;Car;Auto-rickshaw,2.1,No,21,No,Yes,Yes,No,100,None,Human Error,Multi-vehicle pileup,Roof,1,321,Peak,9.3,17.2,2,2,2,Total,Critical
PK-2024-02504,2024-02-22,14:42,Punjab,Rawalpindi,Rural,29.5622,72.8457,Clear,317,32.6,24.4,Daylight,Icy,Asphalt,4,80,Straight,Flat,Painted,No,2,Motorcycle;Car,7.0,No,55,Partial,No,No,No,100,Braking,Weather,Fixed-object,Front,1,94,Peak,32.6,49.6,0,2,4,Severe,High
PK-2024-02505,2024-10-17,09:53,Balochistan,Gwadar,Residential,28.3774,65.6422,Rain,112,35.0,27.0,Street-lit,Icy,Asphalt,2,30,Gentle,Uphill,Painted,Yes,2,Car;Car,12.1,Yes,16,No,Partial,No,No,60,None,Mobile Phone,Head-on,Front,2,1127,Peak,3.1,10.7,1,3,1,Total,Critical
PK-2024-02506,2024-06-27,06:19,Sindh,Nawabshah,Highway,24.4104,67.2555,Dust Storm,956,39.7,7.4,Street-lit,Muddy,Gravel,2,50,Sharp,Flat,Physical,No,2,Bus;Bus,2.4,No,42,Yes,Partial,No,Unknown,65,Swerving,Speeding,Fixed-object,Roof,2,1438,Off-peak,15.2,19.3,3,4,2,Total,Critical
PK-2024-02507,2024-03-09,00:51,Punjab,Rawalpindi,Highway,32.3722,73.0903,Clear,180,11.0,33.0,Tunnel,Wet,Gravel,2,50,Gentle,Flat,Painted,No,3,Motorcycle;Bicycle;Truck,9.0,Yes,16,No,No,Yes,No,50,Braking,Speeding,Rear-end,Rear,1,1097,Peak,34.3,46.0,0,1,3,Severe,High
PK-2024-02508,2024-03-02,02:32,KPK,Abbottabad,Highway,34.6159,71.6379,Fog,132,19.8,9.7,Unlit,Wet,Dirt,1,80,Straight,Flat,Physical,No,2,Car;Motorcycle,8.6,No,39,Partial,Yes,No,No,95,Swerving,Speeding,Rear-end,Roof,1,589,Peak,14.9,18.3,1,4,1,Total,Critical
PK-2024-02509,2024-05-01,22:14,Punjab,Sialkot,Highway,32.436,72.8337,Dust Storm,67,40.0,4.8,Tunnel,Wet,Asphalt,1,100,Sharp,Uphill,Painted,Yes,4,Auto-rickshaw;Truck;Motorcycle;Motorcycle,7.8,No,17,No,No,No,No,140,Braking,Mobile Phone,Head-on,Side,2,260,Off-peak,0.5,7.6,1,3,3,Severe,Critical
PK-2024-02510,2024-10-10,21:13,KPK,Mardan,Rural,33.5839,72.6895,Fog,72,14.0,46.3,Daylight,Dry,Asphalt,2,80,Gentle,Flat,Physical,Yes,3,Auto-rickshaw;Car;Car,10.5,No,46,Yes,Partial,No,Unknown,70,None,Wrong Side,Head-on,Side,1,1477,Off-peak,17.2,24.3,0,3,2,Severe,High
PK-2024-02511,2024-12-10,17:38,Punjab,Multan,Residential,31.9379,73.8747,Clear,552,29.5,6.4,Street-lit,Wet,Concrete,4,50,Straight,Uphill,Painted,Yes,3,Truck;Auto-rickshaw;Truck,5.7,No,39,Yes,No,No,No,50,Swerving,Human Error,Head-on,Rear,1,1505,Peak,11.8,17.4,0,0,0,Minor,Low
PK-2024-02512,2024-08-17,01:31,Punjab,Bahawalpur,Urban,30.8291,73.2234,Haze,1134,22.9,7.6,Street-lit,Dry,Dirt,6,110,Hairpin,Flat,Painted,Yes,2,Motorcycle;Motorcycle,18.1,No,52,No,No,No,No,110,Swerving,Weather,Rollover,Side,1,1786,Off-peak,13.0,20.7,1,2,2,Severe,Critical
PK-2024-02513,2024-09-18,03:32,Sindh,Larkana,Rural,25.5621,67.3731,Rain,1054,29.6,4.8,Unlit,Dry,Concrete,2,60,Straight,Flat,Physical,Yes,2,Auto-rickshaw;Motorcycle,3.4,No,34,Yes,Yes,No,No,65,Braking,Signal Violation,Multi-vehicle pileup,Side,1,790,Off-peak,0.5,3.0,0,0,0,Minor,Low
PK-2024-02514,2024-06-20,05:52,Punjab,Multan,Residential,31.2793,73.5418,Cloudy,925,33.2,4.7,Unlit,Potholed,Asphalt,3,100,Straight,Uphill,Physical,Yes,1,Car,15.2,No,16,No,Not Applicable,No,No,140,None,Speeding,Pedestrian,Rear,2,1734,Peak,4.4,9.9,2,4,3,Total,Critical
PK-2024-02515,2024-11-08,12:26,Punjab,Sialkot,Rural,31.1669,73.3942,Cloudy,1500,27.4,16.9,Street-lit,Muddy,Gravel,2,50,Gentle,Flat,None,No,3,Bus;Motorcycle;Bus,10.6,No,56,Yes,Not Applicable,No,No,65,Swerving,Weather,Multi-vehicle pileup,Side,2,1303,Off-peak,9.1,18.0,1,1,2,Severe,High
PK-2024-02516,2024-09-02,12:51,Punjab,Bahawalpur,Rural,30.0873,74.8949,Fog,628,32.2,14.4,Unlit,Dry,Dirt,4,50,Straight,Flat,Painted,No,3,Motorcycle;Car;Motorcycle,4.3,No,28,Yes,No,No,No,70,Braking,Speeding,Side-swipe,Side,2,1638,Peak,3.4,3.2,0,1,3,Moderate,Medium
PK-2024-02517,2024-05-07,18:11,KPK,Peshawar,Urban,32.2896,72.8005,Rain,415,42.4,11.9,Daylight,Potholed,Dirt,4,40,Straight,Uphill,Physical,No,4,Bicycle;Truck;Truck;Car,2.2,No,31,No,Not Applicable,No,No,55,None,Mobile Phone,Rear-end,Front,1,1041,Off-peak,12.4,17.2,0,1,1,Moderate,Medium
PK-2024-02518,2024-01-08,23:07,Punjab,Gujranwala,Highway,32.2384,72.2366,Fog,1500,26.5,12.8,Tunnel,Muddy,Asphalt,4,50,Gentle,Flat,Physical,Yes,4,Motorcycle;Car;Auto-rickshaw;Motorcycle,12.0,No,41,No,No,Yes,No,45,Braking,Speeding,Head-on,Side,2,1899,Peak,12.8,18.2,1,2,3,Moderate,High
PK-2024-02519,2024-11-12,06:52,Sindh,Karachi,Urban,24.229,68.673,Haze,645,26.4,19.7,Unlit,Dry,Gravel,1,80,Straight,Flat,Painted,Yes,5,Motorcycle;Bicycle;Car;Bus;Car,9.0,Yes,35,Partial,Yes,No,No,75,Braking,Drunk Driving,Fixed-object,Roof,2,1835,Peak,28.9,42.3,0,0,1,Moderate,Medium
PK-2024-02520,2024-03-08,16:08,KPK,Mardan,Rural,33.5072,71.5816,Cloudy,20,25.1,39.4,Street-lit,Muddy,Dirt,2,40,Sharp,Flat,Painted,No,2,Truck;Bus,15.7,No,28,Yes,Yes,No,No,55,None,Speeding,Head-on,Front,1,754,Peak,16.8,25.5,2,4,3,Total,Critical
PK-2024-02521,2024-01-19,00:19,Sindh,Karachi,Highway,25.1774,66.8064,Cloudy,124,27.7,0.4,Unlit,Wet,Asphalt,2,60,Gentle,Uphill,Painted,Yes,3,Motorcycle;Motorcycle;Bus,18.1,No,29,Partial,Yes,No,No,100,Swerving,Mobile Phone,Multi-vehicle pileup,Rear,1,1427,Off-peak,0.5,7.3,1,2,2,Severe,Critical
PK-2024-02522,2024-11-13,19:56,KPK,Abbottabad,Rural,32.1006,70.0968,Cloudy,161,32.3,13.6,Street-lit,Flooding,Dirt,4,50,Gentle,Uphill,Physical,Yes,4,Car;Motorcycle;Motorcycle;Car,19.8,No,16,Yes,No,No,No,50,Braking,Mobile Phone,Fixed-object,Roof,1,1065,Peak,7.4,14.3,0,1,4,Moderate,High
PK-2024-02523,2024-08-03,08:32,Sindh,Sukkur,Rural,25.9257,68.0358,Clear,46,31.4,62.9,Daylight,Muddy,Asphalt,4,50,Gentle,Downhill,None,Yes,2,Car;Motorcycle,14.1,No,20,Yes,Yes,No,No,65,Braking,Human Error,Side-swipe,Front,1,1946,Off-peak,3.8,9.4,0,0,1,Minor,Low
PK-2024-02524,2024-12-21,00:12,Punjab,Sialkot,Residential,30.8516,74.424,Haze,20,31.5,4.8,Daylight,Dry,Asphalt,2,40,Gentle,Uphill,Painted,Yes,2,Auto-rickshaw;Bus,13.7,No,16,No,Yes,Yes,No,50,Swerving,Human Error,Head-on,Front,1,1239,Off-peak,4.6,3.8,0,0,1,None,Low
PK-2024-02525,2024-03-10,17:21,Punjab,Rawalpindi,Urban,30.1798,72.2388,Cloudy,777,32.0,9.3,Dawn-Dusk,Potholed,Gravel,3,100,Straight,Flat,None,Yes,3,Motorcycle;Motorcycle;Motorcycle,15.1,No,56,Yes,Yes,No,No,110,Swerving,Human Error,Pedestrian,Roof,3,949,Off-peak,28.6,35.5,0,3,3,Severe,High
PK-2024-02526,2024-08-16,04:38,Punjab,Sargodha,Rural,30.7771,73.5064,Fog,120,43.5,6.1,Daylight,Potholed,Asphalt,6,50,Gentle,Flat,Physical,Yes,3,Auto-rickshaw;Motorcycle;Auto-rickshaw,14.3,No,53,No,No,No,No,50,None,Wrong Side,Rollover,Roof,3,990,Off-peak,1.4,9.5,2,4,2,Severe,Critical
PK-2024-02527,2024-05-28,23:53,Punjab,Sialkot,Highway,32.0561,72.6799,Rain,106,19.3,15.4,Daylight,Dry,Asphalt,4,60,Straight,Flat,Physical,No,2,Car;Bicycle,6.0,No,31,No,Yes,No,No,55,None,Human Error,Rollover,Front,3,1899,Peak,10.2,22.6,0,3,4,Moderate,High
PK-2024-02528,2024-09-15,15:11,Balochistan,Khuzdar,Rural,27.6813,66.9198,Rain,752,29.4,45.4,Street-lit,Potholed,Dirt,2,110,Straight,Downhill,Painted,No,2,Truck;Truck,10.3,No,21,No,Not Applicable,No,No,110,Braking,Human Error,Side-swipe,Front,1,521,Peak,27.3,42.1,0,2,2,Moderate,High
PK-2024-02529,2024-12-01,09:15,Balochistan,Quetta,Highway,28.4188,66.7057,Clear,156,27.9,5.3,Unlit,Wet,Gravel,2,60,Gentle,Flat,Physical,Yes,1,Car,16.5,No,46,Partial,Yes,No,No,70,None,Speeding,Rear-end,Roof,1,1614,Peak,4.5,9.7,0,0,0,None,Low
PK-2024-02530,2024-05-03,17:23,KPK,Abbottabad,Residential,33.8248,72.0396,Cloudy,181,29.6,3.0,Daylight,Dry,Asphalt,4,100,Straight,Uphill,Physical,Yes,3,Car;Car;Motorcycle,12.8,No,26,Yes,Yes,No,No,115,None,Human Error,Side-swipe,Roof,2,1392,Off-peak,7.2,11.6,0,0,1,Minor,Low
PK-2024-02531,2024-10-25,02:16,Sindh,Larkana,Urban,26.4087,68.7093,Clear,238,38.5,0.4,Street-lit,Dry,Concrete,2,50,Straight,Uphill,Painted,No,2,Motorcycle;Auto-rickshaw,3.7,No,35,Yes,No,No,No,80,Braking,Speeding,Rear-end,Side,1,788,Peak,18.1,31.6,0,0,1,Minor,Low
PK-2024-02532,2024-12-18,20:44,Punjab,Bahawalpur,Urban,29.7887,72.1591,Cloudy,550,37.0,0.3,Street-lit,Dry,Asphalt,4,40,Straight,Flat,Painted,Yes,4,Auto-rickshaw;Car;Bus;Car,3.6,No,22,Yes,Partial,No,No,60,Swerving,Human Error,Rear-end,Side,1,1441,Peak,20.3,29.1,0,0,2,Minor,Low
PK-2024-02533,2024-05-17,16:05,Punjab,Rawalpindi,Rural,30.9954,74.1805,Rain,470,40.0,24.0,Street-lit,Icy,Asphalt,4,40,Hairpin,Flat,Painted,No,2,Motorcycle;Auto-rickshaw,6.5,No,35,No,Yes,No,No,55,None,Human Error,Head-on,Front,2,1229,Off-peak,15.1,21.3,1,4,2,Total,Critical
PK-2024-02534,2024-01-05,18:40,Balochistan,Turbat,Residential,29.1277,66.054,Clear,470,28.5,40.6,Street-lit,Dry,Asphalt,2,110,Straight,Flat,Physical,No,3,Car;Motorcycle;Motorcycle,9.7,No,16,No,No,No,Unknown,130,Swerving,Animal Crossing,Pedestrian,Side,3,1327,Peak,13.5,19.9,2,2,1,Total,Critical
PK-2024-02535,2024-12-12,06:35,Punjab,Sargodha,Urban,31.6491,72.3854,Cloudy,62,19.3,1.8,Tunnel,Dry,Gravel,6,80,Straight,Flat,None,No,3,Bicycle;Car;Car,13.4,No,37,No,Not Applicable,No,No,100,None,Speeding,Rear-end,Roof,1,1824,Peak,4.5,14.1,0,2,3,Severe,High
PK-2024-02536,2024-01-10,02:07,KPK,Mardan,Urban,32.0551,70.4281,Fog,128,27.8,6.3,Daylight,Dry,Asphalt,2,60,Hairpin,Uphill,Painted,No,2,Car;Truck,5.5,Yes,33,Yes,Not Applicable,No,No,60,None,Mechanical Failure,Rollover,Side,1,1348,Off-peak,8.6,15.6,0,3,3,Severe,High
PK-2024-02537,2024-09-05,03:34,Punjab,Gujranwala,Residential,31.0832,72.1507,Rain,112,29.1,8.0,Unlit,Dry,Asphalt,2,50,Sharp,Downhill,None,Yes,4,Car;Motorcycle;Motorcycle;Car,11.9,No,51,No,No,No,No,50,Swerving,Speeding,Side-swipe,Side,1,1147,Peak,3.1,11.5,0,1,2,Moderate,Medium
PK-2024-02538,2024-09-19,10:33,Sindh,Larkana,Highway,24.5946,66.5058,Cloudy,240,20.9,1.3,Dawn-Dusk,Dry,Asphalt,4,120,Straight,Uphill,Physical,Yes,2,Car;Truck,14.4,No,38,Partial,Not Applicable,No,No,160,Braking,Speeding,Head-on,Roof,2,513,Peak,0.7,3.7,1,4,2,Severe,Critical
PK-2024-02539,2024-06-10,00:26,Sindh,Karachi,Urban,24.8794,69.4278,Dust Storm,650,16.3,0.5,Tunnel,Dry,Gravel,2,30,Sharp,Downhill,None,No,2,Truck;Motorcycle,11.3,No,29,No,Not Applicable,No,Unknown,30,Swerving,Human Error,Side-swipe,Side,1,1161,Off-peak,13.7,14.3,0,0,0,None,Low
PK-2024-02540,2024-04-14,00:56,Punjab,Lahore,Urban,31.5718,73.9519,Cloudy,288,19.8,7.5,Street-lit,Dry,Asphalt,4,60,Straight,Downhill,Physical,Yes,2,Bicycle;Motorcycle,5.1,No,35,No,No,No,No,70,Swerving,Drunk Driving,Multi-vehicle pileup,Front,2,1123,Off-peak,0.8,4.0,0,2,3,Severe,High
PK-2024-02541,2024-10-13,08:29,Balochistan,Khuzdar,Urban,29.5905,65.4373,Clear,356,35.2,10.9,Daylight,Muddy,Asphalt,2,60,Straight,Flat,Physical,Yes,4,Bicycle;Motorcycle;Car;Motorcycle,10.8,No,52,Yes,Not Applicable,No,No,60,Braking,Signal Violation,Side-swipe,Front,3,1577,Off-peak,5.0,15.5,0,0,1,Minor,Low
PK-2024-02542,2024-03-09,08:46,Punjab,Multan,Highway,32.3277,73.0677,Cloudy,384,35.6,27.8,Daylight,Icy,Asphalt,2,100,Straight,Flat,None,Yes,3,Auto-rickshaw;Truck;Motorcycle,6.5,No,25,No,No,No,No,105,None,Overloading,Rear-end,Rear,2,604,Peak,0.9,5.6,3,3,1,Total,Critical
PK-2024-02543,2024-08-28,05:28,Punjab,Sialkot,Highway,31.9886,74.6011,Clear,357,47.4,31.1,Unlit,Dry,Asphalt,6,50,Sharp,Flat,None,Yes,3,Car;Motorcycle;Motorcycle,3.5,No,42,No,Yes,No,No,55,None,Animal Crossing,Multi-vehicle pileup,Rear,1,431,Peak,2.4,9.1,0,2,2,Severe,High
PK-2024-02544,2024-07-28,20:36,Punjab,Lahore,Urban,32.0557,73.9801,Haze,347,36.3,13.0,Unlit,Icy,Asphalt,2,40,Sharp,Uphill,None,Yes,3,Motorcycle;Motorcycle;Motorcycle,18.3,No,34,No,Not Applicable,No,No,50,Swerving,Wrong Side,Rear-end,Side,1,94,Off-peak,37.8,44.5,0,1,2,Moderate,Medium
PK-2024-02545,2024-06-06,05:23,Balochistan,Quetta,Rural,27.5763,66.6328,Fog,120,46.7,0.8,Unlit,Dry,Asphalt,3,80,Hairpin,Downhill,None,No,4,Car;Motorcycle;Auto-rickshaw;Motorcycle,9.1,No,38,Yes,No,No,No,80,Swerving,Speeding,Fixed-object,Roof,1,925,Off-peak,6.3,10.3,2,4,3,Total,Critical
PK-2024-02546,2024-02-13,13:21,Sindh,Nawabshah,Residential,24.4758,67.4396,Clear,180,26.3,2.5,Unlit,Dry,Dirt,3,50,Straight,Flat,Painted,No,3,Motorcycle;Bicycle;Car,6.3,No,29,Yes,Yes,No,No,55,Swerving,Wrong Side,Head-on,Side,1,1496,Peak,14.7,18.5,0,0,0,Minor,Low
PK-2024-02547,2024-10-14,00:55,Sindh,Larkana,Urban,25.4296,68.9301,Cloudy,114,21.4,30.5,Street-lit,Flooding,Asphalt,4,80,Sharp,Flat,Painted,Yes,2,Car;Auto-rickshaw,14.0,No,53,No,Yes,No,No,75,Braking,Weather,Side-swipe,Rear,1,1583,Off-peak,7.9,11.5,0,1,1,Moderate,Medium
PK-2024-02548,2024-08-06,07:33,Punjab,Sialkot,Urban,32.2991,73.1884,Clear,326,36.5,10.4,Unlit,Dry,Asphalt,1,100,Sharp,Flat,Physical,No,2,Motorcycle;Truck,17.2,No,34,Partial,Not Applicable,No,No,140,Swerving,Drunk Driving,Rear-end,Roof,2,915,Peak,7.9,17.3,0,1,3,Severe,High
PK-2024-02549,2024-11-04,13:29,Punjab,Sialkot,Urban,32.3528,73.0766,Cloudy,367,35.6,0.1,Unlit,Muddy,Concrete,2,50,Gentle,Flat,Physical,Yes,2,Auto-rickshaw;Car,19.0,No,35,No,Not Applicable,Yes,No,65,None,Signal Violation,Side-swipe,Front,2,1530,Off-peak,21.4,32.2,0,1,1,Moderate,Medium
PK-2024-02550,2024-10-01,18:58,Punjab,Sargodha,Highway,30.5376,72.4725,Fog,914,19.9,2.8,Tunnel,Wet,Asphalt,3,60,Gentle,Uphill,None,Yes,3,Bicycle;Auto-rickshaw;Truck,8.9,No,27,Yes,Partial,No,No,75,None,Human Error,Side-swipe,Rear,1,1434,Peak,2.2,13.4,0,0,2,Minor,Medium
PK-2024-02551,2024-06-08,00:28,Punjab,Faisalabad,Urban,31.2753,74.9196,Fog,607,45.1,8.8,Dawn-Dusk,Dry,Asphalt,2,80,Straight,Flat,Painted,No,2,Bus;Motorcycle,9.8,No,33,Yes,No,No,No,80,Braking,Mobile Phone,Multi-vehicle pileup,Front,1,1267,Peak,1.3,6.2,0,1,1,Moderate,Medium
PK-2024-02552,2024-01-13,18:34,Punjab,Bahawalpur,Highway,30.6309,73.6495,Cloudy,1137,26.1,16.2,Daylight,Muddy,Concrete,3,40,Sharp,Uphill,Painted,Yes,2,Auto-rickshaw;Bicycle,11.8,No,33,Partial,Yes,No,No,40,None,Human Error,Rear-end,Front,1,1705,Off-peak,17.6,25.3,0,0,0,Minor,Low
PK-2024-02553,2024-01-26,16:38,KPK,Peshawar,Rural,32.5759,72.9863,Dust Storm,232,31.4,0.5,Dawn-Dusk,Flooding,Gravel,2,40,Gentle,Downhill,Physical,No,4,Auto-rickshaw;Motorcycle;Car;Motorcycle,5.5,No,38,Yes,Yes,No,No,40,None,Signal Violation,Rear-end,Side,2,1780,Off-peak,0.5,3.3,1,3,4,Severe,High
PK-2024-02554,2024-02-27,18:18,Sindh,Sukkur,Highway,26.5063,69.0905,Clear,78,37.7,1.8,Daylight,Flooding,Gravel,6,60,Sharp,Flat,Painted,No,2,Motorcycle;Motorcycle,2.5,Yes,36,Yes,Yes,Yes,No,50,Swerving,Human Error,Rear-end,Roof,3,1852,Off-peak,5.5,14.3,0,2,3,Severe,High
PK-2024-02555,2024-05-05,18:42,Punjab,Lahore,Rural,31.6558,74.2642,Clear,1278,31.3,5.7,Daylight,Construction,Concrete,4,50,Sharp,Downhill,None,Yes,4,Truck;Car;Car;Bus,15.5,No,29,Yes,No,No,No,55,None,Human Error,Rollover,Side,1,395,Off-peak,12.3,22.8,0,0,1,Moderate,Medium
PK-2024-02556,2024-12-22,08:43,Balochistan,Turbat,Residential,29.5517,67.3925,Haze,336,24.4,0.6,Daylight,Potholed,Asphalt,2,50,Straight,Flat,Painted,No,2,Motorcycle;Motorcycle,4.8,No,37,Yes,Yes,No,No,55,Braking,Human Error,Pedestrian,Side,2,1851,Off-peak,1.5,3.0,0,0,0,Minor,Low
PK-2024-02557,2024-05-25,09:33,Sindh,Karachi,Highway,26.5606,68.7916,Dust Storm,114,35.5,27.5,Dawn-Dusk,Dry,Concrete,2,120,Gentle,Uphill,Painted,Yes,3,Motorcycle;Car;Motorcycle,14.6,No,28,Yes,Not Applicable,Yes,No,130,Swerving,Speeding,Rear-end,Roof,1,1114,Off-peak,2.1,9.6,2,4,1,Total,Critical
PK-2024-02558,2024-06-18,18:57,Punjab,Rawalpindi,Highway,30.4938,72.3833,Haze,1079,19.4,7.5,Dawn-Dusk,Wet,Concrete,4,80,Gentle,Flat,Painted,Yes,1,Motorcycle,14.0,No,39,Partial,Yes,No,Unknown,75,Braking,Wrong Side,Side-swipe,Front,1,539,Peak,1.7,7.9,0,0,1,Minor,Low
PK-2024-02559,2024-01-15,08:37,Balochistan,Turbat,Highway,29.559,65.6334,Heavy Rain,267,27.2,11.2,Tunnel,Wet,Dirt,2,60,Gentle,Flat,None,No,2,Motorcycle;Motorcycle,15.1,Yes,27,No,No,No,No,100,Swerving,Mechanical Failure,Multi-vehicle pileup,Front,3,1318,Peak,13.0,20.2,3,3,3,Severe,Critical
PK-2024-02560,2024-08-08,02:40,Punjab,Faisalabad,Rural,29.8895,74.8837,Clear,53,29.9,50.6,Unlit,Dry,Asphalt,4,80,Gentle,Flat,Painted,No,3,Auto-rickshaw;Auto-rickshaw;Car,4.2,No,18,Partial,Partial,No,No,80,Braking,Weather,Side-swipe,Side,1,915,Off-peak,1.5,7.8,0,0,2,None,Low
PK-2024-02561,2024-05-22,18:10,Sindh,Larkana,Residential,26.6824,67.4347,Haze,163,30.8,1.5,Daylight,Icy,Asphalt,4,30,Straight,Uphill,Painted,Yes,2,Motorcycle;Motorcycle,4.9,No,39,Yes,No,No,Unknown,30,Swerving,Animal Crossing,Fixed-object,Front,1,1583,Off-peak,9.8,14.3,0,0,1,None,Low
PK-2024-02562,2024-02-22,21:30,Islamabad,Islamabad,Rural,33.2481,73.9769,Clear,99,40.5,13.1,Dawn-Dusk,Wet,Asphalt,4,120,Gentle,Uphill,Physical,No,2,Car;Auto-rickshaw,12.6,No,34,No,Not Applicable,No,No,140,Braking,Human Error,Rear-end,Rear,2,1862,Off-peak,8.4,15.1,0,0,3,Moderate,Medium
PK-2024-02563,2024-11-17,10:20,Sindh,Nawabshah,Urban,26.7379,68.565,Rain,1013,27.6,36.2,Street-lit,Construction,Asphalt,2,40,Gentle,Flat,None,Yes,2,Car;Motorcycle,7.8,No,27,Yes,Not Applicable,No,No,45,None,Overloading,Rear-end,Side,1,938,Peak,3.1,9.7,0,0,0,Minor,Low
PK-2024-02564,2024-08-23,10:21,Sindh,Karachi,Urban,25.5948,68.4474,Cloudy,116,32.2,6.9,Daylight,Wet,Concrete,4,100,Gentle,Flat,Physical,No,3,Motorcycle;Car;Car,19.3,No,45,No,No,No,No,110,Braking,Signal Violation,Side-swipe,Rear,1,1149,Off-peak,13.4,17.8,0,1,3,Moderate,Medium
PK-2024-02565,2024-04-23,19:32,KPK,Mardan,Urban,32.1138,70.1886,Cloudy,908,31.6,24.5,Street-lit,Flooding,Concrete,4,100,Sharp,Downhill,Painted,Yes,2,Car;Motorcycle,17.7,No,25,No,No,No,No,120,Swerving,Speeding,Multi-vehicle pileup,Side,3,784,Off-peak,19.2,29.9,1,3,1,Total,Critical
PK-2024-02566,2024-12-16,19:24,Punjab,Sialkot,Residential,31.2421,73.5546,Rain,86,25.0,10.1,Unlit,Wet,Gravel,2,40,Straight,Flat,Physical,Yes,2,Motorcycle;Car,10.4,No,43,Yes,Not Applicable,No,No,60,Braking,Mechanical Failure,Rear-end,Front,2,1168,Peak,9.0,17.1,0,0,0,None,Low
PK-2024-02567,2024-09-28,20:47,Punjab,Bahawalpur,Urban,32.407,74.9736,Cloudy,1500,32.4,18.7,Unlit,Dry,Asphalt,4,80,Straight,Flat,Painted,No,2,Motorcycle;Truck,4.3,No,40,Partial,No,Yes,Unknown,90,None,Mobile Phone,Head-on,Rear,3,301,Off-peak,6.7,14.6,1,3,2,Severe,Critical
PK-2024-02568,2024-09-14,00:52,Sindh,Karachi,Residential,25.6044,67.9376,Cloudy,332,25.3,1.4,Unlit,Dry,Asphalt,2,80,Sharp,Flat,Physical,No,1,Motorcycle,8.2,No,39,Yes,No,No,No,70,Swerving,Mobile Phone,Pedestrian,Front,1,927,Off-peak,4.8,10.3,0,0,3,Minor,Medium
PK-2024-02569,2024-10-19,09:28,Punjab,Faisalabad,Highway,32.4378,72.9228,Heavy Rain,929,17.1,5.0,Daylight,Dry,Asphalt,4,60,Gentle,Flat,Painted,Yes,3,Car;Car;Motorcycle,8.5,No,22,Yes,No,No,No,70,Braking,Mechanical Failure,Head-on,Front,1,1793,Peak,12.3,22.5,0,2,2,Severe,High
PK-2024-02570,2024-01-02,03:17,Punjab,Lahore,Rural,30.7399,73.5304,Rain,125,29.3,7.6,Unlit,Construction,Gravel,2,50,Hairpin,Uphill,Physical,No,2,Truck;Car,7.7,No,36,Partial,Not Applicable,No,No,50,Braking,Speeding,Head-on,Front,1,1538,Peak,19.3,21.4,0,2,2,Moderate,High
PK-2024-02571,2024-09-02,23:37,KPK,Dera Ismail Khan,Highway,34.8527,70.8618,Cloudy,295,31.9,8.5,Daylight,Muddy,Concrete,2,80,Sharp,Flat,Painted,No,2,Motorcycle;Car,7.7,No,52,Yes,Not Applicable,No,No,100,Braking,Human Error,Rear-end,Front,1,377,Off-peak,10.0,18.6,0,0,2,Minor,Medium
PK-2024-02572,2024-11-10,14:37,Islamabad,Islamabad,Rural,34.7583,71.6769,Heavy Rain,392,25.5,2.8,Street-lit,Wet,Asphalt,2,60,Straight,Flat,Physical,No,3,Truck;Car;Motorcycle,13.0,No,43,Partial,No,Yes,No,90,None,Overloading,Multi-vehicle pileup,Rear,1,1700,Peak,12.6,18.1,1,4,3,Total,Critical
PK-2024-02573,2024-09-12,12:45,KPK,Mardan,Rural,33.2848,71.2217,Clear,493,22.3,8.9,Dawn-Dusk,Dry,Concrete,2,60,Straight,Flat,Physical,Yes,3,Motorcycle;Motorcycle;Truck,5.6,No,39,No,No,No,No,65,Swerving,Wrong Side,Rear-end,Roof,1,713,Peak,5.5,11.8,0,0,1,None,Low