incident_id,date,time,province,district,road_type,latitude,longitude,weather,visibility_meters,temperature_c,wind_speed_kmh,lighting,road_condition,surface_material,number_of_lanes,speed_limit_kmh,road_curvature,road_gradient,median_type,shoulder_available,num_vehicles,vehicle_types,vehicle_avg_age_years,overloading_detected,driver_age,helmet_usage,seatbelt_usage,mobile_phone_suspected,alcohol_drug_suspected,speed_at_impact_kmh,evasive_action,accident_cause,collision_type,impact_point,num_collisions,traffic_volume_per_hour,peak_off_peak,distance_to_hospital_km,expected_response_min,fatalities,serious_injuries,minor_injuries,property_damage_level,severity
PK-2024-02574,2024-03-06,02:16,Punjab,Gujranwala,Urban,32.0522,73.5296,Clear,33,37.8,2.0,Street-lit,Dry,Asphalt,4,40,Gentle,Flat,Painted,No,2,Truck;Car,3.4,No,29,Yes,Yes,No,No,40,Braking,Signal Violation,Fixed-object,Rear,2,1815,Off-peak,10.6,12.7,0,0,1,None,Low
PK-2024-02575,2024-02-07,01:38,KPK,Peshawar,Highway,33.2752,71.1348,Clear,22,31.0,32.4,Street-lit,Potholed,Concrete,4,60,Sharp,Flat,Physical,Yes,3,Auto-rickshaw;Car;Motorcycle,15.6,No,46,No,Not Applicable,No,Unknown,65,Braking,Weather,Head-on,Rear,2,1737,Off-peak,12.4,20.9,0,2,2,Moderate,High
PK-2024-02576,2024-06-06,02:44,KPK,Peshawar,Highway,32.6406,71.235,Cloudy,73,36.2,4.1,Street-lit,Potholed,Asphalt,2,60,Gentle,Downhill,Physical,No,1,Bicycle,10.7,No,30,Yes,Not Applicable,No,No,75,None,Signal Violation,Head-on,Side,1,1324,Off-peak,48.3,67.7,1,2,1,Total,Critical
PK-2024-02577,2024-01-17,02:59,Punjab,Faisalabad,Highway,31.9949,73.2694,Cloudy,325,23.9,9.9,Street-lit,Dry,Asphalt,4,50,Sharp,Downhill,Physical,No,2,Car;Car,15.0,No,37,No,Yes,No,No,50,Braking,Overloading,Rear-end,Front,2,381,Off-peak,6.4,13.7,0,0,0,Minor,Low
PK-2024-02578,2024-09-13,22:58,Sindh,Larkana,Urban,25.0361,69.0256,Rain,549,22.5,1.9,Daylight,Potholed,Dirt,6,30,Gentle,Uphill,Painted,No,2,Truck;Motorcycle,16.3,No,32,Partial,Yes,No,No,30,Braking,Wrong Side,Fixed-object,Front,1,1755,Peak,12.1,22.4,0,0,1,Minor,Low
PK-2024-02579,2024-03-27,12:02,Punjab,Bahawalpur,Rural,31.7634,73.8427,Cloudy,311,23.9,1.5,Street-lit,Dry,Asphalt,2,30,Gentle,Flat,None,No,2,Motorcycle;Motorcycle,13.7,Yes,34,No,Not Applicable,No,No,30,None,Speeding,Fixed-object,Front,1,1795,Peak,19.4,26.3,0,0,0,None,Low
PK-2024-02580,2024-04-09,00:12,Sindh,Nawabshah,Residential,24.0623,67.3564,Fog,509,30.0,12.3,Daylight,Wet,Concrete,2,100,Hairpin,Flat,Painted,No,3,Bus;Bus;Car,4.4,No,36,Yes,No,No,No,100,None,Mechanical Failure,Rollover,Front,1,1279,Peak,3.0,16.4,3,2,3,Severe,Critical
PK-2024-02581,2024-04-24,20:15,KPK,Swat,Rural,34.2144,71.9033,Dust Storm,189,42.1,9.6,Daylight,Potholed,Asphalt,4,120,Straight,Downhill,None,Yes,4,Motorcycle;Motorcycle;Motorcycle;Motorcycle,6.8,No,26,Yes,Not Applicable,No,No,160,Braking,Human Error,Fixed-object,Front,2,1629,Off-peak,4.3,7.1,3,3,1,Total,Critical
PK-2024-02582,2024-11-01,15:39,Balochistan,Turbat,Urban,28.3159,65.2209,Clear,519,19.8,0.0,Daylight,Dry,Asphalt,6,80,Hairpin,Uphill,Physical,No,3,Motorcycle;Car;Car,13.9,No,35,Yes,Not Applicable,No,No,95,None,Wrong Side,Multi-vehicle pileup,Front,1,202,Peak,10.9,24.7,1,2,4,Moderate,High
PK-2024-02583,2024-04-19,09:30,KPK,Abbottabad,Urban,33.4465,70.8484,Cloudy,486,34.7,18.8,Unlit,Construction,Asphalt,1,100,Straight,Uphill,None,Yes,3,Car;Car;Truck,11.5,No,21,Yes,No,No,No,130,Braking,Mechanical Failure,Rollover,Side,3,881,Off-peak,7.7,17.7,1,4,3,Total,Critical
PK-2024-02584,2024-05-22,00:46,Islamabad,Islamabad,Highway,32.513,72.0517,Rain,20,24.2,22.1,Unlit,Wet,Gravel,3,40,Gentle,Downhill,None,No,2,Motorcycle;Car,4.9,No,16,No,Partial,No,Yes,55,Braking,Wrong Side,Head-on,Rear,1,1201,Peak,4.1,6.7,1,4,2,Total,Critical
PK-2024-02585,2024-10-10,08:26,Sindh,Sukkur,Rural,26.1089,69.2347,Clear,1080,25.9,5.6,Tunnel,Dry,Asphalt,1,50,Straight,Flat,Physical,Yes,2,Motorcycle;Motorcycle,14.3,No,16,No,No,No,No,70,Swerving,Weather,Side-swipe,Front,2,1520,Off-peak,22.3,25.9,0,0,1,Minor,Low
PK-2024-02586,2024-02-05,12:11,Punjab,Bahawalpur,Rural,29.9238,73.1991,Cloudy,238,36.1,65.3,Daylight,Potholed,Gravel,1,60,Straight,Flat,Physical,Yes,3,Motorcycle;Truck;Car,9.3,No,30,No,Yes,No,No,75,None,Wrong Side,Side-swipe,Side,3,1209,Off-peak,1.0,5.5,0,1,2,Severe,High
PK-2024-02587,2024-08-28,10:34,Balochistan,Gwadar,Urban,28.4225,66.2929,Fog,291,13.9,2.7,Street-lit,Wet,Asphalt,4,30,Sharp,Flat,Painted,Yes,2,Motorcycle;Motorcycle,4.1,No,20,No,Not Applicable,No,No,25,None,Speeding,Side-swipe,Side,1,162,Off-peak,4.2,8.0,0,0,1,None,Low
PK-2024-02588,2024-01-18,09:47,KPK,Abbottabad,Urban,33.1844,72.0327,Haze,307,40.7,16.6,Tunnel,Dry,Asphalt,2,50,Straight,Downhill,Physical,No,3,Car;Motorcycle;Car,10.4,No,39,Yes,Yes,No,No,90,Braking,Wrong Side,Rollover,Side,1,477,Off-peak,42.5,50.9,0,2,3,Severe,High
PK-2024-02589,2024-10-08,04:02,Sindh,Nawabshah,Rural,24.0262,68.0152,Cloudy,88,33.0,12.9,Daylight,Wet,Asphalt,2,50,Straight,Downhill,Painted,No,3,Motorcycle;Car;Bicycle,16.0,No,27,Yes,Partial,No,No,60,Swerving,Human Error,Pedestrian,Rear,1,1501,Off-peak,1.9,7.1,0,0,2,Minor,Low
PK-2024-02590,2024-03-17,06:48,Sindh,Sukkur,Highway,25.5074,68.2042,Rain,425,37.4,21.4,Daylight,Muddy,Dirt,1,120,Gentle,Flat,Painted,Yes,1,Motorcycle,7.0,No,24,No,Not Applicable,No,No,130,None,Weather,Pedestrian,Front,2,495,Peak,18.6,24.2,2,4,3,Total,Critical
PK-2024-02591,2024-04-07,05:17,KPK,Dera Ismail Khan,Urban,33.7067,71.9033,Heavy Rain,94,21.8,0.7,Dawn-Dusk,Dry,Asphalt,3,60,Straight,Flat,None,No,4,Auto-rickshaw;Car;Motorcycle;Motorcycle,16.1,No,16,Yes,Not Applicable,No,No,90,Braking,Speeding,Rear-end,Roof,2,1342,Peak,0.5,9.3,1,2,1,Total,Critical
PK-2024-02592,2024-06-21,06:37,Sindh,Hyderabad,Urban,25.5131,68.0101,Clear,218,22.9,2.8,Daylight,Dry,Asphalt,4,110,Sharp,Uphill,Physical,No,3,Car;Motorcycle;Bicycle,4.4,No,36,No,No,Yes,Unknown,115,Braking,Speeding,Side-swipe,Side,1,943,Peak,16.8,27.3,0,1,1,Minor,Medium
PK-2024-02593,2024-02-05,20:49,KPK,Abbottabad,Urban,33.1715,70.1539,Heavy Rain,1080,39.4,9.8,Dawn-Dusk,Dry,Asphalt,1,40,Straight,Flat,Painted,No,2,Truck;Motorcycle,13.2,No,26,Partial,Not Applicable,No,No,40,Swerving,Speeding,Head-on,Side,2,819,Peak,8.0,14.0,0,1,2,Moderate,Medium
PK-2024-02594,2024-12-02,10:45,KPK,Abbottabad,Rural,33.816,72.3367,Fog,93,28.1,1.6,Street-lit,Muddy,Asphalt,2,110,Straight,Downhill,None,Yes,2,Motorcycle;Car,3.2,No,25,Partial,No,No,No,115,Braking,Wrong Side,Side-swipe,Side,1,1713,Peak,5.2,14.6,1,4,2,Severe,Critical
PK-2024-02595,2024-03-27,23:03,KPK,Mardan,Urban,32.9558,71.9158,Clear,742,30.5,1.6,Daylight,Dry,Gravel,4,40,Straight,Flat,Physical,No,2,Motorcycle;Car,10.5,No,42,Yes,Yes,No,No,55,Swerving,Human Error,Side-swipe,Rear,1,470,Off-peak,34.4,45.8,0,0,1,Minor,Low
PK-2024-02596,2024-07-03,21:20,Punjab,Faisalabad,Residential,31.6029,72.7161,Cloudy,521,41.1,14.5,Dawn-Dusk,Potholed,Asphalt,2,50,Straight,Flat,None,Yes,3,Motorcycle;Motorcycle;Auto-rickshaw,5.9,No,42,Yes,Partial,No,Unknown,70,None,Drunk Driving,Rear-end,Side,1,813,Peak,7.3,13.1,0,1,2,Moderate,Medium
PK-2024-02597,2024-07-10,22:05,Balochistan,Gwadar,Highway,29.149,67.0224,Rain,78,20.9,0.8,Dawn-Dusk,Dry,Concrete,2,40,Sharp,Uphill,None,Yes,3,Motorcycle;Truck;Truck,9.0,No,58,No,Yes,No,No,50,Braking,Weather,Multi-vehicle pileup,Rear,2,1160,Peak,19.7,23.6,3,3,1,Total,Critical
PK-2024-02598,2024-11-14,18:31,Punjab,Sargodha,Highway,31.8601,72.0026,Clear,1155,44.3,7.1,Daylight,Dry,Asphalt,6,110,Gentle,Flat,None,Yes,2,Car;Car,7.8,No,52,Yes,Yes,No,No,120,Braking,Wrong Side,Rear-end,Side,1,1331,Off-peak,33.0,45.7,0,0,2,None,Low
PK-2024-02599,2024-05-06,12:08,Punjab,Multan,Residential,29.8762,73.4567,Clear,105,30.0,13.8,Street-lit,Potholed,Asphalt,4,50,Sharp,Downhill,None,No,3,Motorcycle;Auto-rickshaw;Auto-rickshaw,14.9,No,42,No,No,No,No,70,None,Drunk Driving,Rear-end,Front,1,1424,Off-peak,8.3,17.2,0,2,4,Moderate,High
PK-2024-02600,2024-11-02,21:03,Balochistan,Turbat,Residential,27.7786,67.6768,Cloudy,194,26.3,0.2,Unlit,Dry,Gravel,1,30,Gentle,Uphill,None,No,3,Motorcycle;Motorcycle;Car,14.0,No,23,No,Not Applicable,No,No,50,Braking,Mobile Phone,Rear-end,Front,1,1459,Peak,15.8,29.1,0,0,0,Minor,Low
PK-2024-02601,2024-03-09,18:36,Punjab,Rawalpindi,Highway,32.3342,72.4264,Fog,201,34.6,13.2,Daylight,Dry,Asphalt,3,60,Sharp,Flat,None,No,4,Motorcycle;Motorcycle;Car;Motorcycle,16.5,No,36,No,Partial,No,Unknown,90,Braking,Signal Violation,Pedestrian,Front,2,1661,Peak,6.0,10.3,1,4,1,Total,Critical
PK-2024-02602,2024-05-16,10:30,Sindh,Sukkur,Urban,26.6948,68.5363,Fog,392,25.7,9.6,Street-lit,Potholed,Dirt,2,50,Gentle,Flat,None,No,3,Truck;Motorcycle;Car,10.0,No,37,No,Not Applicable,No,Yes,50,None,Human Error,Pedestrian,Roof,1,246,Off-peak,8.7,22.4,0,0,2,Minor,Medium
PK-2024-02603,2024-04-04,19:44,Balochistan,Quetta,Highway,28.6502,65.6948,Cloudy,926,24.1,6.5,Tunnel,Muddy,Asphalt,6,80,Sharp,Flat,Physical,Yes,3,Car;Motorcycle;Car,14.3,No,24,No,Not Applicable,No,No,90,None,Signal Violation,Fixed-object,Front,3,1706,Peak,8.9,16.4,3,2,3,Total,Critical
PK-2024-02604,2024-10-28,08:15,Sindh,Hyderabad,Urban,26.7293,66.8017,Clear,86,27.5,1.7,Dawn-Dusk,Dry,Concrete,2,30,Straight,Uphill,None,Yes,3,Car;Auto-rickshaw;Auto-rickshaw,14.0,Yes,38,Yes,Yes,No,No,50,Braking,Speeding,Side-swipe,Front,2,1931,Off-peak,15.9,18.7,0,0,1,None,Low
PK-2024-02605,2024-01-19,06:03,Punjab,Multan,Urban,30.0582,74.224,Rain,771,34.2,2.0,Tunnel,Potholed,Asphalt,2,60,Gentle,Downhill,Painted,Yes,2,Car;Car,18.2,No,46,Yes,Yes,No,Yes,60,None,Signal Violation,Head-on,Roof,2,1582,Off-peak,23.9,34.5,0,1,2,Moderate,Medium
PK-2024-02606,2024-10-12,15:57,Punjab,Rawalpindi,Rural,29.7089,73.4542,Fog,649,32.0,2.8,Street-lit,Dry,Asphalt,2,110,Gentle,Flat,None,Yes,2,Motorcycle;Motorcycle,5.4,No,31,No,No,No,No,115,Braking,Mechanical Failure,Rear-end,Rear,1,1993,Off-peak,5.1,12.6,0,1,3,Severe,High
PK-2024-02607,2024-04-23,14:55,KPK,Swat,Rural,32.1963,70.4797,Fog,407,15.5,9.1,Street-lit,Potholed,Concrete,2,100,Straight,Flat,Painted,No,2,Car;Car,7.5,No,24,Yes,Yes,No,No,100,None,Human Error,Multi-vehicle pileup,Side,1,1444,Peak,2.0,11.5,1,2,3,Moderate,High
PK-2024-02608,2024-10-11,00:50,Sindh,Hyderabad,Highway,26.1639,69.4462,Clear,188,36.5,23.4,Street-lit,Dry,Gravel,2,50,Straight,Flat,Physical,No,2,Bicycle;Bus,6.8,No,52,No,Partial,No,No,40,Swerving,Human Error,Multi-vehicle pileup,Side,2,437,Peak,7.5,14.8,0,2,3,Moderate,Medium
PK-2024-02609,2024-06-21,19:23,Punjab,Multan,Rural,29.8736,73.2937,Clear,509,29.4,5.4,Daylight,Muddy,Asphalt,4,80,Straight,Uphill,Painted,Yes,1,Auto-rickshaw,13.7,No,62,Yes,Not Applicable,No,No,95,Swerving,Human Error,Rollover,Side,1,361,Off-peak,2.9,11.9,0,1,1,Moderate,Medium
PK-2024-02610,2024-02-05,15:13,KPK,Swat,Residential,34.2668,71.7889,Fog,20,35.8,10.5,Street-lit,Potholed,Dirt,2,60,Straight,Downhill,None,Yes,2,Motorcycle;Truck,6.3,Yes,34,Yes,Not Applicable,No,No,100,Braking,Drunk Driving,Side-swipe,Rear,3,1822,Off-peak,12.9,18.6,1,4,1,Total,Critical
PK-2024-02611,2024-08-24,18:32,KPK,Dera Ismail Khan,Highway,33.2702,70.3405,Cloudy,95,27.1,2.7,Daylight,Potholed,Concrete,2,30,Sharp,Flat,Physical,Yes,2,Car;Truck,2.9,No,19,No,Yes,No,No,40,Swerving,Weather,Side-swipe,Front,1,1660,Peak,9.9,18.9,0,0,1,Minor,Low
PK-2024-02612,2024-09-09,11:55,Islamabad,Islamabad,Rural,34.7347,74.4118,Haze,556,25.2,13.4,Street-lit,Potholed,Asphalt,3,50,Sharp,Flat,Physical,No,2,Bus;Motorcycle,10.3,No,40,No,No,No,Unknown,60,Swerving,Signal Violation,Rear-end,Front,1,575,Off-peak,6.6,14.4,0,2,2,Moderate,Medium
PK-2024-02613,2024-02-27,00:14,Balochistan,Turbat,Residential,28.2781,65.9823,Heavy Rain,154,31.6,5.5,Street-lit,Wet,Gravel,3,60,Gentle,Downhill,Physical,Yes,2,Auto-rickshaw;Motorcycle,5.0,No,52,No,Not Applicable,No,No,90,Swerving,Speeding,Head-on,Side,3,1029,Off-peak,1.0,3.6,1,4,1,Total,Critical
PK-2024-02614,2024-04-24,02:01,Sindh,Sukkur,Urban,24.9766,67.2388,Clear,849,19.2,0.5,Street-lit,Wet,Dirt,4,50,Straight,Downhill,Physical,No,2,Car;Truck,18.4,No,33,Partial,No,No,Unknown,55,Braking,Overloading,Multi-vehicle pileup,Front,1,1245,Off-peak,2.6,6.5,0,0,2,Minor,Low
PK-2024-02615,2024-10-03,15:18,KPK,Abbottabad,Rural,32.4387,72.7266,Cloudy,704,40.4,46.9,Daylight,Wet,Asphalt,2,80,Straight,Uphill,Painted,Yes,3,Motorcycle;Motorcycle;Car,14.8,No,42,No,No,No,No,75,Braking,Signal Violation,Side-swipe,Roof,1,1072,Off-peak,7.4,17.8,0,0,2,Minor,Low
PK-2024-02616,2024-10-18,17:37,Islamabad,Islamabad,Rural,34.8365,72.6838,Cloudy,468,16.0,5.7,Dawn-Dusk,Potholed,Asphalt,2,40,Straight,Downhill,Painted,No,3,Car;Car;Motorcycle,3.9,No,39,No,No,No,No,70,Swerving,Mobile Phone,Rear-end,Side,3,1922,Peak,4.3,15.5,0,1,4,Moderate,High
PK-2024-02617,2024-05-01,11:41,Punjab,Sargodha,Rural,29.506,72.4717,Clear,704,33.0,23.1,Daylight,Dry,Asphalt,3,40,Sharp,Uphill,Physical,Yes,3,Car;Car;Auto-rickshaw,12.6,No,32,Partial,Yes,No,No,45,Swerving,Human Error,Side-swipe,Roof,2,579,Off-peak,0.5,5.3,0,0,0,Minor,Low
PK-2024-02618,2024-05-13,05:37,Sindh,Hyderabad,Urban,25.2819,66.6568,Rain,203,18.1,13.7,Dawn-Dusk,Potholed,Asphalt,6,60,Gentle,Flat,Painted,Yes,3,Motorcycle;Motorcycle;Motorcycle,17.9,No,32,No,No,No,No,65,None,Signal Violation,Head-on,Front,2,736,Off-peak,31.1,40.7,1,2,2,Total,Critical
PK-2024-02619,2024-10-22,03:18,Sindh,Nawabshah,Highway,26.5228,68.6285,Dust Storm,1500,28.8,10.8,Daylight,Potholed,Asphalt,3,100,Sharp,Downhill,Painted,Yes,4,Car;Motorcycle;Bicycle;Car,3.5,No,26,Yes,Yes,No,No,90,None,Speeding,Multi-vehicle pileup,Rear,3,181,Peak,6.8,14.0,1,3,3,Total,Critical
PK-2024-02620,2024-07-26,03:55,Punjab,Rawalpindi,Rural,29.8871,72.7273,Clear,124,13.7,8.8,Street-lit,Icy,Dirt,6,120,Sharp,Flat,None,No,2,Motorcycle;Car,19.0,Yes,50,Yes,No,No,No,160,Braking,Wrong Side,Side-swipe,Front,1,264,Off-peak,8.7,15.1,1,3,2,Total,Critical
PK-2024-02621,2024-07-02,19:30,Punjab,Faisalabad,Rural,29.5696,74.7314,Rain,25,38.0,29.4,Dawn-Dusk,Dry,Dirt,3,40,Gentle,Flat,Physical,No,2,Motorcycle;Auto-rickshaw,6.4,No,37,Yes,Partial,No,No,55,Braking,Signal Violation,Head-on,Side,1,1670,Peak,28.7,40.5,0,2,2,Severe,High
PK-2024-02622,2024-07-11,05:07,Punjab,Gujranwala,Highway,31.5232,73.1978,Clear,20,26.2,5.7,Dawn-Dusk,Potholed,Gravel,2,30,Straight,Uphill,Physical,No,5,Motorcycle;Motorcycle;Car;Car;Car,15.7,No,26,No,No,No,No,45,None,Signal Violation,Rear-end,Rear,1,739,Off-peak,8.8,13.7,0,1,2,Moderate,Medium
PK-2024-02623,2024-12-10,13:35,Punjab,Sargodha,Urban,32.2166,74.6699,Fog,22,37.1,2.3,Street-lit,Dry,Asphalt,3,80,Sharp,Flat,Physical,Yes,2,Bicycle;Auto-rickshaw,13.8,No,33,No,Not Applicable,No,No,75,Swerving,Signal Violation,Rear-end,Rear,2,861,Peak,2.3,6.6,1,2,4,Moderate,High
PK-2024-02624,2024-02-19,02:35,Balochistan,Khuzdar,Residential,28.7323,66.3947,Heavy Rain,1500,40.9,9.3,Street-lit,Construction,Asphalt,2,60,Straight,Flat,None,Yes,2,Motorcycle;Bus,5.3,No,36,Yes,Not Applicable,No,No,65,None,Weather,Multi-vehicle pileup,Rear,1,1634,Peak,13.8,19.5,0,1,3,Minor,Medium
PK-2024-02625,2024-07-05,21:46,KPK,Swat,Urban,34.5329,72.0403,Clear,804,25.5,10.8,Unlit,Wet,Concrete,2,30,Sharp,Downhill,Physical,No,2,Motorcycle;Auto-rickshaw,3.6,Yes,20,No,Not Applicable,No,No,30,Swerving,Human Error,Side-swipe,Front,1,211,Off-peak,10.9,19.2,0,0,1,Minor,Low
PK-2024-02626,2024-09-27,12:38,Punjab,Bahawalpur,Rural,31.4089,74.825,Haze,493,36.9,32.4,Daylight,Flooding,Asphalt,3,80,Straight,Uphill,Physical,No,3,Car;Car;Auto-rickshaw,12.3,No,24,No,No,No,No,100,None,Overloading,Rollover,Front,1,410,Off-peak,8.6,16.0,1,3,1,Total,Critical
PK-2024-02627,2024-09-19,11:09,Punjab,Rawalpindi,Urban,30.987,73.8502,Clear,20,23.2,17.7,Dawn-Dusk,Wet,Dirt,4,120,Straight,Flat,Physical,No,4,Motorcycle;Auto-rickshaw;Truck;Motorcycle,10.9,No,30,Yes,Not Applicable,No,No,150,None,Speeding,Head-on,Front,2,728,Off-peak,3.4,7.0,1,2,1,Severe,Critical
PK-2024-02628,2024-02-08,07:17,Punjab,Gujranwala,Urban,31.9806,74.2222,Fog,433,44.2,14.3,Tunnel,Potholed,Asphalt,4,110,Gentle,Downhill,None,No,2,Car;Car,11.8,No,53,No,No,No,No,125,Swerving,Mechanical Failure,Rear-end,Side,3,781,Peak,8.5,7.5,1,3,1,Total,Critical
PK-2024-02629,2024-12-06,19:22,Punjab,Multan,Urban,31.2054,73.312,Clear,157,26.0,11.0,Street-lit,Dry,Asphalt,2,110,Gentle,Flat,Physical,No,1,Truck,10.4,No,36,Yes,Not Applicable,No,No,115,Braking,Signal Violation,Fixed-object,Front,2,1647,Off-peak,2.9,10.8,0,0,1,Minor,Low
PK-2024-02630,2024-07-20,15:40,Punjab,Rawalpindi,Urban,29.5355,73.7405,Haze,27,31.3,3.5,Tunnel,Construction,Asphalt,2,100,Gentle,Uphill,Painted,Yes,2,Truck;Truck,12.7,No,35,No,Not Applicable,No,No,90,Swerving,Mechanical Failure,Rollover,Side,1,1935,Peak,1.1,3.0,3,2,1,Total,Critical
PK-2024-02631,2024-05-22,01:43,Punjab,Faisalabad,Urban,30.6854,72.9312,Heavy Rain,792,27.6,16.9,Tunnel,Dry,Asphalt,2,60,Sharp,Flat,None,Yes,1,Truck,15.7,No,45,No,No,No,No,80,Braking,Human Error,Side-swipe,Front,1,937,Peak,15.0,20.5,0,0,2,Moderate,Medium
PK-2024-02632,2024-04-14,23:58,Punjab,Rawalpindi,Residential,30.3374,73.2407,Clear,489,31.9,1.1,Dawn-Dusk,Construction,Gravel,4,50,Gentle,Flat,Physical,No,2,Car;Bicycle,10.2,No,38,No,Partial,No,No,80,Braking,Signal Violation,Head-on,Front,2,616,Peak,30.4,41.1,0,1,2,Severe,High
PK-2024-02633,2024-11-16,04:50,Sindh,Hyderabad,Residential,25.2674,66.7287,Clear,52,17.3,31.7,Daylight,Muddy,Asphalt,2,50,Straight,Downhill,Physical,No,5,Car;Auto-rickshaw;Car;Bus;Motorcycle,9.1,No,30,No,Yes,No,No,50,Swerving,Mobile Phone,Fixed-object,Front,3,155,Peak,15.6,26.3,0,0,3,Moderate,Medium
PK-2024-02634,2024-07-11,15:00,Punjab,Sialkot,Highway,29.5654,74.8602,Clear,213,33.5,18.5,Street-lit,Wet,Asphalt,2,110,Straight,Uphill,Painted,Yes,2,Bicycle;Auto-rickshaw,19.2,Yes,44,No,Not Applicable,No,No,130,Swerving,Human Error,Fixed-object,Front,2,247,Off-peak,0.5,3.0,1,2,2,Severe,High
PK-2024-02635,2024-10-18,07:51,Islamabad,Islamabad,Urban,32.2256,72.1669,Fog,558,39.2,1.5,Tunnel,Wet,Asphalt,2,80,Gentle,Flat,Physical,No,3,Car;Car;Bicycle,16.7,No,36,Yes,Not Applicable,No,No,100,Braking,Wrong Side,Rear-end,Front,2,341,Peak,3.1,6.6,0,0,1,Moderate,Medium
PK-2024-02636,2024-12-27,18:50,Punjab,Sialkot,Urban,32.0945,73.0985,Rain,151,35.5,0.8,Tunnel,Wet,Dirt,2,100,Straight,Downhill,Physical,Yes,1,Bus,18.8,Yes,27,No,Yes,No,No,110,Braking,Human Error,Head-on,Front,1,842,Peak,1.6,5.4,0,2,2,Severe,High
PK-2024-02637,2024-06-23,09:12,Punjab,Sargodha,Urban,31.9833,73.3861,Rain,184,25.4,5.3,Street-lit,Dry,Concrete,2,120,Straight,Flat,Painted,Yes,4,Motorcycle;Auto-rickshaw;Motorcycle;Bus,5.8,No,31,No,Yes,No,No,130,None,Wrong Side,Rear-end,Roof,1,1135,Peak,6.9,8.8,0,3,2,Severe,High
PK-2024-02638,2024-06-23,23:23,Islamabad,Islamabad,Highway,33.2707,74.2235,Haze,154,12.8,2.7,Daylight,Dry,Gravel,2,110,Gentle,Downhill,Painted,Yes,2,Car;Bus,17.4,No,32,Yes,Not Applicable,No,No,115,None,Speeding,Rollover,Side,1,1112,Off-peak,3.5,7.8,0,3,2,Moderate,High
PK-2024-02639,2024-10-24,03:56,Sindh,Nawabshah,Urban,24.8206,67.0723,Cloudy,210,32.1,2.8,Unlit,Dry,Asphalt,4,40,Gentle,Flat,None,Yes,3,Auto-rickshaw;Motorcycle;Bus,5.9,No,44,Partial,No,No,Unknown,40,None,Mobile Phone,Pedestrian,Front,1,1836,Off-peak,14.3,16.0,0,0,1,Minor,Low
PK-2024-02640,2024-12-02,06:34,Punjab,Sialkot,Highway,32.0957,72.7923,Cloudy,445,26.1,16.9,Tunnel,Flooding,Concrete,2,80,Straight,Flat,Physical,No,4,Motorcycle;Car;Car;Auto-rickshaw,13.8,No,33,Yes,Yes,No,No,85,None,Signal Violation,Multi-vehicle pileup,Front,3,634,Peak,9.5,12.3,1,4,3,Total,Critical
PK-2024-02641,2024-09-11,12:49,Sindh,Karachi,Urban,24.1248,68.4427,Cloudy,228,12.2,2.0,Daylight,Icy,Asphalt,4,40,Sharp,Flat,Painted,No,2,Car;Truck,12.6,No,29,Yes,No,No,Unknown,55,Braking,Mobile Phone,Head-on,Side,2,1230,Off-peak,6.9,14.3,0,0,2,Minor,Medium
PK-2024-02642,2024-04-11,17:34,Sindh,Nawabshah,Rural,26.5508,66.8093,Fog,58,32.4,5.6,Dawn-Dusk,Flooding,Asphalt,4,50,Hairpin,Flat,Painted,Yes,4,Car;Car;Car;Motorcycle,17.7,No,18,No,No,No,No,55,None,Human Error,Fixed-object,Front,2,1871,Peak,6.0,16.6,2,4,3,Total,Critical
PK-2024-02643,2024-04-04,04:01,Punjab,Faisalabad,Rural,29.8954,73.8469,Rain,64,12.9,0.6,Daylight,Dry,Concrete,2,60,Sharp,Downhill,Physical,Yes,2,Car;Truck,19.6,No,46,Yes,Not Applicable,No,Yes,60,None,Mechanical Failure,Head-on,Front,2,1415,Off-peak,38.3,53.3,0,1,3,Severe,High
PK-2024-02644,2024-03-16,17:51,Punjab,Sialkot,Residential,32.4037,73.0051,Cloudy,200,31.7,17.0,Dawn-Dusk,Wet,Asphalt,2,100,Straight,Downhill,Physical,Yes,3,Car;Motorcycle;Truck,11.8,No,52,Yes,Yes,No,No,115,Braking,Overloading,Rear-end,Front,2,1426,Peak,3.7,12.2,0,0,3,Moderate,Medium
PK-2024-02645,2024-03-08,20:16,Punjab,Faisalabad,Rural,29.5011,73.0236,Rain,387,24.0,1.9,Daylight,Wet,Concrete,4,60,Gentle,Downhill,Physical,Yes,2,Motorcycle;Motorcycle,5.2,No,50,Yes,Partial,No,No,60,Swerving,Drunk Driving,Fixed-object,Front,2,438,Peak,2.5,6.8,0,0,0,Minor,Low
PK-2024-02646,2024-07-16,02:26,Punjab,Bahawalpur,Highway,32.3581,74.6985,Cloudy,157,42.7,16.1,Daylight,Dry,Concrete,4,50,Straight,Flat,None,Yes,5,Car;Car;Motorcycle;Motorcycle;Bus,7.6,No,37,Yes,Yes,No,No,80,Braking,Animal Crossing,Rear-end,Side,1,1768,Peak,12.1,20.0,0,0,2,None,Low