incident_id,date,time,province,district,road_type,latitude,longitude,weather,visibility_meters,temperature_c,wind_speed_kmh,lighting,road_condition,surface_material,number_of_lanes,speed_limit_kmh,road_curvature,road_gradient,median_type,shoulder_available,num_vehicles,vehicle_types,vehicle_avg_age_years,overloading_detected,driver_age,helmet_usage,seatbelt_usage,mobile_phone_suspected,alcohol_drug_suspected,speed_at_impact_kmh,evasive_action,accident_cause,collision_type,impact_point,num_collisions,traffic_volume_per_hour,peak_off_peak,distance_to_hospital_km,expected_response_min,fatalities,serious_injuries,minor_injuries,property_damage_level,severity
PK-2024-02794,2024-08-20,01:58,Sindh,Hyderabad,Rural,24.7839,68.1404,Clear,303,6.2,21.6,Street-lit,Potholed,Dirt,3,110,Gentle,Uphill,Physical,No,2,Motorcycle;Motorcycle,16.5,Yes,41,No,Yes,No,No,120,Braking,Signal Violation,Fixed-object,Front,1,1555,Peak,2.8,9.0,0,2,3,Severe,High
PK-2024-02795,2024-01-06,17:42,Punjab,Bahawalpur,Rural,31.8902,72.0778,Rain,204,29.4,15.3,Dawn-Dusk,Potholed,Concrete,2,60,Sharp,Downhill,None,No,2,Truck;Truck,12.2,Yes,38,Yes,Not Applicable,No,No,55,Swerving,Signal Violation,Side-swipe,Side,2,59,Off-peak,16.7,22.9,0,2,3,Moderate,Medium
PK-2024-02796,2024-03-13,21:41,Punjab,Sialkot,Urban,30.5434,73.0936,Cloudy,242,31.6,15.4,Tunnel,Dry,Asphalt,1,100,Sharp,Uphill,Physical,No,1,Motorcycle,11.9,Yes,30,Yes,Yes,Yes,No,115,Braking,Signal Violation,Multi-vehicle pileup,Roof,1,266,Off-peak,61.9,79.2,1,2,2,Severe,Critical
PK-2024-02797,2024-06-12,00:04,Punjab,Rawalpindi,Highway,29.9193,74.9138,Rain,114,22.0,9.1,Dawn-Dusk,Dry,Asphalt,2,100,Gentle,Flat,Physical,Yes,3,Car;Motorcycle;Motorcycle,12.8,No,32,No,No,No,No,115,Swerving,Mobile Phone,Rollover,Roof,1,1115,Peak,5.8,13.1,3,3,1,Total,Critical
PK-2024-02798,2024-02-06,05:05,Punjab,Lahore,Rural,31.5886,74.419,Fog,309,25.9,2.5,Unlit,Icy,Gravel,2,100,Gentle,Uphill,None,No,2,Car;Car,2.0,No,35,Yes,Partial,No,No,105,Braking,Human Error,Multi-vehicle pileup,Rear,1,785,Off-peak,3.1,6.9,1,2,3,Severe,Critical
PK-2024-02799,2024-09-06,13:12,Punjab,Sialkot,Residential,31.7318,73.1511,Clear,341,35.5,4.8,Dawn-Dusk,Dry,Asphalt,4,60,Straight,Downhill,Painted,No,4,Motorcycle;Bicycle;Motorcycle;Car,17.7,No,22,No,No,No,No,75,Braking,Speeding,Multi-vehicle pileup,Side,2,312,Peak,12.3,15.8,0,1,2,Severe,High
PK-2024-02800,2024-06-07,02:49,Sindh,Larkana,Highway,26.0309,67.3544,Fog,200,35.3,11.7,Daylight,Icy,Dirt,2,80,Sharp,Flat,Physical,Yes,2,Car;Truck,11.9,No,30,No,Yes,No,No,100,None,Human Error,Pedestrian,Front,2,876,Off-peak,3.8,12.3,1,2,3,Total,Critical
PK-2024-02801,2024-12-19,13:31,Sindh,Sukkur,Rural,26.0882,67.5354,Rain,273,22.9,11.5,Street-lit,Dry,Asphalt,4,60,Sharp,Flat,Physical,Yes,2,Car;Car,10.5,No,23,Yes,Yes,Yes,Unknown,60,Braking,Drunk Driving,Multi-vehicle pileup,Rear,2,560,Peak,22.4,34.7,0,1,1,Minor,Medium
PK-2024-02802,2024-02-17,08:28,Punjab,Gujranwala,Rural,31.8302,73.0389,Clear,292,30.8,27.7,Tunnel,Potholed,Concrete,3,80,Straight,Uphill,Painted,Yes,2,Car;Auto-rickshaw,9.3,No,19,No,Yes,No,No,85,Braking,Overloading,Head-on,Front,1,898,Peak,6.6,12.8,1,2,4,Moderate,High
PK-2024-02803,2024-06-01,02:10,Punjab,Sialkot,Urban,31.04,74.6382,Cloudy,137,28.8,9.2,Dawn-Dusk,Wet,Asphalt,4,80,Straight,Downhill,None,No,2,Motorcycle;Auto-rickshaw,11.5,No,23,Yes,Partial,No,No,110,Braking,Drunk Driving,Multi-vehicle pileup,Side,1,1920,Off-peak,28.3,40.0,1,4,1,Total,Critical
PK-2024-02804,2024-10-08,09:43,Sindh,Karachi,Urban,24.8931,68.9527,Cloudy,396,29.1,10.8,Unlit,Wet,Asphalt,2,80,Straight,Downhill,None,No,2,Motorcycle;Motorcycle,6.3,No,37,Yes,No,No,No,80,None,Speeding,Rear-end,Front,3,791,Off-peak,29.5,46.6,0,1,2,Severe,High
PK-2024-02805,2024-06-13,22:31,Balochistan,Turbat,Residential,29.2176,67.2719,Clear,390,24.6,4.3,Unlit,Muddy,Asphalt,6,100,Straight,Flat,Painted,Yes,5,Motorcycle;Motorcycle;Motorcycle;Truck;Truck,8.9,No,31,Yes,No,No,No,100,Swerving,Speeding,Head-on,Side,2,227,Peak,21.4,28.0,3,3,1,Total,Critical
PK-2024-02806,2024-03-21,07:38,Punjab,Sialkot,Rural,31.5715,73.2903,Cloudy,236,22.1,1.2,Street-lit,Dry,Asphalt,3,80,Sharp,Uphill,Physical,Yes,3,Bus;Motorcycle;Car,10.3,No,47,No,Not Applicable,No,Unknown,80,Braking,Animal Crossing,Rear-end,Side,1,714,Off-peak,15.8,29.3,0,0,1,Minor,Low
PK-2024-02807,2024-12-09,22:06,Punjab,Faisalabad,Highway,31.6115,72.4231,Heavy Rain,85,19.4,12.3,Daylight,Muddy,Concrete,4,110,Straight,Uphill,Painted,Yes,2,Motorcycle;Truck,12.8,No,55,No,No,Yes,No,105,Braking,Signal Violation,Multi-vehicle pileup,Rear,1,635,Off-peak,2.6,11.5,1,3,2,Total,Critical
PK-2024-02808,2024-09-02,02:08,Punjab,Lahore,Residential,32.4487,72.0391,Cloudy,254,20.3,0.4,Daylight,Potholed,Gravel,4,30,Gentle,Uphill,Painted,Yes,3,Truck;Car;Bus,2.6,No,40,No,Not Applicable,No,No,70,Swerving,Mobile Phone,Rollover,Rear,1,767,Peak,0.6,4.3,0,2,3,Moderate,High
PK-2024-02809,2024-09-16,09:33,Sindh,Hyderabad,Urban,26.6353,67.7704,Clear,174,23.9,3.6,Daylight,Muddy,Gravel,2,60,Straight,Downhill,Physical,No,2,Motorcycle;Auto-rickshaw,16.3,Yes,42,Yes,Yes,No,No,55,Swerving,Animal Crossing,Side-swipe,Side,2,1737,Off-peak,20.8,25.5,0,0,1,Minor,Low
PK-2024-02810,2024-04-17,00:22,Punjab,Rawalpindi,Residential,30.3835,72.2603,Clear,437,33.9,3.3,Unlit,Dry,Concrete,2,80,Sharp,Flat,Physical,Yes,1,Truck,18.5,No,44,No,Yes,Yes,No,95,Braking,Mobile Phone,Fixed-object,Front,2,1948,Off-peak,5.1,10.0,0,1,3,Moderate,Medium
PK-2024-02811,2024-04-18,21:38,Punjab,Sargodha,Residential,29.5692,74.6509,Rain,28,43.1,15.6,Street-lit,Dry,Asphalt,4,110,Straight,Flat,Painted,Yes,2,Car;Truck,10.7,No,26,No,Partial,No,No,115,Braking,Signal Violation,Fixed-object,Rear,3,1570,Off-peak,28.2,41.5,1,1,3,Severe,High
PK-2024-02812,2024-10-17,03:33,Punjab,Bahawalpur,Residential,30.081,72.6754,Cloudy,1137,39.4,10.7,Dawn-Dusk,Dry,Concrete,2,80,Gentle,Flat,Painted,No,3,Car;Car;Auto-rickshaw,4.1,No,26,Yes,Yes,No,No,75,None,Human Error,Rollover,Front,3,1769,Peak,14.5,19.2,0,0,1,None,Low
PK-2024-02813,2024-08-01,11:40,Punjab,Sialkot,Rural,29.6499,73.2891,Rain,160,35.7,6.0,Street-lit,Dry,Dirt,2,80,Gentle,Flat,Physical,No,3,Car;Motorcycle;Auto-rickshaw,3.4,No,25,Yes,Not Applicable,No,No,110,Braking,Animal Crossing,Rear-end,Front,2,806,Off-peak,11.5,19.4,0,1,2,Moderate,Medium
PK-2024-02814,2024-05-26,09:44,Islamabad,Islamabad,Rural,33.0377,73.61,Cloudy,231,25.5,24.1,Street-lit,Potholed,Gravel,4,40,Gentle,Flat,None,No,3,Car;Motorcycle;Auto-rickshaw,2.9,No,35,Partial,Not Applicable,No,No,40,None,Human Error,Fixed-object,Side,1,266,Peak,24.6,37.3,0,0,1,Minor,Low
PK-2024-02815,2024-08-19,17:25,Islamabad,Islamabad,Rural,34.8335,71.5802,Clear,378,23.7,34.8,Street-lit,Construction,Asphalt,2,30,Straight,Uphill,None,No,2,Bus;Truck,5.2,Yes,31,No,Yes,No,No,50,Braking,Speeding,Head-on,Front,2,1847,Off-peak,15.8,22.9,0,2,3,Moderate,High
PK-2024-02816,2024-09-22,11:04,Punjab,Gujranwala,Rural,31.5236,73.651,Clear,504,22.6,33.6,Unlit,Potholed,Concrete,4,100,Gentle,Flat,Painted,Yes,1,Car,3.8,No,21,Yes,No,No,No,140,None,Human Error,Fixed-object,Side,1,299,Off-peak,1.0,5.4,3,3,3,Total,Critical
PK-2024-02817,2024-01-10,20:33,KPK,Peshawar,Rural,32.9316,71.0479,Clear,1052,18.3,1.0,Street-lit,Wet,Concrete,2,120,Straight,Uphill,Painted,No,2,Car;Truck,7.5,No,36,Partial,Not Applicable,No,No,130,Swerving,Mobile Phone,Rear-end,Roof,1,112,Peak,31.9,42.9,0,0,2,None,Low
PK-2024-02818,2024-05-11,07:02,Sindh,Hyderabad,Rural,25.125,66.9998,Cloudy,422,34.0,9.5,Street-lit,Dry,Gravel,4,80,Straight,Flat,Painted,Yes,3,Car;Car;Motorcycle,2.6,Yes,46,No,Not Applicable,No,No,80,Swerving,Mobile Phone,Side-swipe,Rear,1,121,Off-peak,25.2,36.9,0,0,0,None,Low
PK-2024-02819,2024-05-01,07:01,Punjab,Sialkot,Highway,31.3901,74.0797,Cloudy,318,18.0,44.4,Daylight,Dry,Gravel,2,110,Straight,Flat,Painted,Yes,2,Motorcycle;Motorcycle,14.2,Yes,27,Yes,Yes,No,No,110,None,Speeding,Rear-end,Roof,1,1643,Peak,5.9,12.9,0,1,3,Severe,High
PK-2024-02820,2024-09-23,13:39,Sindh,Karachi,Urban,26.5607,68.1858,Clear,505,41.1,2.0,Street-lit,Dry,Asphalt,6,110,Straight,Uphill,Painted,No,3,Motorcycle;Bus;Car,5.2,No,20,No,No,No,No,125,Braking,Signal Violation,Head-on,Roof,1,851,Off-peak,3.7,14.5,0,3,3,Severe,High
PK-2024-02821,2024-05-13,20:31,Punjab,Gujranwala,Rural,30.4666,73.5746,Heavy Rain,160,33.9,5.9,Dawn-Dusk,Wet,Asphalt,4,40,Gentle,Downhill,Physical,No,3,Bicycle;Motorcycle;Car,7.4,No,38,Partial,No,No,No,50,Braking,Overloading,Fixed-object,Front,3,1848,Peak,13.2,19.4,0,2,2,Moderate,High
PK-2024-02822,2024-09-14,04:06,KPK,Mardan,Highway,33.9049,70.7788,Rain,407,33.3,4.6,Daylight,Flooding,Dirt,2,110,Straight,Flat,Physical,Yes,3,Bus;Motorcycle;Truck,9.1,No,45,Yes,No,No,No,125,None,Speeding,Head-on,Roof,1,1366,Off-peak,5.8,14.7,1,3,2,Total,Critical
PK-2024-02823,2024-10-14,22:46,Punjab,Sargodha,Residential,31.7453,74.6732,Clear,395,42.5,2.3,Unlit,Wet,Asphalt,2,120,Straight,Flat,Physical,Yes,5,Auto-rickshaw;Car;Car;Bicycle;Car,2.1,No,36,No,Not Applicable,No,No,125,None,Mechanical Failure,Rear-end,Front,2,1046,Peak,5.0,10.1,0,0,2,Moderate,Medium
PK-2024-02824,2024-10-25,19:00,Sindh,Nawabshah,Residential,26.6464,66.6447,Haze,20,21.1,12.1,Daylight,Potholed,Asphalt,3,110,Gentle,Flat,Physical,Yes,2,Auto-rickshaw;Motorcycle,17.6,No,39,No,Yes,No,Unknown,130,Braking,Animal Crossing,Multi-vehicle pileup,Side,2,1404,Peak,6.1,13.5,3,3,3,Total,Critical
PK-2024-02825,2024-04-26,23:02,Punjab,Rawalpindi,Residential,30.8059,72.0088,Rain,428,36.9,0.7,Daylight,Potholed,Concrete,6,110,Hairpin,Flat,Painted,Yes,2,Car;Car,4.8,No,29,No,Partial,No,No,125,None,Speeding,Head-on,Rear,2,139,Peak,52.3,68.6,1,3,1,Total,Critical
PK-2024-02826,2024-11-28,12:59,Punjab,Sialkot,Urban,30.6631,73.6457,Clear,321,33.1,11.6,Dawn-Dusk,Dry,Asphalt,6,50,Gentle,Flat,Painted,Yes,4,Car;Auto-rickshaw;Car;Car,3.0,No,38,No,No,No,No,60,Swerving,Human Error,Rear-end,Rear,1,468,Off-peak,11.3,24.2,0,0,1,None,Low
PK-2024-02827,2024-09-12,03:22,Islamabad,Islamabad,Rural,32.239,72.9841,Clear,221,35.4,1.9,Street-lit,Icy,Concrete,4,40,Gentle,Uphill,None,No,3,Car;Car;Car,18.5,No,29,No,Yes,Yes,No,60,Swerving,Signal Violation,Multi-vehicle pileup,Rear,1,1451,Off-peak,2.0,8.9,0,1,1,Minor,Medium
PK-2024-02828,2024-01-09,12:11,Punjab,Lahore,Urban,30.2113,72.3728,Haze,36,23.6,19.6,Dawn-Dusk,Dry,Gravel,3,60,Gentle,Downhill,Physical,No,3,Motorcycle;Car;Car,12.3,Yes,30,Yes,Yes,No,No,60,None,Speeding,Rear-end,Rear,3,1433,Off-peak,1.1,3.0,0,2,1,Minor,Medium
PK-2024-02829,2024-04-11,06:41,Punjab,Bahawalpur,Rural,30.0973,74.298,Rain,121,46.9,3.1,Daylight,Dry,Asphalt,2,60,Gentle,Downhill,Painted,No,3,Motorcycle;Motorcycle;Motorcycle,13.1,No,25,Partial,Yes,No,No,70,None,Overloading,Pedestrian,Rear,2,254,Peak,20.4,28.9,0,2,3,Moderate,High
PK-2024-02830,2024-05-26,10:50,Punjab,Gujranwala,Urban,31.9597,72.1745,Clear,274,43.6,7.1,Street-lit,Dry,Asphalt,4,80,Sharp,Uphill,Physical,No,1,Car,14.2,No,42,Yes,Partial,No,No,75,None,Signal Violation,Rollover,Front,3,1119,Off-peak,18.7,27.3,0,0,3,Moderate,Medium
PK-2024-02831,2024-12-04,23:39,Punjab,Sargodha,Highway,30.0525,74.1635,Rain,96,39.7,5.5,Tunnel,Wet,Concrete,4,100,Sharp,Flat,None,No,3,Bus;Car;Motorcycle,5.6,No,48,Partial,Not Applicable,No,No,110,None,Human Error,Rear-end,Side,2,1094,Off-peak,4.1,11.4,0,2,3,Moderate,High
PK-2024-02832,2024-08-24,12:54,Sindh,Larkana,Highway,25.7,68.8052,Haze,99,30.2,3.0,Unlit,Dry,Gravel,2,60,Gentle,Downhill,Painted,No,2,Motorcycle;Auto-rickshaw,18.0,Yes,37,No,Yes,No,No,50,Swerving,Wrong Side,Fixed-object,Front,2,254,Off-peak,1.1,3.0,0,1,4,Severe,High
PK-2024-02833,2024-09-03,21:32,KPK,Swat,Rural,34.3447,72.6908,Dust Storm,347,36.3,3.3,Unlit,Dry,Asphalt,3,50,Straight,Flat,Painted,Yes,1,Motorcycle,19.8,No,46,No,Yes,No,No,50,None,Weather,Head-on,Front,1,1227,Off-peak,26.2,37.2,0,2,4,Severe,High
PK-2024-02834,2024-08-28,15:56,KPK,Abbottabad,Highway,33.8849,70.8685,Clear,441,31.8,6.2,Daylight,Dry,Asphalt,4,100,Sharp,Flat,Physical,No,3,Car;Car;Motorcycle,17.4,No,45,Partial,Not Applicable,No,No,115,None,Mobile Phone,Rear-end,Side,1,64,Off-peak,16.7,27.1,0,0,3,Moderate,Medium
PK-2024-02835,2024-10-13,05:25,Punjab,Gujranwala,Urban,31.9536,72.7693,Clear,132,38.3,16.9,Street-lit,Dry,Gravel,2,40,Gentle,Downhill,None,No,2,Car;Car,15.9,No,34,No,Not Applicable,No,No,60,None,Wrong Side,Rear-end,Front,1,181,Peak,2.1,3.1,0,0,2,None,Low
PK-2024-02836,2024-04-19,17:32,Punjab,Rawalpindi,Highway,30.2806,74.0138,Cloudy,165,25.7,23.2,Daylight,Dry,Asphalt,2,50,Gentle,Flat,Painted,Yes,2,Auto-rickshaw;Auto-rickshaw,19.5,No,51,No,Yes,No,No,55,None,Signal Violation,Rollover,Front,2,1280,Off-peak,10.5,16.0,0,1,2,Moderate,Medium
PK-2024-02837,2024-04-11,05:24,Balochistan,Gwadar,Residential,28.9794,67.401,Cloudy,200,31.7,30.9,Unlit,Wet,Asphalt,2,50,Gentle,Downhill,Painted,Yes,2,Auto-rickshaw;Truck,10.1,No,28,No,Partial,Yes,No,80,Braking,Speeding,Multi-vehicle pileup,Front,1,1208,Off-peak,8.5,11.8,2,3,3,Total,Critical
PK-2024-02838,2024-03-16,20:09,Sindh,Nawabshah,Urban,26.2138,69.3071,Fog,119,36.4,4.1,Unlit,Dry,Asphalt,2,120,Gentle,Uphill,Painted,No,4,Car;Car;Car;Motorcycle,12.8,No,44,No,No,No,No,160,Braking,Mobile Phone,Side-swipe,Roof,3,751,Off-peak,18.2,21.6,1,3,1,Severe,Critical
PK-2024-02839,2024-03-09,07:24,Punjab,Multan,Urban,30.0911,74.2335,Cloudy,20,27.6,3.1,Tunnel,Dry,Concrete,2,50,Sharp,Flat,Painted,Yes,2,Bus;Motorcycle,15.7,Yes,25,Yes,No,No,No,60,Swerving,Mechanical Failure,Side-swipe,Side,2,1913,Off-peak,20.1,25.2,0,0,1,None,Low
PK-2024-02840,2024-06-05,17:14,Punjab,Lahore,Highway,31.9709,73.4752,Haze,46,33.7,18.3,Unlit,Icy,Dirt,2,100,Sharp,Uphill,Painted,Yes,2,Motorcycle;Truck,11.9,No,45,No,Yes,No,No,90,None,Speeding,Rear-end,Rear,1,696,Peak,2.3,7.4,3,3,2,Total,Critical
PK-2024-02841,2024-01-16,12:38,Sindh,Hyderabad,Urban,26.6266,68.9165,Cloudy,454,25.5,2.6,Dawn-Dusk,Muddy,Concrete,2,40,Straight,Flat,Physical,Yes,3,Motorcycle;Bicycle;Motorcycle,8.0,Yes,16,No,Yes,No,No,40,Braking,Overloading,Head-on,Front,1,1285,Off-peak,1.9,3.5,0,3,2,Severe,High
PK-2024-02842,2024-07-08,09:56,Sindh,Hyderabad,Rural,24.7364,68.2178,Rain,225,37.5,2.8,Daylight,Flooding,Concrete,2,50,Gentle,Flat,None,Yes,2,Bus;Truck,14.2,No,22,Yes,No,No,No,55,Swerving,Weather,Fixed-object,Side,3,922,Off-peak,59.0,79.1,1,3,3,Severe,Critical
PK-2024-02843,2024-02-04,08:08,Sindh,Hyderabad,Rural,25.1044,67.7532,Clear,20,28.4,14.3,Street-lit,Wet,Dirt,4,80,Sharp,Flat,Physical,No,3,Bus;Car;Motorcycle,18.7,No,18,Yes,Yes,No,No,80,Braking,Speeding,Head-on,Front,2,61,Off-peak,6.8,14.4,1,2,4,Severe,High
PK-2024-02844,2024-08-23,05:51,Punjab,Bahawalpur,Rural,29.9879,74.4391,Fog,164,19.3,30.7,Street-lit,Wet,Concrete,4,50,Straight,Downhill,None,Yes,2,Bus;Auto-rickshaw,12.4,Yes,51,No,Not Applicable,Yes,No,55,None,Speeding,Multi-vehicle pileup,Side,1,501,Off-peak,6.0,7.2,3,3,2,Severe,Critical
PK-2024-02845,2024-05-28,02:45,Sindh,Sukkur,Residential,26.6132,69.1221,Cloudy,43,31.6,8.0,Street-lit,Dry,Concrete,3,50,Straight,Downhill,None,No,2,Car;Motorcycle,15.5,Yes,44,Yes,Not Applicable,No,No,65,Braking,Signal Violation,Rear-end,Roof,1,1909,Off-peak,1.5,4.3,0,0,0,Minor,Low
PK-2024-02846,2024-08-17,17:53,KPK,Mardan,Rural,33.4455,71.6224,Heavy Rain,220,23.6,20.2,Daylight,Dry,Concrete,2,40,Gentle,Flat,None,No,2,Car;Motorcycle,6.4,No,55,Partial,Yes,No,No,30,Swerving,Weather,Pedestrian,Side,1,539,Peak,11.8,19.2,0,0,1,Minor,Low
PK-2024-02847,2024-04-14,14:02,Sindh,Sukkur,Highway,25.9265,67.203,Rain,848,34.9,12.9,Unlit,Potholed,Asphalt,3,40,Straight,Flat,Painted,Yes,4,Motorcycle;Motorcycle;Motorcycle;Car,3.9,No,32,No,Yes,No,No,35,Braking,Signal Violation,Rollover,Front,1,844,Peak,9.8,17.0,0,0,2,Moderate,Medium
PK-2024-02848,2024-07-02,12:14,Punjab,Multan,Rural,31.8371,74.0798,Rain,71,39.8,6.0,Street-lit,Potholed,Concrete,2,40,Sharp,Downhill,None,No,2,Bus;Bus,8.1,No,29,No,Yes,No,No,45,Swerving,Human Error,Pedestrian,Roof,1,208,Off-peak,5.0,15.0,0,1,2,Moderate,Medium
PK-2024-02849,2024-02-15,03:17,Punjab,Bahawalpur,Urban,32.3808,73.9744,Rain,830,27.1,1.1,Unlit,Wet,Asphalt,2,100,Gentle,Downhill,Physical,Yes,5,Car;Motorcycle;Car;Car;Car,11.0,No,32,No,Yes,Yes,No,120,None,Human Error,Fixed-object,Front,2,1675,Peak,8.7,12.5,0,2,3,Severe,High
PK-2024-02850,2024-11-20,21:35,Punjab,Sialkot,Urban,30.0707,72.903,Heavy Rain,1500,35.1,19.1,Unlit,Dry,Gravel,2,80,Straight,Flat,None,No,2,Motorcycle;Car,13.2,No,43,Partial,Not Applicable,No,No,85,Braking,Human Error,Rear-end,Roof,1,996,Off-peak,5.9,10.3,0,0,2,Minor,Low
PK-2024-02851,2024-08-19,21:52,Punjab,Lahore,Highway,31.8197,74.6349,Cloudy,75,27.4,3.9,Street-lit,Icy,Gravel,1,80,Sharp,Flat,Painted,Yes,2,Car;Car,4.5,No,30,Yes,No,No,No,100,None,Speeding,Rear-end,Rear,1,1494,Off-peak,4.9,6.3,3,4,1,Severe,Critical
PK-2024-02852,2024-02-21,01:42,Islamabad,Islamabad,Urban,33.9365,72.9566,Cloudy,829,19.5,17.0,Street-lit,Muddy,Asphalt,2,60,Straight,Flat,Painted,Yes,3,Truck;Car;Truck,14.7,No,34,No,Yes,No,No,75,Braking,Human Error,Rear-end,Side,1,1064,Peak,32.5,41.9,0,1,2,Minor,Medium
PK-2024-02853,2024-12-02,03:06,Sindh,Karachi,Rural,25.8054,67.1681,Clear,1052,27.2,25.7,Daylight,Construction,Asphalt,2,50,Straight,Uphill,None,Yes,1,Motorcycle,7.9,No,31,Partial,Yes,No,No,40,Braking,Wrong Side,Fixed-object,Rear,1,1361,Peak,29.7,40.7,0,0,1,Minor,Low
PK-2024-02854,2024-01-12,20:56,Balochistan,Quetta,Residential,28.9365,66.8935,Haze,347,32.4,1.2,Daylight,Potholed,Asphalt,2,60,Straight,Flat,Physical,Yes,1,Truck,8.0,No,42,Yes,Yes,Yes,No,70,Braking,Speeding,Fixed-object,Front,1,348,Off-peak,9.2,15.5,0,0,0,None,Low
PK-2024-02855,2024-05-13,01:49,Sindh,Larkana,Highway,26.2179,68.9069,Clear,72,29.4,7.0,Dawn-Dusk,Dry,Asphalt,3,50,Gentle,Flat,Painted,No,2,Auto-rickshaw;Car,14.6,No,25,Yes,Partial,No,No,65,Swerving,Mechanical Failure,Rear-end,Rear,1,1149,Off-peak,5.9,6.8,0,0,2,Minor,Low
PK-2024-02856,2024-09-14,07:02,Sindh,Larkana,Rural,26.2958,67.2321,Dust Storm,115,35.9,4.4,Unlit,Dry,Gravel,2,50,Hairpin,Uphill,Painted,No,2,Motorcycle;Motorcycle,10.2,No,51,No,No,No,No,50,Braking,Speeding,Rollover,Side,1,1643,Off-peak,54.7,74.3,1,3,2,Total,Critical
PK-2024-02857,2024-04-04,00:38,Sindh,Larkana,Highway,25.993,67.3972,Dust Storm,155,30.5,16.1,Unlit,Icy,Asphalt,2,40,Gentle,Flat,Painted,No,2,Motorcycle;Bicycle,17.1,No,42,Yes,Not Applicable,Yes,No,55,Braking,Speeding,Side-swipe,Rear,1,286,Off-peak,4.8,6.4,1,1,2,Severe,High
PK-2024-02858,2024-12-28,11:12,Punjab,Gujranwala,Urban,29.6578,73.8974,Haze,967,50.0,3.1,Street-lit,Wet,Asphalt,4,80,Straight,Flat,None,No,2,Motorcycle;Car,8.8,Yes,18,Yes,No,No,No,90,None,Mechanical Failure,Fixed-object,Side,1,151,Off-peak,30.9,44.0,1,3,1,Severe,Critical
PK-2024-02859,2024-07-12,20:47,Sindh,Hyderabad,Rural,26.4057,66.8034,Clear,28,27.0,47.4,Dawn-Dusk,Dry,Asphalt,2,60,Sharp,Uphill,None,Yes,5,Motorcycle;Motorcycle;Motorcycle;Motorcycle;Motorcycle,2.7,Yes,56,Yes,Not Applicable,No,Unknown,90,None,Human Error,Rear-end,Side,1,267,Off-peak,24.3,32.3,1,3,1,Total,Critical
PK-2024-02860,2024-09-18,03:01,Punjab,Rawalpindi,Residential,30.898,72.8069,Clear,191,23.7,6.5,Unlit,Wet,Asphalt,2,110,Gentle,Flat,None,No,5,Car;Motorcycle;Car;Truck;Bus,17.3,No,43,Yes,No,No,No,115,Swerving,Speeding,Head-on,Rear,1,1080,Off-peak,16.5,28.7,1,3,1,Total,Critical
PK-2024-02861,2024-08-21,07:11,KPK,Swat,Rural,34.6049,72.9077,Cloudy,50,27.2,0.2,Unlit,Dry,Asphalt,2,100,Gentle,Flat,Physical,No,3,Motorcycle;Truck;Motorcycle,17.1,No,33,Yes,Not Applicable,No,No,100,Braking,Wrong Side,Rear-end,Front,2,1473,Peak,9.0,16.0,0,1,2,Moderate,Medium
PK-2024-02862,2024-06-10,13:50,Punjab,Lahore,Urban,31.3701,73.4816,Heavy Rain,1066,19.5,25.6,Dawn-Dusk,Dry,Asphalt,2,40,Gentle,Flat,None,No,2,Car;Car,12.6,No,28,No,Yes,No,No,40,Swerving,Signal Violation,Head-on,Side,1,839,Peak,0.5,5.4,0,0,1,Minor,Low
PK-2024-02863,2024-10-18,02:25,Islamabad,Islamabad,Urban,34.8506,73.6986,Rain,20,35.3,10.7,Daylight,Wet,Asphalt,4,120,Straight,Flat,Painted,No,2,Truck;Bus,6.4,No,39,Partial,Not Applicable,No,No,160,Braking,Mechanical Failure,Side-swipe,Front,1,755,Peak,6.5,12.1,0,2,2,Moderate,Medium
PK-2024-02864,2024-06-03,01:20,Sindh,Karachi,Highway,25.2147,68.7984,Clear,718,41.7,5.4,Daylight,Dry,Dirt,6,40,Gentle,Uphill,None,No,2,Bicycle;Car,18.2,No,44,No,Not Applicable,Yes,No,70,Braking,Drunk Driving,Head-on,Roof,1,373,Peak,4.8,10.8,0,2,2,Moderate,Medium
PK-2024-02865,2024-05-17,10:03,Sindh,Larkana,Rural,24.5313,67.8493,Dust Storm,357,41.1,21.7,Daylight,Dry,Asphalt,2,40,Sharp,Flat,Physical,No,3,Auto-rickshaw;Car;Bus,8.8,No,43,Partial,Partial,No,Unknown,55,Braking,Overloading,Side-swipe,Rear,1,396,Peak,17.6,22.5,0,0,2,None,Low
PK-2024-02866,2024-11-08,23:56,Islamabad,Islamabad,Rural,33.2191,74.4628,Fog,140,33.0,24.9,Daylight,Dry,Gravel,3,50,Sharp,Downhill,Painted,Yes,5,Truck;Motorcycle;Bus;Motorcycle;Auto-rickshaw,13.8,No,20,No,Not Applicable,No,No,60,None,Human Error,Side-swipe,Side,2,1630,Peak,3.7,12.6,0,2,2,Moderate,Medium
PK-2024-02867,2024-02-14,11:05,KPK,Dera Ismail Khan,Urban,34.0189,71.1076,Rain,41,21.8,16.6,Unlit,Construction,Asphalt,2,110,Gentle,Downhill,Physical,No,4,Motorcycle;Bicycle;Motorcycle;Car,4.9,No,55,Yes,Not Applicable,No,No,125,Swerving,Speeding,Rear-end,Rear,3,1066,Off-peak,3.8,11.6,1,2,2,Total,Critical