incident_id,date,time,province,district,road_type,latitude,longitude,weather,visibility_meters,temperature_c,wind_speed_kmh,lighting,road_condition,surface_material,number_of_lanes,speed_limit_kmh,road_curvature,road_gradient,median_type,shoulder_available,num_vehicles,vehicle_types,vehicle_avg_age_years,overloading_detected,driver_age,helmet_usage,seatbelt_usage,mobile_phone_suspected,alcohol_drug_suspected,speed_at_impact_kmh,evasive_action,accident_cause,collision_type,impact_point,num_collisions,traffic_volume_per_hour,peak_off_peak,distance_to_hospital_km,expected_response_min,fatalities,serious_injuries,minor_injuries,property_damage_level,severity
PK-2024-02868,2024-09-05,16:48,Punjab,Sialkot,Residential,29.5654,72.7631,Dust Storm,815,33.1,17.9,Unlit,Dry,Asphalt,2,100,Straight,Flat,Physical,Yes,3,Motorcycle;Motorcycle;Bicycle,13.2,Yes,39,No,Not Applicable,No,No,90,Braking,Speeding,Rear-end,Rear,2,748,Peak,28.2,38.8,2,4,3,Severe,Critical
PK-2024-02869,2024-10-17,09:26,Sindh,Hyderabad,Urban,25.8638,67.379,Clear,267,21.6,23.4,Daylight,Dry,Concrete,4,60,Gentle,Flat,Physical,No,2,Auto-rickshaw;Motorcycle,6.7,No,29,Yes,Not Applicable,Yes,No,60,None,Weather,Fixed-object,Rear,2,278,Off-peak,24.0,31.8,0,0,0,Minor,Low
PK-2024-02870,2024-12-15,00:48,Balochistan,Khuzdar,Rural,28.6506,66.5512,Rain,194,30.8,18.6,Street-lit,Icy,Asphalt,2,60,Straight,Uphill,Painted,Yes,4,Bicycle;Bus;Motorcycle;Truck,5.6,No,39,Yes,Yes,No,No,90,None,Speeding,Side-swipe,Side,1,891,Peak,9.3,9.7,2,4,3,Severe,Critical
PK-2024-02871,2024-07-06,13:32,Punjab,Gujranwala,Residential,30.954,73.342,Dust Storm,134,32.1,11.0,Daylight,Wet,Asphalt,4,60,Straight,Flat,Painted,No,1,Auto-rickshaw,12.9,No,19,No,Yes,No,Unknown,70,Swerving,Human Error,Fixed-object,Rear,1,536,Peak,14.4,26.3,0,1,1,Moderate,Medium
PK-2024-02872,2024-08-20,04:51,Punjab,Sargodha,Highway,31.8756,73.5482,Cloudy,465,40.5,0.5,Tunnel,Dry,Asphalt,2,40,Gentle,Flat,Physical,Yes,1,Car,18.5,No,29,Yes,No,No,No,55,Swerving,Mobile Phone,Head-on,Front,2,1240,Peak,4.6,7.3,0,0,1,None,Low
PK-2024-02873,2024-04-16,10:27,Punjab,Bahawalpur,Rural,30.1136,74.6175,Rain,567,21.5,29.9,Street-lit,Dry,Gravel,4,80,Sharp,Flat,Physical,Yes,1,Truck,19.5,No,41,No,No,No,No,95,Swerving,Weather,Rollover,Rear,1,1771,Off-peak,12.2,18.4,1,3,3,Total,Critical
PK-2024-02874,2024-08-06,21:05,Balochistan,Turbat,Rural,27.8583,66.012,Rain,1500,37.0,3.2,Daylight,Dry,Asphalt,2,40,Straight,Flat,Painted,Yes,4,Motorcycle;Bus;Motorcycle;Truck,2.8,Yes,28,No,Yes,No,Unknown,50,Braking,Signal Violation,Head-on,Side,3,315,Peak,16.5,16.6,0,0,2,Moderate,Medium
PK-2024-02875,2024-04-01,00:31,Punjab,Sialkot,Urban,31.7364,73.1707,Clear,561,30.6,4.7,Dawn-Dusk,Dry,Asphalt,2,30,Sharp,Uphill,Physical,No,2,Motorcycle;Motorcycle,15.0,No,36,Yes,Yes,No,No,45,Braking,Signal Violation,Rear-end,Rear,1,1225,Off-peak,46.0,57.7,0,0,2,None,Low
PK-2024-02876,2024-11-20,16:05,Punjab,Rawalpindi,Urban,32.4735,73.9333,Cloudy,1008,28.8,10.5,Daylight,Muddy,Gravel,3,110,Straight,Flat,None,No,2,Motorcycle;Bicycle,18.1,No,32,Yes,Not Applicable,No,Yes,120,Braking,Speeding,Rear-end,Rear,2,1927,Peak,9.2,14.9,0,0,3,Moderate,Medium
PK-2024-02877,2024-12-22,05:03,Sindh,Hyderabad,Rural,26.1845,67.7827,Clear,263,20.9,8.7,Dawn-Dusk,Potholed,Concrete,2,60,Gentle,Downhill,None,Yes,4,Auto-rickshaw;Truck;Bicycle;Bicycle,12.7,No,31,No,Not Applicable,No,No,80,Swerving,Drunk Driving,Head-on,Side,2,1672,Off-peak,4.6,7.7,0,1,3,Moderate,High
PK-2024-02878,2024-11-17,16:57,KPK,Swat,Residential,32.3364,70.2595,Fog,320,31.2,2.2,Daylight,Dry,Gravel,2,80,Straight,Flat,Physical,No,2,Auto-rickshaw;Motorcycle,6.4,No,19,Yes,No,No,No,90,Braking,Weather,Fixed-object,Side,1,412,Peak,18.2,27.9,0,1,4,Moderate,High
PK-2024-02879,2024-01-22,23:27,Sindh,Nawabshah,Urban,26.04,68.2435,Clear,73,26.9,27.2,Street-lit,Dry,Asphalt,2,110,Sharp,Flat,Physical,Yes,2,Car;Truck,3.8,No,46,Yes,Not Applicable,No,Unknown,115,Braking,Wrong Side,Head-on,Front,1,1542,Peak,3.8,8.6,0,2,3,Severe,High
PK-2024-02880,2024-09-05,04:56,Sindh,Hyderabad,Urban,26.1069,66.5533,Clear,100,44.2,5.3,Unlit,Wet,Asphalt,2,50,Straight,Downhill,None,No,3,Motorcycle;Bicycle;Motorcycle,10.5,No,57,No,No,No,No,65,None,Mechanical Failure,Head-on,Front,1,89,Off-peak,9.8,19.9,0,1,4,Severe,High
PK-2024-02881,2024-04-27,12:21,Punjab,Faisalabad,Rural,32.4194,74.7756,Fog,90,23.1,11.9,Daylight,Wet,Asphalt,4,40,Gentle,Flat,Painted,Yes,2,Car;Bicycle,16.1,No,19,Yes,Not Applicable,No,No,30,Braking,Signal Violation,Multi-vehicle pileup,Front,1,548,Peak,14.0,19.6,0,2,3,Moderate,High
PK-2024-02882,2024-04-15,07:38,Punjab,Sialkot,Highway,30.4263,72.8534,Clear,108,37.7,8.1,Unlit,Dry,Asphalt,2,80,Hairpin,Downhill,None,No,3,Truck;Motorcycle;Motorcycle,8.6,No,36,Yes,No,No,Unknown,80,Swerving,Mobile Phone,Side-swipe,Side,2,1529,Peak,17.8,23.8,0,0,3,Minor,Medium
PK-2024-02883,2024-06-04,15:16,Sindh,Hyderabad,Rural,24.3294,68.7429,Heavy Rain,731,16.4,21.8,Daylight,Muddy,Asphalt,2,60,Gentle,Flat,Painted,Yes,2,Bus;Bus,9.6,No,44,No,Yes,No,No,70,None,Speeding,Rear-end,Side,2,1784,Peak,0.6,8.6,0,3,3,Severe,High
PK-2024-02884,2024-06-22,18:36,Punjab,Bahawalpur,Rural,31.7063,74.8526,Clear,209,20.4,14.5,Daylight,Wet,Asphalt,4,50,Straight,Flat,Physical,Yes,1,Motorcycle,12.7,No,37,No,No,No,No,50,Swerving,Speeding,Head-on,Side,3,1605,Peak,1.6,6.2,0,1,3,Moderate,Medium
PK-2024-02885,2024-02-17,10:55,Punjab,Sargodha,Rural,32.232,73.1768,Clear,1349,36.8,9.1,Street-lit,Dry,Asphalt,2,110,Sharp,Flat,Physical,Yes,2,Car;Car,13.8,No,36,Partial,Not Applicable,No,No,120,Braking,Animal Crossing,Rollover,Side,2,1438,Peak,10.0,21.8,0,1,1,Minor,Medium
PK-2024-02886,2024-08-26,14:01,KPK,Mardan,Urban,34.7117,70.0017,Dust Storm,20,25.4,12.9,Tunnel,Muddy,Concrete,2,60,Hairpin,Flat,Painted,Yes,2,Motorcycle;Motorcycle,2.1,No,38,No,Yes,No,No,70,Swerving,Signal Violation,Side-swipe,Front,1,665,Off-peak,3.8,9.3,3,3,1,Total,Critical
PK-2024-02887,2024-08-15,23:00,KPK,Dera Ismail Khan,Residential,33.9051,71.3954,Dust Storm,139,37.0,29.6,Street-lit,Wet,Concrete,2,40,Straight,Uphill,Painted,Yes,2,Car;Auto-rickshaw,5.5,Yes,48,No,Yes,No,No,60,Braking,Human Error,Side-swipe,Side,1,1681,Off-peak,15.7,21.4,0,1,2,Moderate,Medium
PK-2024-02888,2024-06-07,16:27,Sindh,Nawabshah,Rural,24.8132,66.9297,Rain,485,28.1,4.3,Street-lit,Wet,Asphalt,4,100,Sharp,Flat,Painted,Yes,3,Car;Car;Motorcycle,8.2,No,16,No,No,No,No,115,Swerving,Speeding,Multi-vehicle pileup,Front,2,90,Off-peak,48.2,58.1,1,3,2,Total,Critical
PK-2024-02889,2024-10-23,11:46,Sindh,Sukkur,Highway,26.0059,67.6547,Heavy Rain,525,43.3,12.2,Daylight,Wet,Asphalt,4,40,Straight,Uphill,Physical,No,2,Motorcycle;Car,6.8,No,36,Yes,Yes,Yes,No,35,None,Signal Violation,Rear-end,Rear,2,604,Off-peak,2.7,3.0,0,0,1,Minor,Low
PK-2024-02890,2024-11-20,18:09,Balochistan,Turbat,Highway,30.4862,67.7324,Clear,252,21.6,17.5,Unlit,Potholed,Concrete,2,40,Straight,Downhill,Physical,Yes,5,Auto-rickshaw;Bus;Truck;Motorcycle;Car,7.3,Yes,52,Partial,Partial,No,No,55,Braking,Human Error,Head-on,Front,1,1531,Off-peak,7.7,14.3,0,2,2,Severe,High
PK-2024-02891,2024-11-16,04:03,Sindh,Nawabshah,Urban,24.5191,67.1414,Fog,1500,45.0,5.6,Daylight,Flooding,Gravel,4,40,Straight,Flat,None,No,2,Car;Motorcycle,10.9,No,33,Yes,Yes,No,Unknown,45,None,Signal Violation,Rear-end,Roof,2,923,Off-peak,2.4,5.2,0,0,1,Minor,Low
PK-2024-02892,2024-05-11,13:54,Punjab,Rawalpindi,Urban,30.0357,72.5747,Heavy Rain,1085,24.2,21.6,Unlit,Muddy,Concrete,3,50,Gentle,Flat,None,No,2,Truck;Car,13.0,Yes,25,No,Not Applicable,No,No,40,Swerving,Human Error,Side-swipe,Side,2,1102,Off-peak,16.5,31.2,0,0,3,Minor,Medium
PK-2024-02893,2024-06-15,09:21,Punjab,Faisalabad,Urban,30.5674,74.7926,Rain,436,35.3,13.9,Daylight,Muddy,Asphalt,4,60,Straight,Flat,Physical,Yes,3,Auto-rickshaw;Truck;Motorcycle,9.4,No,18,No,Yes,No,No,65,None,Mobile Phone,Rear-end,Rear,1,1889,Off-peak,6.3,12.0,0,1,1,Moderate,Medium
PK-2024-02894,2024-09-22,22:30,Punjab,Lahore,Rural,31.8012,74.2392,Dust Storm,577,17.9,9.7,Daylight,Wet,Asphalt,2,80,Straight,Downhill,Physical,Yes,3,Bus;Car;Auto-rickshaw,16.9,No,45,Yes,Not Applicable,No,No,95,None,Weather,Fixed-object,Roof,2,382,Peak,3.6,13.6,1,3,2,Severe,High
PK-2024-02895,2024-10-26,01:02,Sindh,Sukkur,Rural,26.1496,68.6346,Clear,241,22.8,12.2,Tunnel,Dry,Asphalt,2,40,Gentle,Flat,Physical,Yes,2,Car;Bicycle,3.9,Yes,21,No,Yes,No,No,30,None,Mobile Phone,Pedestrian,Front,2,528,Off-peak,7.2,13.0,0,0,2,Moderate,Medium
PK-2024-02896,2024-12-23,05:47,Punjab,Multan,Urban,31.8442,73.7042,Haze,137,36.1,15.4,Tunnel,Flooding,Concrete,2,80,Straight,Flat,Painted,Yes,3,Car;Truck;Auto-rickshaw,10.8,No,21,No,Yes,No,No,95,Swerving,Signal Violation,Rollover,Side,1,778,Off-peak,18.8,26.1,1,3,3,Total,Critical
PK-2024-02897,2024-06-11,23:13,Punjab,Multan,Highway,29.9726,73.0784,Dust Storm,271,41.8,33.8,Street-lit,Flooding,Asphalt,3,60,Gentle,Flat,None,Yes,2,Car;Car,2.8,No,20,Yes,Yes,No,No,100,None,Speeding,Head-on,Side,1,937,Peak,0.5,7.1,3,3,3,Severe,Critical
PK-2024-02898,2024-08-12,11:45,Punjab,Sialkot,Urban,31.3059,73.3814,Heavy Rain,572,35.0,0.8,Dawn-Dusk,Icy,Asphalt,6,60,Straight,Downhill,Physical,No,4,Car;Car;Bus;Bus,2.1,Yes,21,Yes,No,No,Unknown,70,Swerving,Overloading,Head-on,Side,1,445,Off-peak,16.7,25.2,1,3,3,Total,Critical
PK-2024-02899,2024-12-26,16:57,Punjab,Rawalpindi,Rural,30.9955,74.5865,Cloudy,556,31.9,17.4,Daylight,Potholed,Asphalt,2,40,Hairpin,Flat,Physical,Yes,4,Motorcycle;Car;Car;Motorcycle,19.6,No,27,Partial,Not Applicable,No,No,30,Swerving,Human Error,Pedestrian,Rear,1,1494,Off-peak,0.9,6.1,0,0,2,None,Low
PK-2024-02900,2024-09-02,04:56,KPK,Abbottabad,Urban,33.2495,71.4588,Cloudy,217,27.1,0.1,Street-lit,Dry,Asphalt,4,50,Straight,Downhill,Physical,Yes,3,Motorcycle;Car;Motorcycle,2.7,No,35,No,Not Applicable,No,No,55,None,Human Error,Fixed-object,Side,1,721,Off-peak,7.2,12.9,0,0,1,None,Low
PK-2024-02901,2024-12-18,21:11,Sindh,Hyderabad,Rural,24.5301,66.943,Clear,674,22.7,6.0,Daylight,Flooding,Asphalt,2,80,Straight,Flat,Painted,Yes,1,Bus,5.8,No,26,No,Partial,No,No,80,None,Mechanical Failure,Multi-vehicle pileup,Side,2,533,Peak,15.1,26.9,2,3,2,Total,Critical
PK-2024-02902,2024-03-10,04:26,Punjab,Sargodha,Rural,30.6469,74.8506,Cloudy,341,27.4,39.9,Street-lit,Wet,Gravel,4,50,Straight,Downhill,Painted,Yes,2,Motorcycle;Bus,12.2,No,25,Yes,No,No,No,65,None,Signal Violation,Rollover,Front,3,1100,Off-peak,9.4,16.2,0,2,2,Moderate,High
PK-2024-02903,2024-02-19,14:01,Punjab,Bahawalpur,Highway,29.6513,72.0867,Clear,28,29.4,27.7,Dawn-Dusk,Dry,Asphalt,6,100,Gentle,Downhill,None,Yes,2,Car;Car,18.0,No,24,No,Yes,No,No,140,Braking,Mobile Phone,Pedestrian,Side,1,1786,Peak,22.7,27.1,1,4,1,Severe,Critical
PK-2024-02904,2024-06-18,11:19,KPK,Dera Ismail Khan,Urban,32.5904,70.9955,Clear,273,20.4,32.4,Daylight,Dry,Asphalt,1,40,Straight,Downhill,Physical,No,2,Bus;Truck,6.1,No,27,Yes,Yes,No,No,40,Braking,Speeding,Side-swipe,Rear,1,1833,Peak,23.6,32.0,0,0,1,None,Low
PK-2024-02905,2024-04-07,16:20,Punjab,Bahawalpur,Urban,30.1635,74.5752,Clear,632,34.6,37.2,Unlit,Muddy,Asphalt,3,100,Gentle,Flat,Painted,Yes,2,Car;Motorcycle,3.6,No,16,No,Partial,No,No,110,Braking,Animal Crossing,Side-swipe,Side,1,762,Peak,4.4,9.8,0,3,2,Severe,High
PK-2024-02906,2024-03-07,03:15,Sindh,Hyderabad,Rural,25.196,67.95,Rain,278,21.1,25.9,Daylight,Wet,Dirt,4,50,Straight,Downhill,None,Yes,2,Motorcycle;Car,7.1,No,47,No,Yes,No,No,65,Braking,Human Error,Head-on,Side,1,266,Peak,17.2,27.0,0,2,3,Minor,Medium
PK-2024-02907,2024-04-16,03:23,Balochistan,Khuzdar,Rural,28.5166,66.4992,Clear,1037,30.2,25.7,Dawn-Dusk,Dry,Asphalt,2,60,Gentle,Flat,None,Yes,4,Motorcycle;Car;Motorcycle;Auto-rickshaw,19.8,No,27,No,No,No,No,80,Swerving,Mechanical Failure,Rear-end,Side,3,1226,Peak,11.0,16.4,0,0,3,Moderate,Medium
PK-2024-02908,2024-11-23,22:33,Punjab,Bahawalpur,Urban,29.6472,74.0799,Rain,68,24.4,3.0,Unlit,Dry,Asphalt,4,50,Straight,Flat,Physical,Yes,4,Car;Car;Motorcycle;Car,2.8,Yes,37,No,Not Applicable,No,No,60,Swerving,Drunk Driving,Head-on,Front,2,1768,Peak,9.8,18.8,0,2,3,Severe,High
PK-2024-02909,2024-12-02,13:38,Punjab,Lahore,Urban,30.7507,73.5068,Haze,336,39.4,11.8,Daylight,Wet,Asphalt,2,110,Sharp,Flat,Painted,Yes,2,Car;Auto-rickshaw,5.2,No,32,Partial,No,No,No,130,Swerving,Signal Violation,Side-swipe,Front,1,598,Off-peak,4.6,9.9,0,1,2,Moderate,Medium
PK-2024-02910,2024-07-06,17:30,Balochistan,Khuzdar,Urban,28.5668,67.9925,Rain,266,21.5,0.4,Daylight,Dry,Concrete,2,110,Straight,Uphill,Physical,Yes,3,Motorcycle;Motorcycle;Motorcycle,10.9,No,39,No,Not Applicable,No,No,120,Braking,Mobile Phone,Pedestrian,Front,2,1045,Off-peak,5.4,9.4,0,1,3,Minor,Medium
PK-2024-02911,2024-02-15,20:25,Islamabad,Islamabad,Rural,33.0759,73.4047,Cloudy,59,30.8,5.1,Unlit,Wet,Dirt,3,50,Gentle,Uphill,None,No,3,Car;Motorcycle;Car,7.4,Yes,16,Yes,No,Yes,No,40,Swerving,Mechanical Failure,Rear-end,Side,1,1368,Off-peak,14.3,21.9,0,2,3,Minor,Medium
PK-2024-02912,2024-03-10,10:21,Islamabad,Islamabad,Residential,32.6944,73.5992,Haze,781,38.7,6.8,Street-lit,Potholed,Asphalt,2,110,Straight,Flat,Painted,Yes,4,Motorcycle;Auto-rickshaw;Motorcycle;Truck,6.4,No,53,Yes,Not Applicable,No,Unknown,125,Swerving,Speeding,Fixed-object,Side,1,285,Off-peak,2.5,4.1,0,1,1,Minor,Medium
PK-2024-02913,2024-07-22,13:16,KPK,Abbottabad,Residential,33.8605,71.3245,Cloudy,274,50.0,6.7,Street-lit,Muddy,Dirt,3,30,Straight,Flat,Physical,Yes,3,Bus;Motorcycle;Motorcycle,8.4,No,22,No,No,No,No,45,None,Speeding,Multi-vehicle pileup,Front,1,1382,Peak,10.1,16.4,1,2,3,Moderate,High
PK-2024-02914,2024-03-23,02:35,Punjab,Rawalpindi,Rural,30.0441,74.5897,Clear,217,31.6,8.7,Unlit,Wet,Concrete,6,30,Hairpin,Downhill,Physical,Yes,1,Motorcycle,15.9,No,45,No,Not Applicable,No,No,30,Braking,Wrong Side,Head-on,Side,1,1106,Peak,2.7,10.6,0,1,2,Minor,Medium
PK-2024-02915,2024-10-05,15:31,KPK,Peshawar,Urban,34.6283,71.4211,Cloudy,366,25.1,1.9,Unlit,Potholed,Gravel,2,40,Straight,Downhill,Painted,No,3,Car;Motorcycle;Motorcycle,10.7,No,37,Yes,Yes,No,Unknown,45,Swerving,Overloading,Fixed-object,Rear,1,1047,Off-peak,4.2,9.7,0,0,2,Minor,Low
PK-2024-02916,2024-11-20,00:59,Sindh,Hyderabad,Rural,24.1869,66.6068,Clear,1466,31.0,2.8,Daylight,Construction,Asphalt,3,100,Straight,Flat,Physical,No,2,Car;Motorcycle,12.1,Yes,43,Yes,Not Applicable,Yes,Unknown,120,None,Human Error,Rear-end,Roof,1,142,Off-peak,3.6,10.5,0,1,1,Minor,Medium
PK-2024-02917,2024-06-19,23:30,Punjab,Rawalpindi,Rural,31.3811,74.8416,Clear,85,7.7,3.1,Street-lit,Dry,Asphalt,4,40,Straight,Flat,Painted,No,2,Bicycle;Motorcycle,13.0,Yes,26,Yes,No,No,No,70,Braking,Speeding,Head-on,Front,2,458,Off-peak,1.9,13.4,0,1,2,Moderate,High
PK-2024-02918,2024-01-08,06:43,Islamabad,Islamabad,Rural,33.5611,73.8205,Clear,444,29.5,6.1,Unlit,Dry,Asphalt,2,110,Straight,Downhill,Physical,No,4,Auto-rickshaw;Car;Car;Truck,3.5,Yes,16,Yes,Not Applicable,No,Unknown,105,None,Human Error,Head-on,Front,3,527,Peak,2.0,7.5,1,3,1,Total,Critical
PK-2024-02919,2024-03-26,02:35,Sindh,Nawabshah,Rural,24.1971,68.7538,Cloudy,177,22.9,7.5,Unlit,Dry,Asphalt,3,110,Straight,Uphill,Physical,Yes,1,Bicycle,15.8,No,44,Partial,No,No,No,140,None,Human Error,Pedestrian,Roof,2,57,Peak,47.3,66.3,1,2,1,Total,Critical
PK-2024-02920,2024-11-16,11:31,Sindh,Sukkur,Highway,24.5012,66.7135,Cloudy,74,26.3,31.6,Unlit,Construction,Asphalt,1,50,Straight,Uphill,None,No,3,Car;Motorcycle;Motorcycle,8.6,No,31,No,Partial,No,No,45,Swerving,Animal Crossing,Side-swipe,Roof,2,1104,Off-peak,4.5,16.3,0,0,2,None,Low
PK-2024-02921,2024-04-03,19:15,Sindh,Hyderabad,Urban,26.8995,67.4215,Cloudy,1307,38.9,14.6,Street-lit,Flooding,Asphalt,2,120,Hairpin,Uphill,None,Yes,3,Bicycle;Car;Motorcycle,15.0,No,18,No,Yes,No,Yes,135,Braking,Speeding,Fixed-object,Front,1,802,Off-peak,4.7,12.7,1,2,2,Total,Critical
PK-2024-02922,2024-11-04,03:07,Punjab,Faisalabad,Urban,32.4901,72.6287,Clear,435,50.0,0.1,Unlit,Wet,Gravel,3,50,Straight,Flat,Physical,Yes,2,Truck;Motorcycle,16.3,No,37,No,Yes,No,No,60,Swerving,Overloading,Rear-end,Side,3,54,Peak,8.8,14.6,0,0,0,Minor,Low
PK-2024-02923,2024-12-17,14:44,Balochistan,Turbat,Highway,30.1139,67.4448,Heavy Rain,85,26.4,1.0,Unlit,Muddy,Asphalt,1,120,Gentle,Uphill,None,Yes,2,Motorcycle;Motorcycle,9.4,No,29,No,No,No,No,110,Swerving,Drunk Driving,Fixed-object,Front,2,528,Off-peak,1.0,7.1,2,3,3,Total,Critical
PK-2024-02924,2024-03-07,19:41,KPK,Peshawar,Urban,34.8107,72.93,Clear,733,37.7,7.1,Daylight,Construction,Concrete,1,60,Straight,Flat,Physical,Yes,3,Auto-rickshaw;Motorcycle;Truck,15.3,No,21,Partial,No,No,Yes,55,Braking,Speeding,Rear-end,Roof,1,252,Peak,3.0,13.7,0,0,0,Minor,Low
PK-2024-02925,2024-10-06,04:19,Sindh,Sukkur,Urban,26.0134,67.9462,Cloudy,156,18.0,13.7,Street-lit,Wet,Asphalt,1,60,Sharp,Uphill,Painted,Yes,2,Car;Motorcycle,2.1,No,39,Yes,No,No,No,55,Braking,Human Error,Head-on,Rear,1,1664,Peak,4.5,14.4,0,0,1,None,Low
PK-2024-02926,2024-09-12,14:42,Balochistan,Gwadar,Highway,27.586,67.1297,Haze,97,42.7,15.7,Street-lit,Wet,Asphalt,2,30,Straight,Uphill,Painted,Yes,3,Car;Motorcycle;Car,18.9,No,20,No,No,No,No,20,None,Drunk Driving,Head-on,Rear,1,472,Off-peak,27.3,42.1,1,1,2,Moderate,High
PK-2024-02927,2024-03-26,14:14,Punjab,Lahore,Rural,31.5538,74.9152,Cloudy,215,35.2,8.1,Daylight,Dry,Dirt,4,40,Straight,Uphill,Physical,Yes,2,Motorcycle;Car,19.6,No,17,Yes,Yes,No,No,40,Braking,Human Error,Rear-end,Rear,1,964,Off-peak,2.2,3.1,0,0,1,Minor,Low
PK-2024-02928,2024-01-24,04:35,Sindh,Larkana,Urban,25.8534,66.9272,Haze,101,42.1,4.0,Dawn-Dusk,Wet,Dirt,2,60,Straight,Downhill,Painted,No,4,Car;Motorcycle;Truck;Motorcycle,5.9,Yes,18,Yes,Partial,No,No,90,Braking,Speeding,Fixed-object,Rear,1,1836,Off-peak,1.3,8.8,2,3,3,Severe,Critical
PK-2024-02929,2024-09-10,22:57,Punjab,Multan,Urban,31.5392,72.0595,Fog,345,24.5,34.4,Tunnel,Icy,Gravel,4,50,Gentle,Flat,None,Yes,3,Car;Car;Auto-rickshaw,5.3,Yes,66,Yes,No,Yes,No,60,Braking,Weather,Rear-end,Rear,1,529,Peak,7.2,8.6,0,0,1,Minor,Medium
PK-2024-02930,2024-09-18,14:47,Punjab,Sargodha,Residential,30.2665,73.9944,Dust Storm,988,11.1,19.3,Dawn-Dusk,Muddy,Asphalt,2,40,Gentle,Flat,Physical,No,1,Car,12.7,Yes,36,Yes,No,No,No,40,None,Animal Crossing,Rear-end,Rear,2,132,Off-peak,3.2,8.1,0,1,2,Minor,Medium
PK-2024-02931,2024-09-10,12:58,KPK,Peshawar,Rural,33.4951,72.2899,Haze,667,25.9,3.2,Daylight,Wet,Asphalt,4,60,Straight,Uphill,Physical,No,3,Motorcycle;Bicycle;Bus,12.5,Yes,41,No,Yes,No,No,55,Swerving,Animal Crossing,Rollover,Front,1,766,Peak,10.4,20.8,0,1,3,Minor,Medium
PK-2024-02932,2024-02-05,20:23,Punjab,Sargodha,Rural,31.9387,73.5197,Rain,20,30.7,16.5,Street-lit,Potholed,Asphalt,6,80,Sharp,Flat,Physical,Yes,1,Car,18.7,No,39,Yes,Not Applicable,No,Unknown,70,Braking,Weather,Head-on,Rear,1,87,Off-peak,6.7,14.4,0,1,4,Severe,High
PK-2024-02933,2024-02-15,07:59,Sindh,Karachi,Highway,24.9645,67.7681,Haze,207,31.6,51.6,Daylight,Dry,Gravel,2,100,Gentle,Flat,None,No,2,Car;Car,16.9,No,37,Yes,Yes,No,No,100,None,Animal Crossing,Side-swipe,Rear,2,860,Peak,21.8,29.2,0,0,2,Moderate,Medium
PK-2024-02934,2024-01-19,18:28,KPK,Swat,Residential,33.1542,72.7806,Rain,112,28.5,16.8,Tunnel,Icy,Concrete,4,50,Hairpin,Flat,Painted,Yes,2,Car;Car,16.8,No,45,No,Yes,No,No,55,None,Weather,Rear-end,Side,2,1970,Peak,22.0,29.9,0,1,2,Moderate,Medium
PK-2024-02935,2024-06-01,11:54,KPK,Peshawar,Rural,33.3797,72.6937,Clear,20,32.8,1.2,Dawn-Dusk,Potholed,Asphalt,2,40,Straight,Downhill,Painted,Yes,1,Motorcycle,14.1,No,16,No,No,No,No,50,None,Wrong Side,Side-swipe,Rear,2,501,Peak,5.1,9.3,0,2,2,Severe,High
PK-2024-02936,2024-10-08,02:04,Punjab,Bahawalpur,Urban,30.3507,73.3318,Dust Storm,20,24.7,2.3,Street-lit,Construction,Asphalt,3,100,Straight,Downhill,Physical,Yes,2,Motorcycle;Motorcycle,11.1,Yes,45,Yes,Not Applicable,No,No,100,None,Human Error,Fixed-object,Front,2,214,Peak,3.4,15.5,2,4,2,Severe,Critical
PK-2024-02937,2024-12-22,08:47,Punjab,Sargodha,Highway,30.4433,73.1805,Cloudy,45,35.8,10.1,Unlit,Dry,Asphalt,2,30,Straight,Flat,None,Yes,3,Car;Car;Car,8.4,Yes,37,No,Yes,No,No,70,Swerving,Weather,Head-on,Rear,1,226,Peak,18.1,28.2,1,4,2,Severe,Critical
PK-2024-02938,2024-12-15,05:59,Punjab,Sargodha,Residential,29.7965,74.8216,Clear,146,33.1,3.1,Unlit,Muddy,Asphalt,2,60,Hairpin,Downhill,Painted,Yes,3,Car;Motorcycle;Car,8.5,No,29,No,No,No,No,75,Swerving,Signal Violation,Head-on,Side,1,1638,Off-peak,1.9,5.1,1,3,2,Severe,Critical
PK-2024-02939,2024-10-18,02:48,Sindh,Larkana,Rural,24.2708,69.4138,Cloudy,1004,24.5,2.7,Daylight,Construction,Asphalt,1,60,Straight,Flat,None,Yes,2,Motorcycle;Car,5.2,No,44,No,No,No,No,65,Braking,Speeding,Fixed-object,Side,3,105,Off-peak,6.8,7.6,0,0,3,Minor,Medium
PK-2024-02940,2024-06-04,07:13,KPK,Swat,Residential,32.2558,71.9043,Clear,234,42.7,55.9,Unlit,Dry,Concrete,4,50,Sharp,Downhill,None,No,3,Auto-rickshaw;Car;Motorcycle,15.6,No,36,No,Yes,No,No,65,Braking,Mechanical Failure,Fixed-object,Roof,2,527,Peak,23.4,36.2,0,2,1,Moderate,Medium
PK-2024-02941,2024-01-13,04:17,Sindh,Nawabshah,Highway,26.7894,68.1897,Fog,260,33.6,2.7,Daylight,Dry,Concrete,2,80,Sharp,Uphill,None,Yes,2,Car;Car,19.4,No,32,Yes,No,No,Unknown,70,None,Human Error,Rear-end,Rear,1,1438,Off-peak,6.6,15.0,0,0,1,Minor,Low