incident_id,date,time,province,district,road_type,latitude,longitude,weather,visibility_meters,temperature_c,wind_speed_kmh,lighting,road_condition,surface_material,number_of_lanes,speed_limit_kmh,road_curvature,road_gradient,median_type,shoulder_available,num_vehicles,vehicle_types,vehicle_avg_age_years,overloading_detected,driver_age,helmet_usage,seatbelt_usage,mobile_phone_suspected,alcohol_drug_suspected,speed_at_impact_kmh,evasive_action,accident_cause,collision_type,impact_point,num_collisions,traffic_volume_per_hour,peak_off_peak,distance_to_hospital_km,expected_response_min,fatalities,serious_injuries,minor_injuries,property_damage_level,severity
PK-2024-02942,2024-10-01,18:36,Punjab,Multan,Urban,30.7305,73.508,Cloudy,323,23.8,19.4,Dawn-Dusk,Dry,Dirt,4,110,Sharp,Flat,Physical,Yes,1,Bus,16.8,No,26,No,No,No,No,150,Braking,Human Error,Rear-end,Front,1,1574,Off-peak,10.5,19.1,0,1,4,Moderate,High
PK-2024-02943,2024-08-14,03:35,Sindh,Karachi,Rural,25.6164,68.6082,Dust Storm,27,32.0,6.6,Daylight,Dry,Concrete,2,40,Straight,Downhill,Painted,No,2,Bus;Motorcycle,9.2,No,19,Yes,Yes,No,No,45,None,Speeding,Head-on,Rear,1,1611,Off-peak,12.6,17.8,0,2,4,Severe,High
PK-2024-02944,2024-06-22,17:16,Sindh,Karachi,Urban,24.9398,68.9743,Dust Storm,142,19.0,6.8,Street-lit,Muddy,Asphalt,4,80,Straight,Flat,Painted,No,1,Bicycle,12.7,No,19,Yes,No,Yes,No,100,Braking,Speeding,Rear-end,Front,2,587,Peak,1.6,5.1,1,2,1,Total,Critical
PK-2024-02945,2024-11-06,12:29,Punjab,Rawalpindi,Urban,30.3648,72.0634,Clear,221,23.6,7.9,Street-lit,Dry,Asphalt,1,80,Straight,Uphill,Physical,Yes,3,Bus;Motorcycle;Truck,14.8,No,46,Partial,Yes,No,No,100,None,Signal Violation,Fixed-object,Rear,1,1858,Peak,3.3,10.4,0,0,2,Moderate,Medium
PK-2024-02946,2024-11-27,01:48,Sindh,Nawabshah,Residential,24.5709,69.1892,Cloudy,449,29.7,34.7,Daylight,Muddy,Asphalt,1,100,Gentle,Flat,Painted,Yes,3,Car;Car;Bicycle,11.4,No,41,No,Not Applicable,No,No,115,None,Animal Crossing,Side-swipe,Side,2,593,Off-peak,1.3,4.4,0,2,3,Moderate,High
PK-2024-02947,2024-09-10,09:54,Punjab,Bahawalpur,Urban,30.0823,72.8233,Heavy Rain,23,15.4,43.4,Daylight,Icy,Asphalt,2,60,Gentle,Flat,None,No,3,Motorcycle;Bus;Auto-rickshaw,13.3,No,30,No,Not Applicable,No,Yes,100,Swerving,Mechanical Failure,Side-swipe,Rear,1,1557,Off-peak,19.7,33.9,1,3,2,Total,Critical
PK-2024-02948,2024-09-02,12:27,Sindh,Sukkur,Rural,25.8703,68.3886,Clear,507,41.0,0.2,Dawn-Dusk,Dry,Asphalt,4,80,Sharp,Flat,Painted,Yes,2,Bus;Bicycle,14.8,No,31,Yes,Yes,No,Unknown,85,Braking,Signal Violation,Pedestrian,Front,1,887,Off-peak,10.4,15.1,0,0,1,Minor,Low
PK-2024-02949,2024-10-08,21:18,Sindh,Hyderabad,Rural,24.6182,66.9408,Clear,318,24.5,10.1,Dawn-Dusk,Dry,Dirt,2,40,Sharp,Downhill,Physical,No,5,Motorcycle;Truck;Car;Motorcycle;Auto-rickshaw,17.2,No,37,No,No,No,No,70,Braking,Weather,Head-on,Roof,1,1756,Off-peak,23.2,31.0,0,1,3,Moderate,High
PK-2024-02950,2024-06-08,09:30,Sindh,Sukkur,Residential,24.0037,67.5295,Clear,20,27.6,4.4,Street-lit,Wet,Concrete,4,120,Gentle,Flat,Painted,Yes,2,Car;Auto-rickshaw,14.0,Yes,42,Yes,Not Applicable,No,No,125,Swerving,Wrong Side,Head-on,Side,1,1760,Off-peak,4.1,11.7,1,1,4,Severe,High
PK-2024-02951,2024-09-21,14:01,Balochistan,Turbat,Urban,28.5716,67.7808,Rain,465,27.0,1.7,Unlit,Muddy,Asphalt,1,60,Straight,Flat,Physical,Yes,2,Auto-rickshaw;Truck,4.4,No,29,No,Yes,No,No,55,None,Mobile Phone,Rear-end,Side,2,1816,Peak,6.2,14.1,0,1,2,Minor,Medium
PK-2024-02952,2024-08-14,05:01,KPK,Dera Ismail Khan,Urban,32.8176,70.2728,Cloudy,189,30.9,4.2,Street-lit,Dry,Asphalt,3,60,Gentle,Downhill,Physical,No,3,Motorcycle;Car;Truck,19.5,No,32,Yes,Not Applicable,No,No,55,Swerving,Human Error,Rear-end,Side,1,282,Off-peak,7.7,14.1,0,0,0,None,Low
PK-2024-02953,2024-03-12,10:17,KPK,Abbottabad,Residential,33.7791,71.7394,Clear,271,26.1,0.9,Dawn-Dusk,Wet,Concrete,2,40,Gentle,Flat,Physical,No,2,Auto-rickshaw;Car,17.2,No,29,No,Yes,No,No,40,Braking,Overloading,Rear-end,Rear,1,247,Peak,12.9,24.9,0,0,2,Minor,Low
PK-2024-02954,2024-09-13,09:11,Punjab,Gujranwala,Rural,30.894,73.3854,Rain,406,25.4,0.2,Daylight,Dry,Asphalt,3,60,Straight,Downhill,None,Yes,1,Car,12.7,Yes,28,Yes,Yes,No,No,55,Braking,Speeding,Rear-end,Side,2,1893,Off-peak,1.0,9.8,0,0,0,Minor,Low
PK-2024-02955,2024-10-14,03:23,Islamabad,Islamabad,Residential,35.1876,71.5375,Dust Storm,1130,37.1,30.6,Unlit,Wet,Dirt,2,50,Straight,Flat,None,Yes,5,Car;Motorcycle;Car;Car;Motorcycle,8.7,No,47,No,No,No,No,80,None,Overloading,Rear-end,Roof,2,669,Off-peak,20.5,29.6,1,4,3,Total,Critical
PK-2024-02956,2024-12-19,23:59,Islamabad,Islamabad,Urban,32.2553,72.4824,Dust Storm,205,20.4,7.6,Unlit,Icy,Asphalt,2,60,Gentle,Uphill,Painted,No,3,Car;Motorcycle;Car,12.6,No,29,No,Yes,No,No,70,Braking,Human Error,Fixed-object,Front,1,1486,Off-peak,8.6,17.8,3,3,2,Total,Critical
PK-2024-02957,2024-12-22,20:50,KPK,Peshawar,Urban,33.3881,72.2867,Heavy Rain,163,32.2,11.8,Street-lit,Potholed,Asphalt,3,100,Gentle,Flat,Painted,Yes,3,Motorcycle;Car;Truck,11.8,Yes,40,No,Yes,No,No,130,Braking,Speeding,Rear-end,Side,3,1546,Off-peak,12.0,19.3,3,2,3,Severe,Critical
PK-2024-02958,2024-11-25,23:13,Punjab,Sargodha,Urban,30.9064,72.8875,Clear,526,16.4,0.8,Daylight,Potholed,Gravel,2,100,Sharp,Flat,Physical,Yes,2,Car;Motorcycle,2.9,No,16,No,Not Applicable,Yes,No,110,Braking,Signal Violation,Rear-end,Rear,3,189,Peak,5.7,10.3,1,3,2,Severe,High
PK-2024-02959,2024-10-24,16:29,KPK,Mardan,Highway,33.4616,72.1575,Clear,34,21.4,14.2,Daylight,Dry,Concrete,2,110,Sharp,Flat,None,Yes,2,Motorcycle;Truck,10.2,Yes,44,No,No,No,Yes,110,Braking,Animal Crossing,Rear-end,Rear,1,808,Off-peak,2.1,11.6,1,1,2,Severe,High
PK-2024-02960,2024-09-20,11:57,Islamabad,Islamabad,Highway,34.6923,74.2027,Clear,74,29.9,30.4,Street-lit,Dry,Concrete,6,60,Straight,Downhill,Physical,No,3,Auto-rickshaw;Motorcycle;Truck,18.3,Yes,38,Partial,Not Applicable,No,No,60,Braking,Mechanical Failure,Side-swipe,Rear,1,1323,Peak,22.9,37.5,0,0,2,None,Low
PK-2024-02961,2024-06-18,02:58,Sindh,Karachi,Residential,25.23,66.7965,Cloudy,59,18.2,2.7,Unlit,Construction,Concrete,4,30,Gentle,Flat,Painted,Yes,5,Motorcycle;Car;Car;Motorcycle;Car,18.9,No,16,No,Yes,No,No,30,Swerving,Animal Crossing,Rear-end,Roof,1,1754,Off-peak,2.7,7.6,0,0,1,Minor,Low
PK-2024-02962,2024-12-18,12:43,Punjab,Faisalabad,Urban,32.3871,74.0968,Clear,833,45.3,6.2,Dawn-Dusk,Wet,Concrete,2,60,Straight,Uphill,None,Yes,2,Motorcycle;Car,13.1,Yes,18,Yes,Not Applicable,No,No,75,None,Human Error,Side-swipe,Rear,1,1142,Off-peak,13.1,21.7,0,0,0,None,Low
PK-2024-02963,2024-05-25,07:41,Punjab,Bahawalpur,Residential,31.3821,73.2864,Clear,116,39.9,18.1,Unlit,Wet,Asphalt,2,60,Sharp,Flat,None,Yes,2,Car;Bicycle,6.8,No,52,Yes,No,No,No,60,Braking,Human Error,Side-swipe,Rear,2,1425,Off-peak,16.8,24.1,0,0,1,Minor,Low
PK-2024-02964,2024-08-15,07:37,Balochistan,Khuzdar,Urban,29.2341,65.9173,Rain,1422,37.4,9.1,Tunnel,Wet,Gravel,4,60,Sharp,Downhill,Physical,Yes,3,Auto-rickshaw;Truck;Auto-rickshaw,11.8,Yes,44,No,Partial,No,No,80,None,Human Error,Side-swipe,Side,2,544,Off-peak,6.6,8.0,0,2,3,Minor,Medium
PK-2024-02965,2024-10-18,10:50,KPK,Abbottabad,Highway,33.8875,71.4198,Rain,159,11.8,1.3,Dawn-Dusk,Dry,Dirt,2,60,Gentle,Flat,Painted,No,3,Auto-rickshaw;Car;Motorcycle,19.8,No,43,Yes,Not Applicable,No,No,100,Braking,Human Error,Rear-end,Side,1,1829,Off-peak,16.4,25.3,1,1,4,Severe,High
PK-2024-02966,2024-04-13,14:52,Balochistan,Turbat,Rural,29.1981,67.0847,Clear,172,38.9,20.5,Daylight,Wet,Asphalt,3,40,Gentle,Flat,Painted,No,3,Auto-rickshaw;Motorcycle;Bicycle,15.9,No,42,Yes,Yes,Yes,No,55,Braking,Speeding,Fixed-object,Front,1,176,Peak,6.0,11.9,0,0,1,Minor,Low
PK-2024-02967,2024-08-15,12:48,Punjab,Sargodha,Rural,29.9533,73.4699,Cloudy,109,29.8,2.0,Street-lit,Muddy,Asphalt,4,50,Sharp,Flat,None,No,1,Motorcycle,5.9,No,26,Yes,No,No,Unknown,40,None,Human Error,Rollover,Front,2,856,Off-peak,5.1,10.4,1,2,4,Severe,High
PK-2024-02968,2024-07-27,23:48,Islamabad,Islamabad,Residential,32.2356,72.2819,Cloudy,33,29.2,6.7,Unlit,Wet,Concrete,3,120,Straight,Downhill,Physical,No,2,Motorcycle;Motorcycle,15.1,Yes,55,No,Yes,No,No,160,None,Animal Crossing,Head-on,Front,3,1633,Peak,3.8,14.0,1,3,2,Severe,Critical
PK-2024-02969,2024-05-23,12:05,Sindh,Larkana,Rural,26.2237,67.4408,Rain,53,10.1,15.5,Dawn-Dusk,Dry,Asphalt,2,110,Straight,Flat,Physical,Yes,3,Motorcycle;Car;Truck,7.5,Yes,51,Partial,Yes,No,No,110,None,Speeding,Rear-end,Roof,2,1000,Off-peak,4.0,4.1,1,4,3,Severe,Critical
PK-2024-02970,2024-07-22,08:33,Sindh,Karachi,Urban,25.8908,67.9575,Fog,165,38.3,1.1,Unlit,Potholed,Dirt,4,110,Straight,Flat,None,No,2,Motorcycle;Motorcycle,7.8,No,37,No,No,No,No,100,None,Speeding,Rear-end,Front,1,1393,Peak,18.5,27.2,2,3,3,Severe,Critical
PK-2024-02971,2024-10-23,16:22,KPK,Dera Ismail Khan,Urban,33.0888,70.9495,Haze,349,35.5,9.2,Daylight,Dry,Dirt,2,80,Sharp,Downhill,Painted,Yes,5,Car;Bus;Auto-rickshaw;Car;Car,6.6,Yes,28,Partial,Yes,No,Unknown,90,Braking,Wrong Side,Fixed-object,Front,2,881,Peak,1.2,5.0,0,0,1,Moderate,Medium
PK-2024-02972,2024-11-24,15:05,Punjab,Gujranwala,Urban,29.5931,73.0011,Heavy Rain,20,41.1,28.6,Daylight,Construction,Concrete,2,50,Straight,Flat,Painted,No,5,Car;Car;Motorcycle;Car;Truck,14.3,No,23,No,Yes,No,No,50,Swerving,Speeding,Fixed-object,Rear,2,511,Peak,16.8,24.5,1,4,1,Total,Critical
PK-2024-02973,2024-09-12,12:20,KPK,Peshawar,Urban,32.4364,71.7904,Clear,89,24.3,7.5,Daylight,Wet,Asphalt,2,50,Straight,Downhill,None,Yes,2,Car;Bicycle,4.2,No,48,Partial,Not Applicable,No,No,80,Swerving,Mobile Phone,Rollover,Roof,1,1894,Peak,8.0,12.9,1,2,2,Moderate,High
PK-2024-02974,2024-04-15,02:27,Punjab,Multan,Highway,30.6912,73.5936,Rain,135,30.3,5.5,Street-lit,Dry,Asphalt,1,110,Gentle,Uphill,Physical,No,3,Truck;Truck;Car,19.6,Yes,32,Yes,Not Applicable,No,No,125,None,Weather,Head-on,Front,3,1043,Peak,19.3,39.5,2,3,1,Total,Critical
PK-2024-02975,2024-08-28,19:50,Sindh,Sukkur,Highway,25.2185,68.879,Cloudy,472,38.4,3.9,Daylight,Dry,Asphalt,3,110,Straight,Downhill,Physical,Yes,2,Bus;Motorcycle,9.9,No,29,Yes,Not Applicable,No,No,125,Braking,Signal Violation,Side-swipe,Side,1,1569,Peak,1.6,3.8,0,0,0,Minor,Low
PK-2024-02976,2024-01-19,00:09,Punjab,Bahawalpur,Urban,31.3273,72.1678,Haze,40,28.2,17.2,Street-lit,Wet,Dirt,2,80,Straight,Flat,Physical,Yes,1,Motorcycle,12.3,No,28,Yes,No,No,No,80,Swerving,Human Error,Head-on,Rear,2,1621,Peak,6.8,19.1,0,2,3,Moderate,High
PK-2024-02977,2024-03-11,14:38,KPK,Abbottabad,Residential,33.3041,71.938,Clear,225,30.5,3.2,Unlit,Potholed,Concrete,2,80,Gentle,Downhill,Physical,No,2,Car;Car,14.3,No,57,No,Partial,No,No,95,Swerving,Mechanical Failure,Rollover,Side,2,1534,Off-peak,7.3,10.1,1,4,1,Severe,Critical
PK-2024-02978,2024-04-27,22:32,Punjab,Sargodha,Rural,30.6961,72.1939,Clear,134,30.9,4.5,Street-lit,Icy,Asphalt,4,80,Sharp,Uphill,None,Yes,2,Car;Car,17.2,No,48,No,Yes,No,No,80,Braking,Human Error,Multi-vehicle pileup,Side,3,1035,Off-peak,14.8,20.1,0,1,4,Moderate,High
PK-2024-02979,2024-05-18,11:54,Punjab,Gujranwala,Urban,29.9695,73.6088,Fog,687,41.9,18.5,Street-lit,Potholed,Asphalt,2,50,Gentle,Uphill,Physical,Yes,3,Bicycle;Motorcycle;Motorcycle,15.6,No,39,No,Yes,No,No,60,Swerving,Speeding,Pedestrian,Side,2,896,Off-peak,8.7,14.5,0,1,4,Severe,High
PK-2024-02980,2024-02-01,00:44,Sindh,Sukkur,Rural,24.9081,69.1309,Heavy Rain,191,18.9,16.0,Dawn-Dusk,Dry,Asphalt,4,110,Gentle,Flat,Painted,Yes,1,Motorcycle,10.3,No,31,No,Not Applicable,No,No,115,None,Wrong Side,Rear-end,Rear,1,1759,Off-peak,32.2,43.2,3,3,1,Total,Critical
PK-2024-02981,2024-09-17,23:15,Sindh,Karachi,Highway,24.3053,68.9538,Dust Storm,56,32.7,4.5,Unlit,Wet,Asphalt,2,120,Gentle,Downhill,Physical,Yes,2,Motorcycle;Bicycle,12.5,No,45,Yes,Not Applicable,No,Yes,130,Swerving,Speeding,Side-swipe,Front,2,128,Off-peak,27.4,35.8,3,2,1,Total,Critical
PK-2024-02982,2024-11-10,07:48,Punjab,Bahawalpur,Highway,29.7094,72.2796,Rain,785,35.2,5.8,Unlit,Construction,Asphalt,1,110,Sharp,Uphill,Physical,No,1,Car,11.0,No,22,Yes,No,No,No,120,Braking,Drunk Driving,Pedestrian,Roof,1,1831,Peak,1.5,3.0,1,4,3,Total,Critical
PK-2024-02983,2024-10-12,02:29,Sindh,Sukkur,Urban,25.1843,66.819,Cloudy,462,32.3,6.9,Daylight,Dry,Asphalt,2,120,Gentle,Uphill,Painted,Yes,2,Auto-rickshaw;Bicycle,7.4,No,44,No,Yes,No,No,150,None,Signal Violation,Rear-end,Front,2,1987,Off-peak,3.5,8.1,0,1,3,Moderate,Medium
PK-2024-02984,2024-11-17,05:38,Punjab,Bahawalpur,Rural,30.1735,72.1499,Cloudy,129,50.0,13.5,Daylight,Dry,Gravel,6,100,Hairpin,Uphill,None,Yes,3,Motorcycle;Truck;Bicycle,18.4,No,58,No,Yes,No,No,115,Braking,Speeding,Head-on,Front,1,1880,Off-peak,7.5,12.7,3,4,2,Severe,Critical
PK-2024-02985,2024-12-24,18:56,KPK,Peshawar,Urban,32.8693,72.5511,Rain,133,24.5,1.6,Street-lit,Dry,Asphalt,6,60,Gentle,Downhill,Physical,Yes,3,Car;Car;Car,5.8,No,33,No,Partial,No,No,100,Braking,Speeding,Head-on,Rear,1,1907,Peak,14.7,23.8,2,3,2,Total,Critical
PK-2024-02986,2024-09-21,16:11,Punjab,Lahore,Highway,31.5615,73.6353,Heavy Rain,537,27.2,35.7,Daylight,Dry,Asphalt,4,40,Straight,Flat,Painted,Yes,2,Car;Bus,9.2,No,19,No,Yes,No,Unknown,40,None,Weather,Rear-end,Front,3,1506,Off-peak,18.6,29.1,0,1,2,Moderate,Medium
PK-2024-02987,2024-01-02,05:24,Balochistan,Quetta,Urban,29.2709,66.2581,Clear,43,26.5,14.9,Daylight,Dry,Gravel,1,80,Straight,Flat,None,Yes,2,Auto-rickshaw;Bus,3.7,No,18,Yes,Yes,No,No,80,Swerving,Wrong Side,Side-swipe,Side,1,503,Off-peak,18.3,32.4,0,0,0,None,Low
PK-2024-02988,2024-06-05,00:17,Sindh,Sukkur,Rural,24.7395,67.748,Cloudy,111,27.9,8.7,Street-lit,Muddy,Asphalt,4,50,Sharp,Flat,Painted,No,1,Car,15.2,No,40,Yes,Not Applicable,No,No,45,Swerving,Animal Crossing,Head-on,Front,2,506,Peak,13.1,22.3,0,0,2,Minor,Low
PK-2024-02989,2024-11-07,06:07,Sindh,Nawabshah,Rural,25.1213,68.8106,Dust Storm,138,36.8,6.9,Tunnel,Dry,Dirt,2,30,Gentle,Downhill,Physical,No,4,Bus;Car;Bus;Auto-rickshaw,2.2,Yes,49,Yes,No,No,No,60,None,Wrong Side,Multi-vehicle pileup,Side,1,1883,Peak,2.4,11.0,2,3,3,Total,Critical
PK-2024-02990,2024-01-20,13:51,Punjab,Bahawalpur,Urban,30.2196,73.1269,Fog,70,40.7,11.2,Daylight,Dry,Gravel,3,100,Gentle,Uphill,Physical,Yes,3,Car;Auto-rickshaw;Motorcycle,4.6,No,36,No,No,No,No,95,Swerving,Mechanical Failure,Head-on,Rear,1,1172,Peak,12.6,25.5,1,3,2,Total,Critical
PK-2024-02991,2024-11-28,07:05,Sindh,Nawabshah,Highway,24.8827,67.8052,Haze,219,36.3,26.8,Tunnel,Icy,Dirt,2,40,Gentle,Flat,Physical,No,2,Auto-rickshaw;Car,18.8,No,43,Yes,Yes,No,No,40,Braking,Human Error,Rollover,Front,1,611,Off-peak,24.6,33.4,0,0,0,Minor,Low
PK-2024-02992,2024-08-05,05:13,Sindh,Larkana,Urban,25.5773,69.2125,Cloudy,82,24.2,5.5,Unlit,Wet,Asphalt,4,80,Straight,Flat,Physical,No,3,Car;Motorcycle;Motorcycle,13.3,Yes,16,No,Not Applicable,No,No,85,Braking,Human Error,Side-swipe,Rear,2,569,Peak,21.0,29.6,0,3,2,Severe,High
PK-2024-02993,2024-09-15,08:49,Sindh,Nawabshah,Rural,26.3722,68.2472,Heavy Rain,1500,34.3,32.9,Street-lit,Dry,Gravel,4,110,Hairpin,Flat,None,Yes,3,Motorcycle;Car;Auto-rickshaw,12.4,Yes,16,Partial,No,No,Yes,120,None,Signal Violation,Side-swipe,Front,1,1484,Off-peak,4.8,10.0,3,3,3,Severe,Critical
PK-2024-02994,2024-04-11,16:02,Punjab,Sargodha,Urban,29.9859,73.4061,Cloudy,88,31.3,21.1,Daylight,Dry,Asphalt,2,100,Gentle,Downhill,None,No,3,Motorcycle;Car;Bus,5.7,No,31,Yes,No,No,No,90,None,Mechanical Failure,Rear-end,Side,2,469,Off-peak,2.6,10.7,0,1,2,Moderate,Medium
PK-2024-02995,2024-02-11,05:22,Punjab,Lahore,Highway,31.3138,74.5427,Haze,317,24.5,4.8,Street-lit,Dry,Asphalt,1,60,Gentle,Downhill,Physical,No,3,Bicycle;Motorcycle;Auto-rickshaw,8.5,No,66,No,Not Applicable,No,No,65,Braking,Human Error,Side-swipe,Side,3,1177,Peak,6.0,13.1,0,0,1,None,Low
PK-2024-02996,2024-05-02,14:58,Punjab,Sialkot,Urban,32.2183,73.7741,Heavy Rain,224,21.8,5.7,Daylight,Potholed,Gravel,3,60,Straight,Uphill,Physical,Yes,5,Car;Bus;Bicycle;Car;Motorcycle,19.5,Yes,32,Yes,Not Applicable,Yes,No,60,None,Signal Violation,Head-on,Front,1,1220,Peak,9.2,11.3,2,3,2,Severe,Critical
PK-2024-02997,2024-07-25,01:52,Sindh,Larkana,Urban,24.1992,68.5822,Clear,218,26.2,12.4,Street-lit,Muddy,Gravel,2,100,Straight,Flat,Physical,No,4,Truck;Motorcycle;Car;Auto-rickshaw,18.5,No,58,No,No,No,No,115,None,Signal Violation,Head-on,Side,2,1778,Peak,18.0,29.3,3,3,3,Total,Critical
PK-2024-02998,2024-08-16,13:06,Punjab,Faisalabad,Highway,32.0902,73.6028,Haze,117,30.0,49.7,Daylight,Dry,Asphalt,2,110,Gentle,Downhill,None,Yes,2,Motorcycle;Car,4.6,No,40,Yes,No,No,Unknown,100,None,Speeding,Rear-end,Side,2,97,Peak,15.5,20.6,3,4,3,Total,Critical
PK-2024-02999,2024-09-14,16:18,Punjab,Faisalabad,Urban,30.0747,73.7588,Clear,68,40.1,3.9,Street-lit,Dry,Asphalt,3,110,Sharp,Flat,Physical,Yes,3,Car;Car;Car,16.8,No,47,No,Partial,No,No,140,None,Overloading,Multi-vehicle pileup,Rear,1,367,Peak,6.1,12.2,3,4,2,Severe,Critical
PK-2024-03000,2024-04-26,11:35,Sindh,Hyderabad,Urban,25.9122,69.0478,Rain,204,30.2,5.0,Street-lit,Flooding,Gravel,3,100,Gentle,Flat,Painted,Yes,2,Truck;Car,9.8,Yes,24,Yes,Not Applicable,No,No,115,Swerving,Human Error,Side-swipe,Rear,2,849,Off-peak,1.6,4.2,2,3,3,Severe,Critical
PK-2024-03001,2024-03-17,19:51,Sindh,Larkana,Urban,25.0018,67.878,Rain,32,36.5,46.2,Dawn-Dusk,Dry,Asphalt,4,100,Straight,Uphill,Physical,Yes,2,Car;Auto-rickshaw,17.0,No,18,Yes,Yes,No,No,120,Braking,Signal Violation,Rear-end,Front,2,1550,Peak,12.9,21.0,0,2,3,Severe,High
PK-2024-03002,2024-08-26,01:00,Islamabad,Islamabad,Rural,32.4846,71.9513,Cloudy,20,15.8,14.2,Tunnel,Potholed,Asphalt,4,60,Gentle,Flat,Painted,Yes,2,Motorcycle;Motorcycle,18.5,No,32,No,Partial,No,No,70,Swerving,Signal Violation,Pedestrian,Front,1,1472,Off-peak,3.4,13.0,1,3,4,Moderate,High
PK-2024-03003,2024-01-13,00:51,Punjab,Bahawalpur,Rural,30.3593,73.8317,Clear,219,21.6,5.8,Street-lit,Dry,Asphalt,1,110,Sharp,Flat,Painted,Yes,3,Motorcycle;Auto-rickshaw;Bus,14.6,No,22,Partial,No,No,No,120,Swerving,Signal Violation,Rollover,Front,3,1879,Peak,21.1,33.2,2,3,1,Severe,Critical
PK-2024-03004,2024-07-23,08:28,Punjab,Sialkot,Rural,31.1265,72.1081,Clear,762,37.9,6.9,Street-lit,Dry,Gravel,6,60,Gentle,Uphill,Painted,No,1,Truck,14.3,No,45,No,Yes,No,No,65,None,Animal Crossing,Head-on,Side,1,1553,Peak,5.9,14.3,0,0,1,None,Low
PK-2024-03005,2024-05-23,07:53,KPK,Peshawar,Highway,33.5428,72.2545,Clear,108,29.0,2.8,Daylight,Potholed,Asphalt,2,110,Gentle,Flat,Painted,Yes,1,Bicycle,9.3,Yes,30,No,Yes,No,No,140,None,Overloading,Side-swipe,Front,1,142,Off-peak,0.8,6.7,3,3,1,Severe,Critical
PK-2024-03006,2024-05-16,17:13,Balochistan,Turbat,Urban,27.8349,65.3693,Clear,163,22.2,3.4,Street-lit,Icy,Asphalt,2,50,Straight,Uphill,Painted,Yes,3,Auto-rickshaw;Truck;Truck,15.9,Yes,34,Yes,Partial,No,No,80,None,Animal Crossing,Multi-vehicle pileup,Front,1,225,Off-peak,7.3,17.2,1,3,2,Severe,High
PK-2024-03007,2024-06-19,17:54,KPK,Swat,Urban,32.2039,72.233,Dust Storm,614,32.6,6.5,Daylight,Dry,Asphalt,4,60,Sharp,Flat,Painted,No,2,Auto-rickshaw;Truck,3.7,No,33,No,No,No,No,60,None,Mobile Phone,Rollover,Front,1,90,Off-peak,0.5,6.8,0,3,4,Moderate,High
PK-2024-03008,2024-04-20,07:03,Islamabad,Islamabad,Urban,33.3393,72.7934,Clear,348,25.0,49.1,Unlit,Wet,Dirt,3,60,Straight,Flat,Physical,Yes,3,Bus;Auto-rickshaw;Motorcycle,9.5,Yes,52,No,No,Yes,No,70,Braking,Mechanical Failure,Fixed-object,Front,2,515,Off-peak,5.8,12.0,0,1,2,Moderate,High
PK-2024-03009,2024-11-22,18:59,Sindh,Larkana,Urban,26.0462,68.6617,Clear,759,32.4,4.8,Daylight,Muddy,Asphalt,4,100,Gentle,Uphill,Physical,No,2,Bus;Truck,4.2,No,31,No,No,No,No,120,Braking,Speeding,Fixed-object,Front,1,435,Peak,12.4,17.9,0,1,4,Severe,High
PK-2024-03010,2024-03-07,11:02,KPK,Swat,Urban,34.0731,72.5212,Rain,151,27.1,20.6,Daylight,Potholed,Dirt,2,60,Straight,Flat,None,Yes,2,Bus;Motorcycle,5.2,No,21,No,Partial,No,Unknown,60,Swerving,Speeding,Head-on,Front,2,1225,Off-peak,7.8,15.4,1,1,2,Severe,High
PK-2024-03011,2024-10-28,23:39,Punjab,Lahore,Urban,32.111,73.8406,Rain,534,19.1,1.1,Street-lit,Dry,Gravel,4,110,Straight,Downhill,Painted,Yes,2,Bicycle;Motorcycle,6.7,No,25,No,No,Yes,No,130,Swerving,Animal Crossing,Multi-vehicle pileup,Front,1,253,Peak,0.5,3.0,1,1,4,Severe,High
PK-2024-03012,2024-07-18,09:51,Punjab,Faisalabad,Urban,30.8042,74.3567,Cloudy,181,37.5,1.1,Daylight,Wet,Dirt,4,50,Gentle,Flat,Painted,No,2,Car;Car,12.9,No,49,No,No,No,No,90,Braking,Signal Violation,Head-on,Side,2,777,Off-peak,4.2,9.2,3,4,2,Severe,Critical
PK-2024-03013,2024-12-17,18:03,Balochistan,Quetta,Rural,28.2223,67.5081,Rain,20,29.4,21.4,Daylight,Dry,Asphalt,2,60,Gentle,Flat,Physical,No,2,Motorcycle;Car,10.6,No,42,Yes,Yes,No,No,60,None,Wrong Side,Side-swipe,Rear,2,183,Off-peak,7.8,16.3,0,0,1,Minor,Low
PK-2024-03014,2024-08-22,12:40,Punjab,Sialkot,Urban,30.1863,73.1584,Clear,27,32.3,0.6,Street-lit,Icy,Gravel,1,40,Gentle,Flat,Painted,No,2,Truck;Motorcycle,8.6,No,28,No,Partial,No,No,60,Braking,Wrong Side,Rear-end,Side,2,1025,Peak,29.2,38.9,0,1,2,Moderate,Medium
PK-2024-03015,2024-06-05,13:38,KPK,Mardan,Rural,32.5221,70.4715,Clear,467,33.0,1.4,Dawn-Dusk,Potholed,Asphalt,2,100,Straight,Downhill,None,Yes,2,Auto-rickshaw;Bicycle,11.7,No,17,No,No,No,No,105,Braking,Speeding,Rear-end,Rear,1,232,Off-peak,0.6,4.5,0,2,4,Severe,High