incident_id,date,time,province,district,road_type,latitude,longitude,weather,visibility_meters,temperature_c,wind_speed_kmh,lighting,road_condition,surface_material,number_of_lanes,speed_limit_kmh,road_curvature,road_gradient,median_type,shoulder_available,num_vehicles,vehicle_types,vehicle_avg_age_years,overloading_detected,driver_age,helmet_usage,seatbelt_usage,mobile_phone_suspected,alcohol_drug_suspected,speed_at_impact_kmh,evasive_action,accident_cause,collision_type,impact_point,num_collisions,traffic_volume_per_hour,peak_off_peak,distance_to_hospital_km,expected_response_min,fatalities,serious_injuries,minor_injuries,property_damage_level,severity
PK-2024-03016,2024-02-01,00:16,Balochistan,Khuzdar,Rural,27.9701,66.5018,Clear,138,36.3,5.0,Daylight,Dry,Gravel,2,100,Gentle,Downhill,Physical,Yes,3,Motorcycle;Bus;Auto-rickshaw,19.8,No,36,Yes,Yes,No,No,95,Swerving,Weather,Rollover,Front,2,1454,Peak,2.9,6.7,0,0,3,Moderate,Medium
PK-2024-03017,2024-02-06,02:10,KPK,Dera Ismail Khan,Residential,32.5373,72.7999,Heavy Rain,194,25.3,7.6,Dawn-Dusk,Construction,Dirt,4,40,Straight,Flat,None,Yes,2,Bicycle;Bus,16.8,No,29,Partial,Yes,No,No,80,Braking,Signal Violation,Head-on,Front,2,1076,Peak,4.4,13.2,1,2,3,Total,Critical
PK-2024-03018,2024-02-14,02:33,Punjab,Multan,Rural,31.0002,74.5183,Haze,58,31.6,1.7,Street-lit,Construction,Asphalt,2,80,Gentle,Flat,Physical,Yes,2,Car;Motorcycle,17.8,Yes,42,No,No,Yes,No,80,None,Human Error,Side-swipe,Side,3,1072,Off-peak,16.8,21.8,1,2,2,Severe,Critical
PK-2024-03019,2024-09-18,04:02,Islamabad,Islamabad,Highway,33.6014,74.2364,Haze,109,31.3,12.2,Daylight,Wet,Asphalt,3,60,Sharp,Downhill,Painted,Yes,2,Motorcycle;Bicycle,12.2,No,48,No,Not Applicable,No,No,60,Braking,Overloading,Rear-end,Front,1,1889,Off-peak,6.6,16.2,0,0,2,Minor,Low
PK-2024-03020,2024-09-13,10:19,Balochistan,Khuzdar,Urban,28.7577,65.9259,Rain,41,25.4,23.2,Dawn-Dusk,Dry,Asphalt,2,110,Hairpin,Flat,Painted,Yes,3,Bicycle;Motorcycle;Car,8.2,No,40,Yes,Not Applicable,Yes,No,100,Braking,Weather,Head-on,Front,2,267,Off-peak,7.1,14.9,2,2,3,Total,Critical
PK-2024-03021,2024-05-11,05:28,KPK,Swat,Rural,34.7737,71.768,Cloudy,576,29.3,6.7,Unlit,Flooding,Gravel,2,60,Straight,Flat,Painted,Yes,3,Bus;Auto-rickshaw;Auto-rickshaw,11.8,No,48,Yes,Yes,No,No,70,Swerving,Human Error,Rear-end,Rear,3,1860,Off-peak,12.8,18.2,0,0,3,Moderate,Medium
PK-2024-03022,2024-10-02,15:37,Sindh,Hyderabad,Urban,26.1353,67.1805,Rain,930,33.1,11.7,Unlit,Dry,Asphalt,3,40,Sharp,Flat,None,Yes,2,Motorcycle;Motorcycle,16.3,No,40,Yes,Yes,No,Unknown,45,None,Mechanical Failure,Side-swipe,Side,2,300,Peak,6.3,12.2,0,0,1,Minor,Low
PK-2024-03023,2024-12-23,17:06,Balochistan,Turbat,Urban,29.9166,66.5693,Clear,1095,40.2,4.0,Unlit,Dry,Asphalt,2,60,Straight,Flat,Physical,Yes,2,Car;Bus,3.0,No,32,No,Yes,No,No,65,None,Mechanical Failure,Pedestrian,Roof,1,188,Peak,11.1,14.2,0,0,2,Minor,Low
PK-2024-03024,2024-02-04,20:25,Balochistan,Khuzdar,Residential,28.9005,65.7111,Cloudy,61,19.6,15.5,Unlit,Wet,Gravel,3,80,Straight,Flat,Physical,Yes,2,Auto-rickshaw;Motorcycle,7.7,No,32,No,Yes,No,No,120,None,Human Error,Side-swipe,Front,2,1577,Peak,25.3,29.7,2,3,1,Severe,Critical
PK-2024-03025,2024-12-11,14:12,Sindh,Nawabshah,Highway,25.1814,69.4434,Clear,94,16.4,5.4,Street-lit,Muddy,Asphalt,2,100,Hairpin,Downhill,Physical,Yes,2,Motorcycle;Motorcycle,14.6,No,16,Yes,Not Applicable,No,No,105,Braking,Signal Violation,Rear-end,Front,3,1437,Off-peak,12.7,21.5,1,3,2,Severe,Critical
PK-2024-03026,2024-01-25,01:22,KPK,Mardan,Urban,34.9041,71.611,Clear,1075,45.8,15.5,Daylight,Wet,Asphalt,2,50,Straight,Flat,Physical,Yes,2,Auto-rickshaw;Motorcycle,16.0,No,33,Yes,Not Applicable,No,No,60,Swerving,Human Error,Rollover,Side,2,444,Off-peak,38.8,52.8,0,0,1,Minor,Low
PK-2024-03027,2024-04-19,07:47,Punjab,Lahore,Rural,32.3583,74.068,Fog,1041,19.4,1.5,Unlit,Potholed,Asphalt,2,40,Straight,Flat,Physical,Yes,1,Bicycle,7.8,No,47,Yes,Yes,No,No,55,Swerving,Weather,Side-swipe,Front,2,985,Peak,55.7,69.4,0,0,2,Moderate,Medium
PK-2024-03028,2024-04-28,01:26,KPK,Swat,Highway,32.2665,70.6463,Clear,246,21.7,1.0,Street-lit,Wet,Concrete,2,100,Straight,Flat,Physical,Yes,2,Motorcycle;Motorcycle,18.0,No,16,No,Yes,Yes,No,105,Braking,Speeding,Rollover,Side,1,1746,Peak,6.9,8.6,1,3,2,Total,Critical
PK-2024-03029,2024-04-10,08:05,KPK,Swat,Rural,32.0659,71.0875,Cloudy,537,20.3,14.2,Unlit,Potholed,Asphalt,2,50,Straight,Flat,None,No,2,Motorcycle;Motorcycle,10.0,Yes,53,Yes,No,No,No,70,Swerving,Mobile Phone,Side-swipe,Rear,2,193,Off-peak,16.2,18.8,0,1,2,Minor,Medium
PK-2024-03030,2024-04-04,13:04,Punjab,Bahawalpur,Residential,30.0829,72.6724,Clear,693,30.6,19.4,Street-lit,Wet,Gravel,3,40,Hairpin,Flat,Physical,No,4,Motorcycle;Truck;Motorcycle;Bus,10.0,No,18,Partial,Not Applicable,No,No,35,Braking,Speeding,Head-on,Roof,2,921,Off-peak,0.5,5.4,0,0,0,Minor,Low
PK-2024-03031,2024-06-20,06:55,Punjab,Rawalpindi,Urban,31.3947,74.924,Cloudy,37,31.0,10.8,Daylight,Construction,Gravel,1,50,Straight,Flat,Physical,No,3,Car;Truck;Motorcycle,6.5,Yes,33,No,Not Applicable,Yes,No,70,Swerving,Speeding,Head-on,Front,1,57,Off-peak,3.2,11.4,0,2,2,Severe,High
PK-2024-03032,2024-08-23,10:41,Punjab,Sialkot,Rural,30.4847,72.5209,Cloudy,1326,27.3,16.2,Tunnel,Flooding,Asphalt,2,80,Gentle,Flat,Physical,No,3,Auto-rickshaw;Car;Car,13.6,Yes,30,No,No,No,No,75,Braking,Signal Violation,Pedestrian,Rear,1,359,Peak,6.5,6.6,3,4,2,Total,Critical
PK-2024-03033,2024-08-03,19:18,Balochistan,Quetta,Rural,28.4892,67.3903,Heavy Rain,675,24.5,2.0,Unlit,Potholed,Asphalt,2,40,Gentle,Downhill,None,No,2,Bus;Motorcycle,6.8,No,39,No,Not Applicable,No,No,70,None,Signal Violation,Rollover,Side,1,602,Off-peak,16.3,23.9,2,4,2,Total,Critical
PK-2024-03034,2024-12-27,19:06,KPK,Swat,Residential,33.0299,71.5161,Clear,337,34.5,4.1,Daylight,Muddy,Asphalt,2,60,Sharp,Downhill,Painted,Yes,2,Auto-rickshaw;Bus,18.9,No,54,Yes,Yes,No,Unknown,70,Swerving,Speeding,Fixed-object,Rear,2,326,Peak,3.3,10.2,0,0,1,Minor,Low
PK-2024-03035,2024-09-01,05:06,Balochistan,Turbat,Rural,28.9236,65.1325,Fog,1480,25.0,8.2,Street-lit,Wet,Asphalt,2,60,Sharp,Flat,None,No,2,Truck;Motorcycle,4.8,No,28,No,Not Applicable,No,Unknown,70,Swerving,Human Error,Pedestrian,Front,1,1353,Peak,4.6,8.1,0,1,2,Moderate,Medium
PK-2024-03036,2024-03-03,17:11,Punjab,Bahawalpur,Rural,31.3066,73.8657,Cloudy,109,18.5,9.6,Daylight,Wet,Asphalt,4,40,Straight,Flat,Painted,Yes,2,Auto-rickshaw;Motorcycle,17.2,No,23,Yes,Not Applicable,No,No,55,Swerving,Animal Crossing,Rear-end,Side,3,1539,Off-peak,3.6,11.1,0,0,2,None,Low
PK-2024-03037,2024-02-09,22:14,Sindh,Sukkur,Urban,26.5186,68.6873,Rain,210,28.3,16.5,Unlit,Construction,Gravel,2,80,Sharp,Flat,Physical,No,2,Bicycle;Auto-rickshaw,13.2,No,44,Partial,Yes,No,Unknown,70,Braking,Speeding,Rear-end,Front,2,712,Peak,22.7,31.1,0,3,2,Severe,High
PK-2024-03038,2024-05-23,14:39,Punjab,Gujranwala,Rural,30.389,74.8069,Rain,125,28.0,3.9,Street-lit,Dry,Concrete,2,80,Straight,Flat,Physical,Yes,2,Car;Motorcycle,15.8,Yes,16,No,Yes,No,No,85,None,Weather,Head-on,Front,1,774,Peak,0.6,7.5,2,4,3,Total,Critical
PK-2024-03039,2024-11-06,18:18,Punjab,Sargodha,Highway,29.7075,72.2223,Heavy Rain,144,26.6,9.4,Street-lit,Dry,Asphalt,2,100,Straight,Flat,Physical,No,1,Truck,8.6,No,33,No,Not Applicable,No,No,120,Braking,Mechanical Failure,Side-swipe,Roof,2,1301,Peak,5.8,13.9,0,1,4,Moderate,High
PK-2024-03040,2024-09-09,23:00,Punjab,Gujranwala,Urban,31.7392,72.1265,Cloudy,98,11.1,12.4,Unlit,Potholed,Asphalt,3,60,Straight,Downhill,None,Yes,3,Motorcycle;Motorcycle;Bus,10.4,No,35,Yes,Not Applicable,No,No,75,Braking,Signal Violation,Multi-vehicle pileup,Side,3,1030,Peak,0.8,7.4,1,2,3,Total,Critical
PK-2024-03041,2024-08-05,19:07,Punjab,Bahawalpur,Urban,31.0934,73.658,Clear,99,34.5,6.2,Street-lit,Muddy,Concrete,1,60,Gentle,Downhill,Painted,Yes,2,Motorcycle;Truck,8.9,No,39,Yes,No,No,Unknown,60,None,Human Error,Head-on,Side,1,1705,Off-peak,1.8,3.0,1,2,2,Severe,High
PK-2024-03042,2024-08-28,09:21,Islamabad,Islamabad,Residential,33.6606,73.105,Clear,61,30.1,4.1,Street-lit,Dry,Asphalt,2,40,Sharp,Downhill,None,No,1,Car,19.2,No,26,Partial,Not Applicable,No,Unknown,70,Braking,Signal Violation,Rear-end,Roof,1,438,Off-peak,39.8,57.2,0,0,0,None,Low
PK-2024-03043,2024-02-24,19:39,Punjab,Bahawalpur,Highway,31.6425,72.8297,Clear,134,20.8,1.4,Street-lit,Muddy,Dirt,2,110,Straight,Uphill,Painted,Yes,2,Motorcycle;Car,6.3,No,27,No,Partial,No,No,130,Swerving,Signal Violation,Side-swipe,Front,1,1899,Peak,3.3,15.0,0,2,3,Moderate,High
PK-2024-03044,2024-06-10,03:39,Punjab,Lahore,Rural,31.6203,73.2594,Fog,63,30.8,11.4,Street-lit,Potholed,Asphalt,2,40,Sharp,Downhill,Physical,Yes,2,Bus;Truck,19.2,No,41,Partial,No,No,No,50,Swerving,Speeding,Side-swipe,Rear,1,1676,Off-peak,16.1,19.7,0,2,2,Severe,High
PK-2024-03045,2024-12-02,16:09,Punjab,Lahore,Rural,31.6958,74.7265,Rain,580,24.0,1.3,Street-lit,Dry,Dirt,2,50,Hairpin,Flat,Painted,No,3,Car;Motorcycle;Truck,17.5,Yes,36,No,Partial,No,No,65,Braking,Signal Violation,Head-on,Rear,2,837,Off-peak,2.4,4.3,1,2,2,Severe,High
PK-2024-03046,2024-07-18,00:15,Sindh,Karachi,Rural,25.5896,67.303,Clear,618,26.1,14.6,Street-lit,Dry,Dirt,2,50,Gentle,Downhill,Painted,No,1,Bicycle,2.7,Yes,34,Partial,Partial,No,No,55,None,Wrong Side,Rear-end,Front,2,1121,Peak,5.0,12.0,0,0,1,Minor,Low
PK-2024-03047,2024-12-24,14:41,KPK,Abbottabad,Rural,33.3578,70.6651,Dust Storm,175,29.1,13.0,Dawn-Dusk,Dry,Gravel,4,40,Straight,Flat,Painted,No,4,Motorcycle;Motorcycle;Car;Car,7.1,No,29,No,Yes,No,No,40,Braking,Weather,Rear-end,Roof,1,423,Off-peak,6.6,9.3,0,0,2,Minor,Low
PK-2024-03048,2024-04-02,17:49,Punjab,Lahore,Residential,30.9792,72.2051,Cloudy,274,19.7,20.1,Unlit,Wet,Asphalt,6,50,Straight,Downhill,Physical,No,4,Car;Auto-rickshaw;Car;Car,15.4,No,18,Yes,No,No,No,90,Swerving,Wrong Side,Pedestrian,Side,1,1440,Peak,4.0,5.6,1,4,1,Total,Critical
PK-2024-03049,2024-02-12,16:38,KPK,Swat,Urban,34.73,72.9362,Rain,380,30.1,12.4,Dawn-Dusk,Flooding,Asphalt,2,50,Sharp,Uphill,Physical,Yes,2,Car;Car,18.5,Yes,16,Partial,Yes,No,No,50,Braking,Overloading,Side-swipe,Rear,1,210,Peak,15.8,23.0,0,1,3,Minor,Medium
PK-2024-03050,2024-12-20,18:00,Punjab,Rawalpindi,Urban,30.7793,73.7641,Cloudy,87,36.9,23.3,Dawn-Dusk,Dry,Asphalt,2,30,Sharp,Uphill,Physical,No,1,Motorcycle,8.3,No,27,No,Yes,No,No,30,None,Speeding,Head-on,Side,1,1162,Off-peak,2.6,13.9,0,0,2,Minor,Medium
PK-2024-03051,2024-09-04,21:37,Sindh,Larkana,Urban,25.0064,69.3327,Haze,357,18.4,3.7,Street-lit,Muddy,Dirt,2,80,Gentle,Flat,Painted,Yes,3,Auto-rickshaw;Truck;Car,13.5,No,44,No,No,No,No,80,Braking,Weather,Fixed-object,Front,2,1910,Off-peak,10.2,14.6,1,3,4,Moderate,High
PK-2024-03052,2024-09-20,00:50,Sindh,Nawabshah,Urban,26.2825,68.203,Clear,149,19.2,4.9,Daylight,Wet,Gravel,4,80,Gentle,Downhill,Physical,Yes,1,Car,2.9,No,16,No,No,Yes,No,80,Braking,Speeding,Rear-end,Rear,1,1775,Peak,5.5,8.8,0,0,2,None,Low
PK-2024-03053,2024-07-11,20:40,Punjab,Rawalpindi,Residential,31.9942,74.198,Fog,132,20.0,9.6,Dawn-Dusk,Wet,Asphalt,1,40,Straight,Flat,Physical,Yes,2,Motorcycle;Motorcycle,12.8,No,52,No,Yes,No,No,80,Swerving,Wrong Side,Rear-end,Front,1,1111,Peak,5.3,10.5,1,3,4,Moderate,High
PK-2024-03054,2024-03-25,12:03,Sindh,Karachi,Highway,25.4477,69.1749,Rain,1500,28.6,34.1,Street-lit,Dry,Concrete,2,100,Gentle,Flat,Physical,Yes,2,Motorcycle;Motorcycle,16.2,No,35,Yes,Yes,No,No,130,Braking,Speeding,Rear-end,Side,1,1020,Peak,27.9,37.7,0,3,4,Severe,High
PK-2024-03055,2024-06-24,22:05,Punjab,Faisalabad,Urban,31.5556,72.2932,Rain,95,33.4,1.5,Daylight,Dry,Gravel,2,30,Gentle,Downhill,None,Yes,3,Car;Motorcycle;Motorcycle,13.3,No,35,Yes,Yes,No,No,30,None,Mobile Phone,Fixed-object,Front,1,387,Off-peak,2.2,5.0,0,0,1,Minor,Low
PK-2024-03056,2024-11-26,12:10,Punjab,Bahawalpur,Urban,30.9591,73.6694,Rain,619,36.7,16.7,Daylight,Dry,Gravel,3,40,Hairpin,Downhill,Physical,Yes,4,Bus;Motorcycle;Truck;Motorcycle,15.1,No,49,No,Yes,No,No,30,Swerving,Signal Violation,Rear-end,Roof,2,1040,Off-peak,17.8,28.6,0,0,1,Minor,Low
PK-2024-03057,2024-01-27,20:33,Balochistan,Khuzdar,Urban,27.5174,66.9055,Cloudy,93,37.8,5.2,Daylight,Icy,Asphalt,4,60,Sharp,Uphill,Physical,Yes,2,Motorcycle;Auto-rickshaw,5.5,No,42,Yes,No,No,No,75,Swerving,Speeding,Pedestrian,Front,2,894,Peak,20.4,24.9,1,3,2,Total,Critical
PK-2024-03058,2024-10-05,01:21,Punjab,Bahawalpur,Rural,29.5586,74.0222,Haze,348,24.5,1.4,Daylight,Dry,Gravel,2,110,Gentle,Flat,None,No,3,Car;Truck;Motorcycle,4.2,No,38,Yes,Yes,No,No,115,None,Mechanical Failure,Head-on,Rear,1,764,Off-peak,3.8,9.2,0,0,3,Moderate,Medium
PK-2024-03059,2024-03-07,23:06,Punjab,Lahore,Urban,30.3252,74.6093,Cloudy,20,17.1,1.6,Unlit,Muddy,Asphalt,3,110,Gentle,Uphill,Painted,No,3,Motorcycle;Motorcycle;Bus,17.9,No,35,No,Yes,No,No,150,Braking,Speeding,Head-on,Front,2,721,Off-peak,7.6,14.4,2,4,1,Total,Critical
PK-2024-03060,2024-03-27,01:58,Punjab,Sialkot,Urban,29.9674,72.9393,Fog,859,33.2,18.2,Unlit,Icy,Asphalt,6,80,Gentle,Flat,Physical,No,2,Auto-rickshaw;Truck,6.4,No,16,Partial,Yes,Yes,No,100,Braking,Speeding,Rear-end,Front,2,1944,Peak,1.1,4.0,3,4,3,Total,Critical
PK-2024-03061,2024-06-01,22:09,Punjab,Rawalpindi,Urban,31.537,74.5663,Cloudy,317,45.2,16.6,Tunnel,Dry,Asphalt,4,80,Sharp,Uphill,None,No,4,Truck;Car;Motorcycle;Car,15.1,No,37,Partial,No,No,No,90,Braking,Human Error,Multi-vehicle pileup,Front,1,76,Off-peak,2.4,7.6,0,2,2,Moderate,High
PK-2024-03062,2024-04-08,01:07,Balochistan,Khuzdar,Urban,27.5561,67.3826,Heavy Rain,156,18.1,1.4,Tunnel,Dry,Asphalt,2,50,Hairpin,Uphill,Painted,No,4,Truck;Car;Motorcycle;Truck,15.8,Yes,40,Yes,Partial,No,No,50,Braking,Overloading,Rollover,Side,1,981,Off-peak,29.3,45.0,1,3,2,Severe,High
PK-2024-03063,2024-04-11,11:31,KPK,Dera Ismail Khan,Rural,33.6452,70.6534,Heavy Rain,766,40.4,0.4,Daylight,Dry,Gravel,2,110,Straight,Flat,Physical,Yes,3,Car;Truck;Car,3.6,No,37,No,Yes,No,No,105,Braking,Human Error,Head-on,Front,1,1752,Off-peak,0.7,6.4,0,2,4,Severe,High
PK-2024-03064,2024-07-16,02:07,Punjab,Bahawalpur,Residential,32.3259,72.0223,Haze,108,44.8,11.8,Street-lit,Potholed,Gravel,4,60,Gentle,Uphill,Physical,No,4,Car;Bus;Motorcycle;Motorcycle,17.5,Yes,40,Partial,Yes,No,No,70,Swerving,Signal Violation,Pedestrian,Side,2,1393,Off-peak,8.4,15.2,0,2,3,Severe,High
PK-2024-03065,2024-01-03,10:40,Punjab,Rawalpindi,Residential,32.0267,73.1442,Rain,108,34.4,10.8,Daylight,Wet,Asphalt,4,60,Sharp,Flat,Physical,No,4,Bicycle;Motorcycle;Motorcycle;Motorcycle,19.9,Yes,42,Yes,Yes,No,No,90,Swerving,Human Error,Pedestrian,Front,2,134,Peak,3.7,10.0,2,2,3,Total,Critical
PK-2024-03066,2024-06-23,11:16,Punjab,Multan,Highway,30.3468,74.1661,Dust Storm,411,39.8,16.6,Unlit,Wet,Asphalt,2,80,Straight,Flat,None,Yes,3,Motorcycle;Motorcycle;Motorcycle,18.2,Yes,44,Yes,Yes,No,No,75,None,Mechanical Failure,Side-swipe,Side,1,938,Peak,17.6,25.7,1,3,3,Severe,High
PK-2024-03067,2024-09-26,14:31,Balochistan,Turbat,Highway,30.4192,67.8423,Clear,258,39.9,8.1,Daylight,Construction,Concrete,2,80,Straight,Uphill,Painted,No,3,Truck;Bicycle;Motorcycle,9.7,No,47,No,Not Applicable,No,No,80,None,Wrong Side,Side-swipe,Rear,1,1347,Off-peak,16.4,22.1,0,1,2,Moderate,Medium
PK-2024-03068,2024-06-06,20:18,Punjab,Multan,Urban,31.8204,74.2039,Clear,20,28.0,15.7,Unlit,Icy,Asphalt,3,60,Straight,Downhill,None,Yes,3,Truck;Motorcycle;Car,6.4,No,55,Yes,Yes,No,No,70,Braking,Animal Crossing,Multi-vehicle pileup,Front,2,116,Off-peak,4.8,4.3,1,3,3,Severe,High
PK-2024-03069,2024-08-18,02:48,Sindh,Hyderabad,Rural,26.7165,67.715,Clear,69,12.3,3.0,Daylight,Wet,Gravel,2,50,Gentle,Uphill,None,No,2,Bus;Truck,14.8,No,39,No,Not Applicable,No,No,65,Swerving,Mobile Phone,Rear-end,Side,1,1510,Off-peak,24.8,38.0,0,0,1,Minor,Low
PK-2024-03070,2024-10-03,14:57,Punjab,Lahore,Urban,31.6053,74.1426,Clear,493,37.1,19.0,Unlit,Flooding,Asphalt,2,30,Gentle,Uphill,Physical,Yes,2,Car;Car,19.9,No,36,Partial,Not Applicable,No,No,40,None,Speeding,Rear-end,Side,2,1412,Off-peak,17.5,21.1,0,1,1,Moderate,Medium
PK-2024-03071,2024-04-26,15:51,Sindh,Larkana,Residential,26.0851,69.4981,Clear,22,36.3,10.4,Tunnel,Flooding,Concrete,3,60,Sharp,Downhill,None,No,3,Bus;Car;Car,17.9,No,26,Yes,No,Yes,Unknown,80,Braking,Speeding,Side-swipe,Front,1,53,Off-peak,5.8,13.1,0,3,2,Moderate,High
PK-2024-03072,2024-06-05,14:03,Punjab,Sargodha,Rural,30.9324,74.0627,Clear,973,22.4,0.6,Unlit,Dry,Concrete,2,110,Gentle,Downhill,Painted,No,1,Car,18.1,No,37,No,No,No,Unknown,140,None,Human Error,Side-swipe,Side,3,1528,Peak,28.7,45.9,0,2,2,Severe,High
PK-2024-03073,2024-07-17,17:00,Punjab,Lahore,Rural,31.1739,74.1761,Rain,104,36.7,2.4,Daylight,Wet,Asphalt,4,50,Gentle,Flat,Painted,Yes,2,Truck;Car,5.2,No,40,No,No,No,No,50,Swerving,Speeding,Pedestrian,Roof,2,1635,Peak,7.2,13.5,1,3,2,Severe,High
PK-2024-03074,2024-11-07,19:37,Punjab,Faisalabad,Urban,30.0958,74.5118,Cloudy,547,25.2,0.5,Dawn-Dusk,Dry,Asphalt,2,80,Hairpin,Uphill,Physical,Yes,4,Motorcycle;Car;Motorcycle;Bus,8.9,No,24,No,Yes,No,No,95,Swerving,Speeding,Multi-vehicle pileup,Front,3,1697,Peak,4.9,10.9,1,3,1,Total,Critical
PK-2024-03075,2024-09-11,01:03,Punjab,Multan,Residential,30.1873,73.1392,Rain,1250,23.3,4.3,Unlit,Potholed,Asphalt,1,80,Sharp,Uphill,Physical,No,2,Car;Motorcycle,10.9,No,30,Partial,No,No,No,120,None,Overloading,Rear-end,Roof,1,1901,Peak,6.2,13.5,1,3,2,Total,Critical
PK-2024-03076,2024-11-18,13:37,Punjab,Sargodha,Rural,32.0452,74.2577,Clear,413,33.6,12.9,Street-lit,Wet,Asphalt,2,30,Gentle,Flat,Physical,No,3,Car;Motorcycle;Auto-rickshaw,14.4,No,46,Yes,Not Applicable,No,No,70,None,Human Error,Rear-end,Front,1,1181,Off-peak,17.0,18.2,0,1,2,Moderate,Medium
PK-2024-03077,2024-10-08,17:26,KPK,Swat,Highway,33.3799,72.2033,Clear,976,37.8,17.4,Daylight,Dry,Asphalt,2,110,Straight,Downhill,None,No,5,Car;Car;Car;Motorcycle;Motorcycle,7.9,No,45,Yes,No,No,No,110,Swerving,Human Error,Multi-vehicle pileup,Roof,1,622,Peak,3.4,9.9,0,0,3,Minor,Medium
PK-2024-03078,2024-07-11,14:46,Sindh,Larkana,Rural,25.1176,66.6713,Clear,79,34.2,4.3,Street-lit,Potholed,Dirt,1,30,Sharp,Downhill,Physical,No,2,Bus;Truck,5.6,No,18,No,Partial,No,Unknown,60,Braking,Human Error,Pedestrian,Rear,1,365,Peak,5.5,13.4,0,2,3,Severe,High
PK-2024-03079,2024-04-19,18:00,KPK,Dera Ismail Khan,Rural,34.4706,70.3838,Clear,150,36.1,5.6,Tunnel,Potholed,Asphalt,2,60,Gentle,Flat,Painted,No,2,Motorcycle;Car,19.2,No,33,No,Partial,No,Unknown,80,Swerving,Weather,Head-on,Side,1,1495,Off-peak,4.2,9.2,0,2,2,Moderate,High
PK-2024-03080,2024-02-11,06:03,Sindh,Karachi,Urban,25.271,67.2089,Rain,45,23.8,42.9,Street-lit,Construction,Concrete,2,40,Straight,Uphill,None,No,3,Motorcycle;Motorcycle;Car,8.0,No,32,No,Yes,No,Unknown,55,Braking,Signal Violation,Head-on,Side,2,1368,Off-peak,5.8,8.7,0,1,2,Severe,High
PK-2024-03081,2024-02-13,20:44,KPK,Dera Ismail Khan,Rural,33.6133,71.415,Cloudy,656,33.1,21.4,Street-lit,Dry,Asphalt,2,100,Hairpin,Downhill,Painted,Yes,1,Bicycle,14.0,No,33,Partial,Not Applicable,No,No,110,Swerving,Signal Violation,Head-on,Rear,1,466,Peak,0.5,6.3,0,2,3,Moderate,High
PK-2024-03082,2024-09-10,18:06,Punjab,Rawalpindi,Urban,30.8727,74.7846,Clear,108,24.9,8.9,Daylight,Dry,Asphalt,2,40,Gentle,Flat,Painted,No,3,Motorcycle;Motorcycle;Car,13.1,Yes,38,No,Yes,No,Yes,45,None,Animal Crossing,Pedestrian,Front,1,1448,Off-peak,0.5,6.5,0,0,2,Minor,Low
PK-2024-03083,2024-03-01,11:55,KPK,Peshawar,Rural,33.2783,71.2202,Rain,162,37.2,0.8,Daylight,Potholed,Concrete,4,120,Hairpin,Flat,Physical,No,2,Motorcycle;Motorcycle,2.1,No,20,No,Not Applicable,No,No,120,Swerving,Signal Violation,Fixed-object,Rear,1,524,Off-peak,16.7,29.2,2,2,2,Severe,Critical
PK-2024-03084,2024-07-03,01:56,Islamabad,Islamabad,Rural,34.4763,72.4824,Heavy Rain,282,38.2,2.9,Unlit,Construction,Asphalt,1,30,Hairpin,Downhill,Physical,Yes,3,Motorcycle;Car;Truck,9.3,No,50,No,No,No,No,30,Braking,Signal Violation,Head-on,Front,1,1305,Peak,14.9,21.2,3,3,1,Total,Critical
PK-2024-03085,2024-04-17,22:41,Punjab,Lahore,Rural,30.707,74.4776,Haze,868,35.8,4.6,Unlit,Flooding,Concrete,3,80,Gentle,Downhill,Painted,No,3,Motorcycle;Auto-rickshaw;Bicycle,3.5,No,47,Yes,Yes,No,No,75,None,Human Error,Side-swipe,Front,1,1511,Off-peak,1.7,9.1,0,0,1,Minor,Medium
PK-2024-03086,2024-10-16,03:12,Balochistan,Quetta,Urban,27.9155,65.7437,Rain,194,35.2,39.9,Street-lit,Potholed,Concrete,2,100,Hairpin,Flat,Painted,Yes,2,Auto-rickshaw;Motorcycle,18.5,No,28,No,Not Applicable,No,No,100,Braking,Mobile Phone,Rear-end,Rear,1,124,Off-peak,2.7,10.3,1,4,2,Total,Critical
PK-2024-03087,2024-08-26,11:27,KPK,Peshawar,Highway,32.6075,71.3334,Rain,41,31.7,43.8,Street-lit,Dry,Concrete,4,50,Straight,Flat,Painted,Yes,2,Auto-rickshaw;Motorcycle,4.5,No,36,Yes,Partial,No,No,60,None,Weather,Multi-vehicle pileup,Front,1,1224,Peak,13.5,24.4,0,3,2,Severe,High
PK-2024-03088,2024-08-23,11:43,Punjab,Lahore,Urban,29.7662,72.8636,Fog,105,26.6,3.0,Tunnel,Potholed,Dirt,3,60,Straight,Uphill,Painted,Yes,5,Bus;Car;Car;Motorcycle;Car,8.9,No,49,No,No,No,Yes,100,Braking,Weather,Multi-vehicle pileup,Front,1,310,Off-peak,3.2,9.6,2,2,3,Severe,Critical