incident_id,date,time,province,district,road_type,latitude,longitude,weather,visibility_meters,temperature_c,wind_speed_kmh,lighting,road_condition,surface_material,number_of_lanes,speed_limit_kmh,road_curvature,road_gradient,median_type,shoulder_available,num_vehicles,vehicle_types,vehicle_avg_age_years,overloading_detected,driver_age,helmet_usage,seatbelt_usage,mobile_phone_suspected,alcohol_drug_suspected,speed_at_impact_kmh,evasive_action,accident_cause,collision_type,impact_point,num_collisions,traffic_volume_per_hour,peak_off_peak,distance_to_hospital_km,expected_response_min,fatalities,serious_injuries,minor_injuries,property_damage_level,severity
PK-2024-03089,2024-07-08,17:00,Punjab,Multan,Rural,29.6003,73.8584,Clear,230,48.5,6.9,Unlit,Dry,Gravel,4,80,Gentle,Flat,Painted,No,2,Auto-rickshaw;Motorcycle,7.5,No,16,No,No,No,No,80,Braking,Mechanical Failure,Rear-end,Side,1,1646,Peak,0.5,4.0,0,0,2,Moderate,Medium
PK-2024-03090,2024-05-27,02:05,Punjab,Lahore,Rural,29.6302,72.2066,Clear,45,28.9,14.0,Unlit,Potholed,Asphalt,2,40,Straight,Flat,Physical,Yes,4,Motorcycle;Motorcycle;Bus;Bus,19.8,No,48,No,Yes,No,No,40,Swerving,Signal Violation,Rear-end,Front,1,1814,Off-peak,16.1,22.6,0,0,1,Minor,Medium
PK-2024-03091,2024-11-13,07:33,KPK,Abbottabad,Rural,32.1262,72.854,Heavy Rain,408,34.7,4.0,Dawn-Dusk,Icy,Dirt,2,50,Sharp,Downhill,Painted,No,3,Motorcycle;Motorcycle;Truck,3.5,No,33,No,Yes,No,No,50,Swerving,Weather,Side-swipe,Side,1,1345,Peak,39.4,52.2,0,3,4,Severe,High
PK-2024-03092,2024-03-26,02:58,Punjab,Multan,Rural,32.4991,73.0249,Cloudy,141,30.0,6.6,Unlit,Potholed,Concrete,3,30,Gentle,Downhill,None,No,2,Car;Motorcycle,4.3,No,38,No,Yes,No,No,60,Braking,Signal Violation,Rear-end,Side,2,1766,Off-peak,17.7,25.3,0,2,2,Moderate,High
PK-2024-03093,2024-07-24,03:01,KPK,Abbottabad,Urban,34.0895,71.4462,Rain,40,28.3,24.3,Street-lit,Construction,Asphalt,2,30,Straight,Flat,Painted,No,2,Bicycle;Auto-rickshaw,11.0,Yes,27,No,No,No,No,30,Swerving,Speeding,Multi-vehicle pileup,Side,1,1965,Off-peak,6.8,13.5,2,3,1,Total,Critical
PK-2024-03094,2024-07-02,21:19,Punjab,Sargodha,Highway,30.7298,74.8457,Clear,34,30.5,4.4,Tunnel,Muddy,Asphalt,1,60,Sharp,Uphill,Painted,No,3,Bus;Car;Car,10.9,No,60,Yes,No,No,No,75,None,Speeding,Rear-end,Side,1,1365,Off-peak,3.3,16.9,0,2,3,Severe,High
PK-2024-03095,2024-02-17,05:09,Balochistan,Quetta,Urban,29.4287,65.2664,Rain,507,29.1,14.3,Daylight,Muddy,Asphalt,3,100,Sharp,Flat,Painted,No,3,Car;Truck;Car,14.7,Yes,38,No,No,No,No,140,Braking,Mobile Phone,Fixed-object,Front,2,435,Peak,14.5,15.7,2,4,2,Total,Critical
PK-2024-03096,2024-12-02,01:53,Sindh,Hyderabad,Residential,26.7188,67.7858,Cloudy,20,38.6,3.7,Street-lit,Potholed,Gravel,3,120,Straight,Flat,Physical,Yes,2,Motorcycle;Truck,2.2,No,64,Yes,Partial,No,No,115,None,Speeding,Multi-vehicle pileup,Front,1,1848,Off-peak,6.7,17.0,2,4,3,Total,Critical
PK-2024-03097,2024-06-07,15:53,Sindh,Larkana,Urban,24.1996,68.4816,Heavy Rain,907,27.3,48.2,Daylight,Muddy,Gravel,3,120,Straight,Flat,Physical,Yes,2,Motorcycle;Car,17.7,No,33,Yes,No,No,No,140,Braking,Wrong Side,Multi-vehicle pileup,Rear,1,1551,Peak,1.9,7.0,3,3,2,Total,Critical
PK-2024-03098,2024-05-25,16:55,KPK,Mardan,Urban,33.0351,72.1009,Cloudy,299,34.6,5.2,Dawn-Dusk,Wet,Concrete,2,50,Sharp,Uphill,Physical,Yes,3,Bus;Motorcycle;Bicycle,3.5,No,44,No,Yes,No,No,55,Swerving,Signal Violation,Rear-end,Side,2,1179,Off-peak,9.9,13.9,0,0,1,Minor,Low
PK-2024-03099,2024-03-16,12:42,Balochistan,Khuzdar,Highway,28.0116,67.3914,Rain,857,37.2,0.7,Daylight,Wet,Asphalt,1,60,Straight,Flat,None,No,2,Car;Motorcycle,2.9,No,39,No,Yes,No,No,65,None,Speeding,Head-on,Side,1,256,Peak,20.7,27.5,0,0,2,Minor,Medium
PK-2024-03100,2024-11-02,01:45,Sindh,Larkana,Urban,25.9719,69.1323,Clear,220,39.7,34.7,Dawn-Dusk,Dry,Asphalt,2,50,Gentle,Uphill,Painted,Yes,2,Truck;Truck,8.4,Yes,47,No,Not Applicable,Yes,No,65,None,Overloading,Fixed-object,Roof,1,302,Peak,11.1,14.4,0,2,2,Minor,Medium
PK-2024-03101,2024-06-21,09:27,Sindh,Karachi,Rural,26.8384,66.7849,Dust Storm,97,17.4,19.9,Daylight,Construction,Asphalt,3,110,Sharp,Flat,Painted,Yes,3,Car;Car;Car,14.9,No,48,Partial,No,No,No,100,None,Animal Crossing,Head-on,Front,1,1793,Off-peak,2.4,4.6,1,4,2,Total,Critical
PK-2024-03102,2024-11-10,01:37,Balochistan,Turbat,Rural,29.7521,65.1498,Heavy Rain,1131,22.9,3.9,Dawn-Dusk,Wet,Gravel,2,30,Gentle,Flat,Painted,No,2,Bus;Bus,9.9,No,27,No,Not Applicable,No,No,35,Braking,Signal Violation,Side-swipe,Side,1,558,Off-peak,11.2,19.1,0,0,1,Minor,Low
PK-2024-03103,2024-12-20,09:58,Sindh,Karachi,Residential,26.3031,67.0962,Heavy Rain,26,24.3,9.7,Daylight,Potholed,Asphalt,4,80,Gentle,Flat,Physical,No,2,Auto-rickshaw;Motorcycle,8.7,No,26,Yes,Partial,No,No,95,None,Speeding,Rear-end,Side,1,1208,Off-peak,0.5,3.0,2,3,2,Total,Critical
PK-2024-03104,2024-11-17,21:56,Punjab,Lahore,Highway,29.6081,74.1839,Clear,742,34.7,5.3,Street-lit,Dry,Dirt,4,40,Hairpin,Flat,Physical,No,4,Auto-rickshaw;Motorcycle;Motorcycle;Auto-rickshaw,6.3,No,54,Yes,No,No,Unknown,30,None,Drunk Driving,Side-swipe,Roof,2,391,Peak,7.4,14.1,0,0,2,Minor,Low
PK-2024-03105,2024-05-01,12:46,Balochistan,Turbat,Urban,28.4171,65.1998,Cloudy,20,29.3,2.3,Street-lit,Dry,Dirt,4,30,Straight,Flat,Physical,No,2,Car;Bus,4.5,No,34,Yes,Not Applicable,No,No,50,Braking,Human Error,Head-on,Front,1,1493,Off-peak,0.5,8.0,0,0,1,Minor,Low
PK-2024-03106,2024-09-18,08:59,Punjab,Faisalabad,Residential,32.1652,73.1325,Haze,1341,24.5,2.0,Daylight,Dry,Concrete,2,50,Straight,Flat,Physical,Yes,2,Car;Motorcycle,18.0,No,39,Partial,Yes,No,No,50,Swerving,Speeding,Rollover,Roof,2,1508,Off-peak,8.2,11.8,0,0,2,Minor,Low
PK-2024-03107,2024-10-25,19:48,Punjab,Rawalpindi,Rural,31.8055,74.543,Clear,32,22.1,14.5,Street-lit,Construction,Concrete,2,30,Straight,Uphill,Physical,No,4,Bus;Car;Truck;Truck,13.2,No,24,No,Yes,No,No,30,Swerving,Speeding,Side-swipe,Front,2,1334,Peak,19.1,25.3,0,0,1,Minor,Low
PK-2024-03108,2024-04-03,06:51,KPK,Abbottabad,Rural,32.1159,70.1731,Heavy Rain,333,11.5,17.8,Street-lit,Wet,Concrete,2,60,Straight,Flat,Physical,Yes,5,Car;Bicycle;Car;Auto-rickshaw;Bicycle,13.2,Yes,27,No,Not Applicable,Yes,Unknown,80,None,Mechanical Failure,Rear-end,Front,3,1583,Peak,10.6,17.5,1,3,2,Total,Critical
PK-2024-03109,2024-10-04,09:25,Sindh,Hyderabad,Urban,26.2279,68.1812,Heavy Rain,20,24.9,1.1,Street-lit,Dry,Dirt,4,30,Sharp,Flat,Physical,No,3,Truck;Motorcycle;Car,2.6,No,31,Yes,No,Yes,No,25,None,Human Error,Rear-end,Side,1,1429,Peak,11.6,20.9,0,0,2,None,Low
PK-2024-03110,2024-03-03,22:53,Sindh,Hyderabad,Highway,24.2855,68.0624,Dust Storm,211,27.8,14.4,Street-lit,Dry,Asphalt,3,100,Straight,Flat,None,Yes,3,Motorcycle;Car;Car,14.6,No,33,Partial,Yes,No,No,110,Braking,Speeding,Head-on,Front,1,142,Peak,7.4,15.9,1,3,3,Total,Critical
PK-2024-03111,2024-06-08,02:29,Sindh,Larkana,Rural,24.0938,69.1831,Haze,175,28.6,8.6,Unlit,Construction,Asphalt,2,50,Sharp,Downhill,Physical,Yes,2,Car;Car,6.0,No,25,No,No,No,No,60,Braking,Mobile Phone,Side-swipe,Front,3,1556,Off-peak,5.9,10.3,0,0,2,Moderate,Medium
PK-2024-03112,2024-08-11,22:02,Punjab,Sialkot,Rural,30.0963,73.0122,Fog,122,21.6,1.0,Daylight,Potholed,Asphalt,3,60,Sharp,Uphill,Physical,No,3,Auto-rickshaw;Motorcycle;Motorcycle,6.7,No,44,Yes,Yes,No,No,80,Braking,Signal Violation,Side-swipe,Front,1,240,Peak,10.4,18.4,0,1,3,Moderate,Medium
PK-2024-03113,2024-07-11,13:30,Sindh,Nawabshah,Rural,26.3746,67.2491,Clear,67,26.6,13.0,Street-lit,Dry,Asphalt,4,50,Straight,Uphill,Physical,Yes,2,Truck;Auto-rickshaw,18.2,No,36,Yes,No,No,Yes,50,Braking,Wrong Side,Head-on,Roof,3,1719,Off-peak,4.1,8.4,0,0,2,Moderate,Medium
PK-2024-03114,2024-10-21,06:30,Punjab,Gujranwala,Highway,31.3481,73.4559,Fog,340,17.2,5.9,Street-lit,Wet,Asphalt,2,60,Gentle,Uphill,None,No,3,Motorcycle;Motorcycle;Motorcycle,12.1,No,26,No,Yes,No,No,50,None,Signal Violation,Rear-end,Front,3,1321,Peak,5.9,15.9,0,0,3,Moderate,Medium
PK-2024-03115,2024-07-18,16:43,Balochistan,Quetta,Rural,30.3246,65.5121,Cloudy,350,15.5,23.5,Unlit,Dry,Concrete,2,60,Straight,Flat,None,Yes,2,Auto-rickshaw;Car,9.4,No,25,Yes,Yes,No,No,60,None,Human Error,Rollover,Front,1,941,Peak,5.0,8.5,0,0,2,None,Low
PK-2024-03116,2024-01-19,18:09,Balochistan,Gwadar,Rural,27.622,67.3154,Fog,180,37.0,20.4,Street-lit,Icy,Asphalt,4,80,Straight,Downhill,None,Yes,3,Car;Motorcycle;Motorcycle,15.7,No,26,No,Yes,No,No,85,None,Mechanical Failure,Head-on,Side,1,1361,Peak,7.7,15.1,1,3,3,Total,Critical
PK-2024-03117,2024-02-13,23:36,Sindh,Nawabshah,Urban,25.3502,67.2945,Cloudy,1108,30.8,5.9,Street-lit,Dry,Dirt,4,60,Hairpin,Flat,Physical,Yes,4,Motorcycle;Motorcycle;Auto-rickshaw;Auto-rickshaw,17.4,No,16,Yes,No,No,No,75,Swerving,Human Error,Pedestrian,Front,3,1937,Peak,1.7,6.8,0,1,1,Minor,Medium
PK-2024-03118,2024-10-03,01:29,Punjab,Sargodha,Rural,29.6342,72.8328,Heavy Rain,488,32.5,11.1,Daylight,Wet,Asphalt,4,120,Straight,Flat,None,Yes,2,Auto-rickshaw;Bus,11.3,No,29,Yes,Not Applicable,No,No,110,Braking,Weather,Rollover,Side,2,1070,Peak,9.8,15.5,0,1,2,Severe,High
PK-2024-03119,2024-11-04,00:10,Sindh,Larkana,Urban,24.275,67.5466,Dust Storm,164,35.0,74.7,Daylight,Dry,Gravel,2,120,Sharp,Flat,None,Yes,2,Bus;Car,8.0,Yes,37,No,No,No,No,120,None,Human Error,Side-swipe,Side,2,1389,Peak,36.7,51.8,1,4,3,Severe,Critical
PK-2024-03120,2024-06-03,11:21,KPK,Abbottabad,Urban,33.3297,70.5099,Cloudy,57,19.0,14.1,Tunnel,Flooding,Asphalt,3,80,Hairpin,Flat,None,No,3,Auto-rickshaw;Motorcycle;Motorcycle,6.4,Yes,21,Yes,No,No,Unknown,120,Braking,Mobile Phone,Rear-end,Rear,2,809,Peak,16.7,23.5,3,4,3,Total,Critical
PK-2024-03121,2024-02-23,17:35,Sindh,Sukkur,Highway,25.1909,68.288,Fog,314,31.8,2.5,Daylight,Dry,Asphalt,2,30,Gentle,Downhill,Painted,Yes,2,Truck;Motorcycle,13.8,No,44,Partial,Not Applicable,No,No,50,Braking,Speeding,Side-swipe,Side,1,647,Off-peak,13.1,23.0,0,0,0,Minor,Low
PK-2024-03122,2024-08-22,21:41,Punjab,Gujranwala,Highway,29.7803,72.0857,Clear,253,36.7,2.6,Dawn-Dusk,Dry,Asphalt,3,40,Gentle,Flat,None,Yes,2,Car;Car,8.8,No,31,No,Yes,Yes,No,55,Swerving,Signal Violation,Side-swipe,Side,2,1186,Off-peak,20.3,30.0,0,0,1,Minor,Low
PK-2024-03123,2024-06-07,05:15,Punjab,Rawalpindi,Rural,30.604,74.5871,Clear,1229,28.4,17.8,Daylight,Dry,Gravel,3,40,Gentle,Flat,Physical,No,4,Truck;Motorcycle;Bus;Car,19.2,No,30,No,Yes,No,No,50,Braking,Human Error,Rear-end,Front,1,1700,Peak,17.7,25.3,0,0,1,Minor,Low
PK-2024-03124,2024-03-02,18:57,Sindh,Karachi,Urban,26.1542,67.0449,Clear,340,33.0,3.5,Street-lit,Construction,Asphalt,4,60,Straight,Downhill,None,No,2,Motorcycle;Bus,2.1,No,24,No,Yes,Yes,No,65,None,Human Error,Fixed-object,Roof,1,941,Off-peak,44.8,57.0,0,0,1,None,Low
PK-2024-03125,2024-10-23,01:03,Punjab,Faisalabad,Rural,30.8509,72.6541,Rain,622,27.9,33.7,Unlit,Dry,Asphalt,4,80,Sharp,Downhill,Physical,Yes,3,Car;Auto-rickshaw;Car,8.5,No,22,No,Partial,No,No,95,Braking,Signal Violation,Fixed-object,Side,2,1393,Peak,22.2,34.5,3,4,3,Severe,Critical
PK-2024-03126,2024-01-26,09:01,Punjab,Rawalpindi,Urban,32.1536,72.7519,Heavy Rain,135,17.5,13.3,Street-lit,Wet,Dirt,4,60,Straight,Downhill,None,Yes,4,Car;Auto-rickshaw;Auto-rickshaw;Motorcycle,11.8,No,33,No,Yes,No,No,80,None,Signal Violation,Side-swipe,Front,2,1214,Peak,4.7,7.2,1,2,2,Severe,High
PK-2024-03127,2024-11-09,15:37,Punjab,Multan,Urban,30.2079,73.8729,Cloudy,354,19.7,13.9,Unlit,Muddy,Asphalt,4,30,Straight,Downhill,Painted,No,2,Truck;Motorcycle,10.6,Yes,53,Partial,Yes,No,No,45,None,Mobile Phone,Head-on,Front,1,1165,Off-peak,33.7,48.6,0,2,3,Severe,High
PK-2024-03128,2024-03-04,20:30,KPK,Peshawar,Urban,33.1505,72.8432,Cloudy,486,28.9,19.4,Street-lit,Muddy,Asphalt,2,80,Gentle,Flat,Physical,Yes,3,Motorcycle;Motorcycle;Car,18.4,No,16,Yes,Not Applicable,No,No,110,Braking,Mobile Phone,Pedestrian,Front,2,1676,Off-peak,7.1,12.2,1,4,2,Severe,Critical
PK-2024-03129,2024-05-14,11:19,Islamabad,Islamabad,Urban,34.1942,71.7518,Rain,82,34.0,0.1,Street-lit,Muddy,Asphalt,3,40,Sharp,Downhill,None,No,2,Bicycle;Car,15.3,Yes,59,Partial,Yes,No,No,55,None,Wrong Side,Fixed-object,Rear,1,1728,Peak,5.6,10.5,1,3,3,Severe,Critical
PK-2024-03130,2024-07-14,07:41,Punjab,Bahawalpur,Highway,30.6595,74.2329,Clear,683,36.6,15.7,Daylight,Icy,Dirt,4,110,Gentle,Uphill,Physical,Yes,3,Car;Car;Car,12.4,No,43,Yes,No,No,Unknown,105,Braking,Human Error,Rear-end,Front,2,483,Off-peak,7.0,17.3,0,0,1,None,Low
PK-2024-03131,2024-09-24,22:34,Punjab,Faisalabad,Urban,31.6063,72.4741,Clear,73,23.2,2.0,Unlit,Dry,Asphalt,2,80,Gentle,Flat,Physical,Yes,3,Motorcycle;Car;Car,15.9,No,23,No,No,No,No,70,None,Speeding,Rear-end,Front,1,1795,Peak,4.8,13.7,0,2,4,Severe,High
PK-2024-03132,2024-07-09,02:57,Punjab,Sargodha,Highway,31.5079,72.951,Clear,356,35.3,1.3,Street-lit,Potholed,Asphalt,2,120,Sharp,Uphill,None,No,2,Car;Auto-rickshaw,9.7,No,23,Yes,Yes,No,Unknown,130,None,Speeding,Side-swipe,Front,1,57,Off-peak,2.0,6.1,0,1,1,Minor,Medium
PK-2024-03133,2024-03-28,17:17,Islamabad,Islamabad,Rural,33.0278,73.6423,Cloudy,1229,33.4,9.1,Unlit,Wet,Asphalt,2,40,Gentle,Flat,Physical,No,3,Car;Bicycle;Motorcycle,11.8,No,42,Partial,No,No,No,35,None,Signal Violation,Fixed-object,Rear,3,887,Off-peak,2.6,11.9,0,2,3,Minor,Medium
PK-2024-03134,2024-07-04,12:25,Punjab,Faisalabad,Rural,30.5828,74.0957,Clear,174,32.1,26.8,Unlit,Construction,Concrete,4,80,Straight,Downhill,Painted,No,3,Car;Truck;Motorcycle,14.5,No,30,No,No,No,No,95,Braking,Drunk Driving,Head-on,Front,2,1235,Peak,28.0,42.0,1,4,3,Severe,Critical
PK-2024-03135,2024-07-26,10:02,Sindh,Sukkur,Urban,24.6277,66.9155,Clear,732,26.1,1.5,Daylight,Flooding,Asphalt,3,80,Hairpin,Flat,Physical,No,5,Bus;Truck;Car;Bus;Car,18.4,Yes,34,Yes,No,No,No,95,Swerving,Wrong Side,Pedestrian,Side,1,306,Peak,0.5,6.5,1,3,3,Total,Critical
PK-2024-03136,2024-01-17,12:10,Punjab,Lahore,Urban,29.785,73.9341,Clear,318,27.6,29.3,Tunnel,Muddy,Asphalt,3,50,Gentle,Downhill,Physical,No,4,Truck;Motorcycle;Motorcycle;Motorcycle,13.1,No,26,No,Yes,No,No,50,None,Human Error,Rear-end,Front,1,1955,Off-peak,29.6,44.2,0,1,1,Moderate,Medium
PK-2024-03137,2024-01-06,20:44,KPK,Abbottabad,Rural,34.702,72.7025,Rain,506,34.8,8.9,Unlit,Potholed,Gravel,2,80,Gentle,Flat,Physical,Yes,2,Auto-rickshaw;Motorcycle,6.6,No,33,No,Yes,No,No,85,None,Wrong Side,Rear-end,Side,2,1996,Off-peak,1.6,5.7,0,2,2,Severe,High
PK-2024-03138,2024-10-25,20:33,Sindh,Larkana,Rural,25.5142,67.0067,Haze,949,34.1,1.5,Unlit,Potholed,Dirt,4,100,Straight,Flat,Painted,Yes,3,Car;Motorcycle;Bicycle,9.8,No,34,No,No,No,Unknown,120,Braking,Signal Violation,Side-swipe,Front,1,214,Off-peak,4.1,9.6,0,1,2,Moderate,High
PK-2024-03139,2024-07-07,00:27,Sindh,Larkana,Urban,24.4263,68.4357,Cloudy,312,31.5,23.7,Street-lit,Potholed,Gravel,2,110,Straight,Uphill,Painted,Yes,2,Motorcycle;Motorcycle,17.2,No,22,Yes,Not Applicable,No,No,125,Braking,Weather,Head-on,Rear,1,154,Off-peak,1.4,15.9,0,2,4,Moderate,High
PK-2024-03140,2024-10-27,06:53,Sindh,Larkana,Highway,24.0435,67.94,Cloudy,98,30.2,7.3,Unlit,Muddy,Asphalt,2,120,Gentle,Uphill,None,No,2,Car;Motorcycle,13.4,No,43,Yes,No,No,No,125,None,Mechanical Failure,Side-swipe,Front,2,1025,Off-peak,44.9,57.2,2,4,3,Severe,Critical
PK-2024-03141,2024-07-15,17:57,Sindh,Larkana,Urban,26.1082,68.6766,Haze,102,23.4,39.3,Unlit,Flooding,Dirt,3,60,Gentle,Flat,Physical,No,2,Motorcycle;Motorcycle,11.5,No,19,Yes,Yes,No,No,100,Braking,Speeding,Fixed-object,Side,1,1540,Off-peak,19.6,29.1,1,4,1,Severe,Critical
PK-2024-03142,2024-05-24,13:14,Punjab,Faisalabad,Urban,31.7383,72.6487,Rain,337,17.5,4.1,Unlit,Dry,Gravel,2,100,Gentle,Downhill,Painted,No,3,Truck;Motorcycle;Auto-rickshaw,18.4,No,25,Yes,Yes,No,No,100,Braking,Overloading,Multi-vehicle pileup,Side,3,1695,Peak,43.5,54.4,1,2,2,Severe,Critical
PK-2024-03143,2024-01-27,00:01,KPK,Swat,Urban,33.6525,70.1391,Cloudy,20,39.9,21.1,Daylight,Dry,Asphalt,2,50,Straight,Downhill,None,No,1,Motorcycle,7.1,No,30,No,Partial,No,Unknown,40,Swerving,Speeding,Side-swipe,Front,2,1267,Off-peak,9.9,17.3,0,0,2,None,Low
PK-2024-03144,2024-07-28,21:16,Punjab,Sialkot,Urban,31.867,73.0126,Haze,32,28.3,38.0,Dawn-Dusk,Construction,Concrete,4,120,Straight,Flat,Physical,No,2,Motorcycle;Car,8.8,No,25,Partial,Yes,No,No,120,None,Speeding,Rear-end,Roof,1,450,Peak,31.1,43.5,1,3,1,Total,Critical
PK-2024-03145,2024-05-01,21:07,Punjab,Rawalpindi,Highway,31.5865,74.8294,Haze,351,24.5,8.6,Street-lit,Icy,Asphalt,2,110,Gentle,Uphill,Physical,Yes,3,Bus;Truck;Car,4.7,Yes,23,Yes,No,No,No,100,Swerving,Human Error,Pedestrian,Roof,2,804,Off-peak,3.0,7.9,3,2,2,Total,Critical
PK-2024-03146,2024-11-22,11:08,KPK,Dera Ismail Khan,Highway,33.1147,70.4704,Cloudy,175,41.5,37.5,Tunnel,Dry,Concrete,2,80,Straight,Downhill,Physical,No,2,Motorcycle;Car,4.3,No,32,Yes,Yes,No,No,90,None,Mechanical Failure,Fixed-object,Front,1,78,Peak,5.3,12.8,0,1,1,Moderate,Medium
PK-2024-03147,2024-06-26,11:00,Sindh,Hyderabad,Highway,24.4544,68.4174,Cloudy,1294,23.3,3.4,Daylight,Icy,Gravel,2,80,Hairpin,Uphill,Physical,Yes,5,Auto-rickshaw;Motorcycle;Car;Bus;Motorcycle,14.4,No,24,No,No,No,No,95,Braking,Human Error,Multi-vehicle pileup,Roof,1,83,Off-peak,2.6,7.1,1,2,1,Severe,Critical
PK-2024-03148,2024-07-28,06:52,Punjab,Lahore,Rural,30.6834,74.5588,Cloudy,281,40.6,3.4,Street-lit,Construction,Asphalt,3,80,Straight,Uphill,Painted,Yes,4,Motorcycle;Car;Car;Bicycle,14.9,No,52,No,Yes,No,No,80,Braking,Weather,Side-swipe,Front,1,60,Peak,26.9,37.2,0,0,0,Minor,Low
PK-2024-03149,2024-05-02,16:39,Punjab,Rawalpindi,Rural,32.3041,74.7173,Clear,285,23.8,4.0,Dawn-Dusk,Dry,Dirt,6,50,Sharp,Flat,Physical,Yes,3,Car;Motorcycle;Bus,12.4,No,30,No,Yes,Yes,No,40,Swerving,Human Error,Side-swipe,Rear,2,1224,Peak,29.8,36.9,0,0,0,Minor,Low
PK-2024-03150,2024-08-11,13:59,Balochistan,Khuzdar,Highway,27.9714,67.5642,Clear,184,39.2,26.4,Daylight,Flooding,Asphalt,3,40,Straight,Flat,Physical,No,2,Motorcycle;Motorcycle,4.8,No,31,No,No,No,No,35,Swerving,Signal Violation,Head-on,Side,1,1756,Off-peak,0.5,3.0,0,2,2,Moderate,High
PK-2024-03151,2024-08-01,08:55,Punjab,Sargodha,Residential,31.3392,72.2167,Clear,633,31.3,6.5,Street-lit,Construction,Asphalt,3,110,Straight,Flat,Painted,Yes,2,Car;Car,12.5,No,30,No,No,No,No,140,Braking,Signal Violation,Fixed-object,Front,1,1743,Peak,2.1,8.1,0,0,1,Moderate,Medium
PK-2024-03152,2024-04-02,10:31,Punjab,Gujranwala,Rural,29.6888,74.4551,Fog,64,10.1,5.0,Tunnel,Potholed,Dirt,1,50,Sharp,Flat,Painted,Yes,3,Car;Car;Car,7.9,Yes,60,No,Yes,No,No,50,None,Speeding,Head-on,Rear,2,298,Peak,13.9,18.7,1,3,3,Severe,Critical
PK-2024-03153,2024-10-03,05:57,Islamabad,Islamabad,Rural,34.7119,71.6315,Cloudy,582,35.5,7.9,Dawn-Dusk,Wet,Asphalt,4,50,Straight,Downhill,Physical,Yes,2,Auto-rickshaw;Motorcycle,11.3,No,41,No,No,No,Unknown,50,Braking,Speeding,Rear-end,Front,1,1947,Off-peak,8.1,18.0,0,0,2,Minor,Low
PK-2024-03154,2024-02-12,18:00,KPK,Dera Ismail Khan,Rural,32.0154,72.4422,Clear,382,37.5,36.7,Street-lit,Wet,Concrete,2,50,Straight,Flat,Painted,Yes,5,Truck;Car;Car;Motorcycle;Motorcycle,6.8,No,17,No,Partial,No,No,45,Swerving,Signal Violation,Fixed-object,Front,1,1897,Off-peak,11.3,19.5,0,0,1,Minor,Low
PK-2024-03155,2024-11-27,02:03,Punjab,Multan,Rural,30.3259,73.3465,Clear,232,41.4,4.3,Daylight,Dry,Asphalt,4,60,Straight,Flat,None,Yes,5,Truck;Truck;Motorcycle;Car;Motorcycle,7.4,No,43,No,No,No,No,75,Braking,Mechanical Failure,Rear-end,Side,2,570,Off-peak,32.2,42.1,0,1,3,Minor,Medium
PK-2024-03156,2024-08-20,12:32,Punjab,Rawalpindi,Urban,30.6734,73.8095,Fog,913,27.8,10.8,Daylight,Potholed,Asphalt,2,100,Gentle,Uphill,None,No,1,Car,11.1,No,29,No,Not Applicable,Yes,No,110,Braking,Speeding,Rear-end,Rear,2,1805,Off-peak,4.8,11.1,0,2,2,Minor,Medium
PK-2024-03157,2024-03-06,16:51,Balochistan,Turbat,Highway,28.9333,66.5338,Cloudy,296,29.5,16.8,Daylight,Dry,Asphalt,2,40,Gentle,Flat,Painted,No,3,Car;Truck;Motorcycle,7.0,No,48,Yes,Yes,No,No,60,Swerving,Wrong Side,Rear-end,Front,3,1330,Off-peak,7.8,10.4,0,0,1,Minor,Low
PK-2024-03158,2024-09-21,07:50,Sindh,Karachi,Highway,25.9707,67.3651,Haze,412,22.8,0.8,Unlit,Potholed,Asphalt,3,50,Sharp,Uphill,None,Yes,2,Car;Car,18.4,No,20,Yes,Not Applicable,Yes,No,60,None,Speeding,Pedestrian,Front,1,848,Off-peak,6.3,5.2,0,1,2,Moderate,Medium
PK-2024-03159,2024-03-17,01:01,KPK,Dera Ismail Khan,Highway,33.9919,70.8119,Clear,923,34.4,24.4,Tunnel,Wet,Asphalt,3,110,Straight,Downhill,Painted,Yes,2,Motorcycle;Motorcycle,15.1,No,16,No,No,Yes,No,110,Braking,Speeding,Head-on,Roof,2,951,Off-peak,0.6,5.2,3,3,2,Severe,Critical
PK-2024-03160,2024-08-10,05:46,Balochistan,Turbat,Urban,29.9792,66.7706,Clear,163,28.0,14.5,Dawn-Dusk,Wet,Gravel,3,100,Gentle,Uphill,Physical,Yes,3,Bicycle;Motorcycle;Motorcycle,9.2,No,24,No,No,No,No,140,Swerving,Human Error,Rollover,Front,1,1217,Off-peak,5.7,14.9,1,3,1,Total,Critical
PK-2024-03161,2024-08-28,10:16,Sindh,Sukkur,Rural,25.315,66.9397,Dust Storm,310,18.5,4.7,Daylight,Wet,Concrete,3,50,Straight,Uphill,None,No,4,Motorcycle;Motorcycle;Motorcycle;Car,17.2,No,38,No,Not Applicable,No,No,45,None,Mechanical Failure,Head-on,Rear,1,1809,Off-peak,14.9,18.5,0,1,2,Moderate,Medium
PK-2024-03162,2024-07-26,08:57,KPK,Abbottabad,Highway,34.9808,70.2552,Cloudy,253,31.8,7.0,Street-lit,Dry,Asphalt,2,80,Straight,Downhill,Painted,Yes,1,Bicycle,5.7,No,65,No,Not Applicable,No,No,80,Braking,Human Error,Rear-end,Front,2,816,Peak,21.5,29.5,0,0,1,Minor,Low