incident_id,date,time,province,district,road_type,latitude,longitude,weather,visibility_meters,temperature_c,wind_speed_kmh,lighting,road_condition,surface_material,number_of_lanes,speed_limit_kmh,road_curvature,road_gradient,median_type,shoulder_available,num_vehicles,vehicle_types,vehicle_avg_age_years,overloading_detected,driver_age,helmet_usage,seatbelt_usage,mobile_phone_suspected,alcohol_drug_suspected,speed_at_impact_kmh,evasive_action,accident_cause,collision_type,impact_point,num_collisions,traffic_volume_per_hour,peak_off_peak,distance_to_hospital_km,expected_response_min,fatalities,serious_injuries,minor_injuries,property_damage_level,severity
PK-2024-03237,2024-08-06,08:46,Punjab,Multan,Highway,30.2233,74.7577,Clear,92,23.6,6.9,Daylight,Dry,Concrete,4,50,Straight,Flat,Physical,Yes,3,Bus;Car;Bicycle,7.4,Yes,29,No,No,No,No,65,Braking,Speeding,Fixed-object,Side,2,1642,Peak,7.3,12.3,0,2,2,Moderate,Medium
PK-2024-03238,2024-12-22,07:14,Punjab,Bahawalpur,Rural,29.5373,73.9276,Rain,64,24.6,0.5,Tunnel,Construction,Asphalt,4,110,Sharp,Uphill,Physical,Yes,2,Bus;Car,6.5,No,27,Partial,Yes,No,No,120,Swerving,Signal Violation,Head-on,Rear,2,1958,Off-peak,13.5,19.0,1,4,3,Total,Critical
PK-2024-03239,2024-08-18,07:41,Balochistan,Quetta,Rural,27.5892,65.4932,Dust Storm,709,37.5,2.4,Unlit,Wet,Gravel,3,80,Gentle,Downhill,Painted,Yes,2,Truck;Car,15.8,No,32,No,No,Yes,No,120,Swerving,Human Error,Head-on,Rear,1,472,Peak,38.9,47.7,3,3,3,Total,Critical
PK-2024-03240,2024-11-23,21:13,Balochistan,Turbat,Rural,30.436,65.9888,Heavy Rain,87,30.0,5.5,Tunnel,Flooding,Gravel,2,50,Gentle,Uphill,Physical,Yes,2,Car;Truck,15.0,No,34,Yes,No,No,No,55,Braking,Human Error,Rear-end,Front,2,1969,Peak,23.7,34.8,1,1,2,Severe,High
PK-2024-03241,2024-03-14,09:12,Islamabad,Islamabad,Rural,34.8911,71.6704,Clear,567,33.2,9.8,Unlit,Dry,Asphalt,2,110,Gentle,Downhill,Physical,No,3,Car;Car;Car,9.7,No,39,Partial,Yes,No,No,150,None,Weather,Head-on,Front,1,1719,Peak,20.2,36.7,0,2,3,Severe,High
PK-2024-03242,2024-03-28,22:46,Punjab,Bahawalpur,Residential,29.7246,72.7015,Clear,210,5.0,6.9,Daylight,Potholed,Asphalt,4,80,Hairpin,Flat,Painted,No,2,Motorcycle;Motorcycle,6.9,Yes,30,No,No,No,No,80,Swerving,Human Error,Pedestrian,Rear,1,564,Peak,3.9,7.5,0,2,4,Moderate,High
PK-2024-03243,2024-03-15,22:05,Balochistan,Gwadar,Urban,28.997,66.9875,Clear,457,20.4,2.1,Unlit,Wet,Concrete,6,50,Straight,Flat,Physical,Yes,3,Truck;Motorcycle;Bus,18.1,No,43,Yes,Yes,No,No,60,Braking,Weather,Rear-end,Side,2,1880,Off-peak,5.6,8.7,0,0,1,None,Low
PK-2024-03244,2024-10-25,12:04,KPK,Mardan,Rural,33.6699,70.3553,Haze,957,23.0,25.3,Daylight,Potholed,Asphalt,2,100,Sharp,Flat,Painted,Yes,2,Bicycle;Motorcycle,12.6,Yes,41,Yes,Not Applicable,Yes,No,100,Swerving,Signal Violation,Fixed-object,Side,1,1336,Peak,7.9,12.6,2,2,3,Severe,Critical
PK-2024-03245,2024-07-18,03:51,Sindh,Larkana,Rural,24.4638,67.4614,Clear,296,15.6,7.8,Daylight,Wet,Asphalt,3,100,Straight,Flat,Painted,Yes,3,Motorcycle;Motorcycle;Motorcycle,13.2,Yes,54,Partial,Not Applicable,No,No,110,Braking,Signal Violation,Side-swipe,Rear,1,978,Peak,35.0,48.6,0,0,1,Moderate,Medium
PK-2024-03246,2024-07-07,02:52,KPK,Abbottabad,Highway,32.4416,70.8825,Clear,457,25.6,1.5,Tunnel,Icy,Dirt,2,40,Gentle,Flat,Painted,Yes,2,Bicycle;Car,8.2,No,52,Yes,No,No,No,40,Swerving,Overloading,Side-swipe,Side,1,122,Off-peak,12.5,25.3,0,0,1,Minor,Low
PK-2024-03247,2024-05-27,05:11,Balochistan,Khuzdar,Residential,28.8189,67.8581,Fog,258,11.5,20.8,Street-lit,Potholed,Asphalt,4,50,Sharp,Flat,Physical,No,1,Car,2.4,No,25,Yes,Partial,No,No,55,None,Human Error,Head-on,Side,1,1999,Peak,0.5,4.1,0,2,2,Moderate,Medium
PK-2024-03248,2024-06-22,08:40,Sindh,Karachi,Urban,26.8076,69.458,Cloudy,324,20.6,4.4,Street-lit,Dry,Dirt,3,50,Straight,Uphill,None,Yes,3,Car;Motorcycle;Car,6.4,Yes,33,Yes,No,Yes,No,45,Swerving,Weather,Multi-vehicle pileup,Front,1,167,Peak,11.0,19.7,0,0,1,Minor,Low
PK-2024-03249,2024-03-24,08:36,Sindh,Karachi,Rural,25.7026,67.4589,Fog,725,13.8,22.3,Street-lit,Dry,Dirt,2,40,Straight,Flat,Painted,Yes,2,Car;Motorcycle,7.4,Yes,46,Yes,No,No,No,70,Braking,Weather,Rear-end,Roof,1,1695,Off-peak,8.6,17.5,0,1,3,Moderate,Medium
PK-2024-03250,2024-02-19,09:19,Sindh,Sukkur,Urban,24.5331,66.5637,Heavy Rain,194,17.2,13.7,Daylight,Dry,Asphalt,3,50,Straight,Flat,Physical,No,2,Auto-rickshaw;Motorcycle,6.5,No,35,No,No,No,No,50,Braking,Wrong Side,Side-swipe,Side,2,1929,Peak,3.8,7.8,0,0,1,Minor,Low
PK-2024-03251,2024-05-12,02:09,Sindh,Hyderabad,Urban,25.4357,69.1979,Cloudy,268,30.3,13.5,Unlit,Dry,Asphalt,2,80,Straight,Flat,Physical,Yes,3,Car;Bus;Car,10.2,No,44,Yes,Partial,No,No,95,None,Animal Crossing,Side-swipe,Roof,3,982,Off-peak,15.3,20.0,0,0,3,Moderate,Medium
PK-2024-03252,2024-11-12,22:16,Punjab,Bahawalpur,Rural,32.1333,74.8536,Clear,824,32.1,22.3,Daylight,Dry,Asphalt,3,40,Straight,Flat,Painted,Yes,3,Motorcycle;Car;Car,3.7,Yes,34,Yes,Not Applicable,No,No,45,None,Human Error,Rollover,Front,1,96,Off-peak,28.5,42.3,0,0,0,None,Low
PK-2024-03253,2024-07-12,14:50,Punjab,Sialkot,Rural,29.5413,72.4438,Cloudy,609,19.5,12.4,Daylight,Wet,Dirt,1,110,Straight,Flat,Physical,Yes,2,Auto-rickshaw;Car,2.8,Yes,40,No,No,No,No,130,None,Signal Violation,Rear-end,Front,1,1045,Off-peak,32.2,40.1,0,1,3,Moderate,High
PK-2024-03254,2024-12-01,07:37,Punjab,Lahore,Residential,30.0905,73.1207,Cloudy,1500,21.5,6.4,Daylight,Wet,Dirt,2,80,Straight,Uphill,Painted,No,3,Bus;Truck;Car,14.8,No,39,Yes,Yes,No,No,85,None,Mechanical Failure,Rollover,Roof,2,1556,Peak,11.8,20.6,0,0,0,None,Low
PK-2024-03255,2024-10-07,03:52,Punjab,Bahawalpur,Rural,29.7116,72.3472,Dust Storm,67,18.3,9.4,Daylight,Muddy,Asphalt,2,60,Gentle,Downhill,None,Yes,2,Truck;Bicycle,2.0,No,40,Partial,Partial,No,No,60,Braking,Speeding,Rollover,Side,2,541,Peak,5.6,12.2,2,3,3,Severe,Critical
PK-2024-03256,2024-03-26,13:45,Balochistan,Turbat,Rural,29.2016,65.5911,Haze,1025,20.4,13.5,Daylight,Dry,Asphalt,2,80,Gentle,Flat,Physical,Yes,2,Car;Truck,17.8,No,49,No,Partial,No,No,80,Braking,Drunk Driving,Head-on,Side,1,511,Peak,8.2,11.6,0,0,2,Moderate,Medium
PK-2024-03257,2024-10-25,03:11,Balochistan,Quetta,Urban,29.6578,65.6354,Dust Storm,149,15.5,39.3,Street-lit,Construction,Concrete,2,80,Straight,Flat,Physical,No,2,Car;Motorcycle,4.7,No,45,Partial,Yes,Yes,No,90,None,Speeding,Side-swipe,Roof,1,96,Peak,27.3,35.8,1,4,1,Total,Critical
PK-2024-03258,2024-12-25,19:49,Islamabad,Islamabad,Rural,33.0149,73.4213,Clear,563,21.2,1.3,Unlit,Dry,Gravel,3,60,Straight,Flat,Painted,No,2,Bicycle;Car,3.3,Yes,31,No,Yes,No,No,60,None,Drunk Driving,Rear-end,Rear,1,215,Peak,6.8,14.5,0,0,1,Minor,Low
PK-2024-03259,2024-05-24,19:47,KPK,Peshawar,Urban,33.8671,71.8752,Cloudy,178,29.6,27.4,Dawn-Dusk,Wet,Asphalt,1,80,Hairpin,Flat,None,Yes,1,Truck,4.9,Yes,29,Partial,Yes,No,No,80,Swerving,Signal Violation,Multi-vehicle pileup,Front,2,1900,Peak,15.6,21.5,2,3,2,Total,Critical
PK-2024-03260,2024-05-28,15:25,Islamabad,Islamabad,Urban,32.9381,73.8751,Cloudy,460,35.3,8.5,Dawn-Dusk,Wet,Concrete,1,60,Straight,Flat,Physical,No,3,Car;Car;Truck,5.9,Yes,16,Yes,No,No,No,75,Swerving,Mobile Phone,Rear-end,Rear,2,1009,Peak,11.2,11.8,0,0,3,Moderate,Medium
PK-2024-03261,2024-01-04,11:55,Sindh,Karachi,Rural,24.6556,69.3905,Clear,105,30.0,26.8,Dawn-Dusk,Potholed,Concrete,1,30,Sharp,Downhill,None,Yes,2,Motorcycle;Truck,5.8,No,42,Yes,Yes,No,No,60,Braking,Mobile Phone,Head-on,Front,1,237,Off-peak,2.6,7.7,1,2,2,Severe,High
PK-2024-03262,2024-09-20,16:37,KPK,Mardan,Urban,32.2405,72.1363,Cloudy,262,43.6,10.1,Street-lit,Dry,Asphalt,2,50,Gentle,Flat,None,Yes,2,Car;Car,10.4,No,53,Yes,Not Applicable,No,No,50,Braking,Mechanical Failure,Pedestrian,Side,1,127,Peak,16.2,24.4,0,0,1,None,Low
PK-2024-03263,2024-03-16,18:39,Punjab,Bahawalpur,Highway,31.3941,72.6698,Haze,114,19.5,24.9,Dawn-Dusk,Dry,Concrete,4,60,Hairpin,Flat,Physical,No,3,Motorcycle;Motorcycle;Motorcycle,10.7,No,31,No,Yes,No,No,50,Braking,Wrong Side,Side-swipe,Side,1,1973,Off-peak,46.7,60.3,0,0,2,Minor,Medium
PK-2024-03264,2024-07-13,20:04,Punjab,Sialkot,Rural,29.5131,74.8223,Cloudy,134,39.8,9.4,Daylight,Dry,Asphalt,3,80,Hairpin,Flat,Physical,No,3,Car;Car;Motorcycle,3.7,No,30,Partial,No,No,No,70,Swerving,Mobile Phone,Head-on,Side,1,1608,Off-peak,0.8,3.0,0,0,2,Moderate,Medium
PK-2024-03265,2024-06-19,13:52,Punjab,Rawalpindi,Rural,32.12,74.9684,Cloudy,123,18.4,8.4,Street-lit,Dry,Asphalt,4,100,Straight,Flat,Painted,No,1,Truck,11.1,Yes,16,Yes,Not Applicable,Yes,No,130,None,Weather,Pedestrian,Side,1,1148,Off-peak,17.5,23.2,2,3,1,Severe,Critical
PK-2024-03266,2024-05-07,20:09,Punjab,Gujranwala,Rural,32.2343,72.4194,Fog,272,29.2,0.7,Daylight,Dry,Asphalt,2,120,Hairpin,Flat,Physical,No,3,Motorcycle;Car;Car,2.6,No,40,Yes,Not Applicable,No,No,120,None,Drunk Driving,Rear-end,Front,2,1603,Peak,8.7,15.1,0,2,2,Severe,High
PK-2024-03267,2024-09-20,23:03,Punjab,Rawalpindi,Urban,31.1391,73.1951,Cloudy,332,29.8,15.3,Daylight,Potholed,Asphalt,4,100,Gentle,Downhill,Painted,No,3,Car;Car;Motorcycle,8.1,Yes,41,No,Not Applicable,No,Unknown,120,Swerving,Weather,Rollover,Side,1,1902,Off-peak,8.3,14.3,2,3,3,Total,Critical
PK-2024-03268,2024-02-13,01:15,Sindh,Nawabshah,Urban,26.5576,67.1696,Fog,189,40.9,11.3,Daylight,Dry,Concrete,2,110,Straight,Uphill,Physical,No,2,Truck;Car,13.2,No,42,Yes,No,No,No,120,Braking,Animal Crossing,Rear-end,Rear,2,1422,Peak,7.8,11.7,0,1,3,Minor,Medium
PK-2024-03269,2024-01-11,10:35,Punjab,Sialkot,Residential,30.7368,74.7241,Haze,305,8.6,26.8,Unlit,Dry,Concrete,4,40,Gentle,Downhill,Physical,Yes,3,Motorcycle;Truck;Auto-rickshaw,9.0,No,35,Yes,Yes,No,No,40,None,Mechanical Failure,Fixed-object,Roof,2,560,Peak,12.4,24.2,0,0,1,None,Low
PK-2024-03270,2024-12-24,17:29,Punjab,Sargodha,Rural,32.0745,74.9264,Dust Storm,71,25.2,2.1,Daylight,Dry,Dirt,4,50,Sharp,Downhill,Physical,No,4,Truck;Motorcycle;Bicycle;Auto-rickshaw,10.2,No,53,Partial,Yes,No,No,45,Braking,Drunk Driving,Side-swipe,Roof,1,850,Off-peak,1.0,8.7,0,0,1,None,Low
PK-2024-03271,2024-01-25,06:25,KPK,Abbottabad,Rural,33.5853,71.1586,Rain,363,31.4,10.9,Daylight,Potholed,Asphalt,3,110,Straight,Flat,Painted,Yes,1,Motorcycle,7.4,Yes,16,Yes,Yes,No,No,105,Braking,Mechanical Failure,Multi-vehicle pileup,Rear,2,1349,Peak,30.1,33.7,2,3,2,Total,Critical
PK-2024-03272,2024-11-02,13:10,Punjab,Sialkot,Highway,30.4032,73.7244,Clear,292,49.9,10.7,Daylight,Construction,Asphalt,4,40,Hairpin,Uphill,Physical,Yes,3,Truck;Car;Car,15.6,No,55,Yes,No,No,No,40,Braking,Weather,Head-on,Side,1,1186,Peak,0.6,6.0,0,0,1,Minor,Low
PK-2024-03273,2024-08-03,14:22,Punjab,Gujranwala,Highway,30.0713,73.1548,Cloudy,288,37.3,6.0,Unlit,Muddy,Concrete,3,110,Gentle,Flat,Painted,Yes,2,Motorcycle;Motorcycle,5.7,Yes,29,No,Not Applicable,No,No,110,Braking,Mechanical Failure,Head-on,Rear,2,984,Off-peak,12.6,15.9,1,2,2,Total,Critical
PK-2024-03274,2024-03-17,06:41,Punjab,Sargodha,Highway,31.3035,72.9346,Clear,247,31.7,3.1,Dawn-Dusk,Potholed,Gravel,2,80,Gentle,Flat,None,Yes,2,Car;Auto-rickshaw,2.1,No,39,Yes,No,No,Yes,90,Swerving,Human Error,Side-swipe,Front,2,1419,Peak,5.2,11.1,0,1,2,Moderate,Medium
PK-2024-03275,2024-08-21,19:33,Punjab,Gujranwala,Highway,31.717,72.1459,Cloudy,645,23.6,1.0,Street-lit,Potholed,Asphalt,1,40,Gentle,Flat,Painted,Yes,2,Bus;Car,12.4,No,36,Yes,Not Applicable,No,No,45,None,Human Error,Head-on,Roof,1,67,Off-peak,19.4,29.3,0,0,2,Minor,Low
PK-2024-03276,2024-03-05,03:50,Sindh,Sukkur,Urban,25.6134,67.1213,Haze,764,36.0,17.5,Daylight,Wet,Concrete,2,50,Gentle,Uphill,Physical,Yes,2,Car;Motorcycle,4.5,No,16,No,Yes,Yes,No,80,None,Animal Crossing,Head-on,Front,1,938,Peak,8.7,19.1,0,3,4,Severe,High
PK-2024-03277,2024-01-13,06:15,KPK,Mardan,Residential,32.639,72.1191,Heavy Rain,172,23.4,27.2,Unlit,Wet,Dirt,4,50,Gentle,Flat,Physical,No,1,Car,8.9,No,27,No,No,Yes,No,65,Swerving,Signal Violation,Rear-end,Rear,1,63,Off-peak,9.1,15.1,0,2,2,Moderate,High
PK-2024-03278,2024-03-06,05:21,KPK,Mardan,Residential,33.2091,71.6817,Rain,555,9.9,4.9,Unlit,Dry,Dirt,4,50,Straight,Downhill,Painted,Yes,2,Motorcycle;Motorcycle,10.5,Yes,40,No,Yes,No,No,40,None,Signal Violation,Multi-vehicle pileup,Front,1,557,Off-peak,4.1,15.4,0,2,2,Moderate,Medium
PK-2024-03279,2024-12-11,10:25,Punjab,Bahawalpur,Highway,30.4385,72.128,Cloudy,1123,24.5,19.4,Daylight,Wet,Concrete,2,40,Gentle,Flat,Physical,No,3,Car;Car;Motorcycle,17.2,No,37,Yes,Yes,No,No,50,Swerving,Mobile Phone,Rear-end,Front,1,646,Peak,14.1,22.4,0,0,1,Minor,Low
PK-2024-03280,2024-07-05,00:47,Sindh,Larkana,Urban,24.7196,68.5788,Dust Storm,1206,35.8,25.5,Tunnel,Wet,Asphalt,3,60,Gentle,Downhill,Painted,Yes,3,Truck;Motorcycle;Motorcycle,13.1,No,47,Yes,Not Applicable,Yes,No,80,None,Speeding,Rear-end,Side,1,311,Off-peak,9.2,17.2,0,2,2,Severe,High
PK-2024-03281,2024-06-17,06:30,Punjab,Gujranwala,Rural,29.7264,74.4528,Cloudy,81,43.2,3.4,Street-lit,Wet,Asphalt,2,40,Straight,Flat,Painted,No,4,Bicycle;Motorcycle;Motorcycle;Car,11.9,Yes,38,Yes,Not Applicable,No,No,60,Braking,Speeding,Side-swipe,Side,1,1675,Peak,0.5,4.0,0,0,1,Minor,Low
PK-2024-03282,2024-01-19,11:36,Balochistan,Turbat,Rural,29.5879,67.417,Cloudy,20,32.1,9.6,Dawn-Dusk,Dry,Asphalt,1,80,Straight,Flat,Painted,No,4,Motorcycle;Truck;Truck;Bicycle,7.7,No,34,Yes,No,No,No,70,Braking,Human Error,Side-swipe,Side,2,1109,Off-peak,16.3,27.7,0,0,2,None,Low
PK-2024-03283,2024-12-16,12:11,Punjab,Lahore,Residential,31.7408,74.1951,Heavy Rain,1361,48.7,3.3,Dawn-Dusk,Dry,Gravel,2,80,Straight,Flat,Physical,Yes,2,Car;Truck,16.0,No,43,Yes,Yes,No,No,100,Braking,Animal Crossing,Rear-end,Side,1,1884,Peak,15.5,24.8,0,1,2,Moderate,Medium
PK-2024-03284,2024-03-15,04:54,Punjab,Bahawalpur,Rural,32.0966,72.7647,Clear,66,25.7,19.9,Daylight,Dry,Asphalt,2,40,Straight,Flat,Painted,Yes,2,Motorcycle;Truck,4.1,No,23,Partial,Yes,No,No,35,None,Animal Crossing,Fixed-object,Front,2,1597,Off-peak,18.5,24.9,0,0,2,Minor,Low
PK-2024-03285,2024-04-11,01:06,Punjab,Faisalabad,Highway,30.8866,74.0949,Rain,721,26.2,7.0,Daylight,Icy,Gravel,6,40,Sharp,Uphill,Painted,Yes,2,Car;Car,12.8,No,59,Yes,Yes,No,No,60,None,Human Error,Side-swipe,Front,1,1322,Peak,27.8,43.0,0,0,1,None,Low
PK-2024-03286,2024-04-16,14:35,Punjab,Sargodha,Highway,31.2073,72.993,Dust Storm,25,34.9,1.0,Dawn-Dusk,Icy,Dirt,2,50,Gentle,Downhill,Physical,No,3,Motorcycle;Car;Motorcycle,12.7,No,33,Yes,No,No,No,60,Braking,Weather,Head-on,Front,1,1357,Off-peak,2.5,9.1,2,2,2,Total,Critical
PK-2024-03287,2024-04-04,19:37,Punjab,Bahawalpur,Highway,31.4113,74.7403,Fog,339,25.2,15.6,Street-lit,Wet,Gravel,1,60,Straight,Uphill,Painted,Yes,3,Motorcycle;Motorcycle;Motorcycle,8.4,No,45,No,No,No,No,65,None,Weather,Multi-vehicle pileup,Front,1,1256,Off-peak,27.0,39.3,3,3,1,Total,Critical
PK-2024-03288,2024-05-27,21:17,Punjab,Sargodha,Rural,30.3706,74.4766,Cloudy,162,31.3,0.2,Unlit,Wet,Asphalt,6,50,Straight,Downhill,None,No,3,Car;Bus;Motorcycle,14.7,No,21,No,Not Applicable,No,Unknown,80,Swerving,Weather,Head-on,Roof,3,311,Peak,4.5,14.0,1,3,3,Total,Critical
PK-2024-03289,2024-03-28,17:00,Sindh,Karachi,Residential,24.15,68.3277,Rain,227,30.0,8.5,Street-lit,Muddy,Asphalt,1,80,Straight,Flat,Physical,Yes,2,Car;Car,17.8,No,26,No,Yes,No,No,110,Braking,Mechanical Failure,Rear-end,Rear,1,231,Off-peak,5.7,20.0,0,3,4,Severe,High
PK-2024-03290,2024-07-27,23:09,Balochistan,Quetta,Residential,27.8259,66.5234,Dust Storm,873,28.4,2.4,Street-lit,Dry,Asphalt,2,110,Straight,Flat,Physical,Yes,2,Bus;Car,12.1,No,23,No,Yes,No,No,130,Braking,Wrong Side,Rear-end,Roof,2,419,Off-peak,3.8,12.8,0,0,3,Minor,Medium
PK-2024-03291,2024-02-06,08:23,Balochistan,Quetta,Residential,30.3338,65.0502,Clear,604,16.6,8.2,Unlit,Potholed,Concrete,2,50,Straight,Flat,Painted,Yes,3,Car;Car;Motorcycle,19.0,No,28,No,No,No,No,45,Swerving,Wrong Side,Pedestrian,Front,2,1123,Peak,3.1,6.0,0,0,2,None,Low
PK-2024-03292,2024-07-12,17:51,KPK,Abbottabad,Rural,33.6367,72.933,Clear,259,31.8,0.8,Unlit,Dry,Asphalt,1,80,Straight,Flat,Painted,Yes,3,Car;Auto-rickshaw;Auto-rickshaw,4.4,Yes,51,No,Yes,No,Unknown,110,None,Wrong Side,Rear-end,Side,1,57,Off-peak,0.5,7.7,1,2,2,Severe,High
PK-2024-03293,2024-05-02,01:03,KPK,Peshawar,Rural,32.1866,72.934,Clear,165,36.6,2.9,Street-lit,Flooding,Dirt,4,50,Hairpin,Uphill,None,Yes,1,Car,2.1,Yes,39,Yes,Not Applicable,No,No,50,Braking,Speeding,Rear-end,Side,1,620,Peak,11.4,18.8,0,1,2,Minor,Medium
PK-2024-03294,2024-12-19,01:20,Punjab,Lahore,Rural,32.4627,72.7247,Clear,82,26.9,5.2,Tunnel,Wet,Asphalt,2,60,Hairpin,Flat,Painted,Yes,2,Truck;Motorcycle,13.1,No,40,Partial,Yes,No,No,60,Swerving,Speeding,Side-swipe,Side,1,981,Off-peak,0.5,8.2,0,0,1,Minor,Low
PK-2024-03295,2024-05-05,10:19,Punjab,Faisalabad,Urban,32.4204,73.9241,Rain,268,16.8,21.1,Daylight,Potholed,Dirt,4,50,Gentle,Uphill,None,Yes,3,Motorcycle;Car;Car,19.0,No,16,Yes,Not Applicable,No,No,45,None,Speeding,Fixed-object,Roof,1,1673,Peak,3.1,8.6,0,0,3,Minor,Medium
PK-2024-03296,2024-03-19,02:36,Punjab,Bahawalpur,Urban,30.4896,73.059,Clear,183,29.8,4.2,Unlit,Potholed,Gravel,2,80,Gentle,Uphill,Physical,Yes,2,Car;Auto-rickshaw,16.5,No,27,Partial,Not Applicable,Yes,Unknown,90,Braking,Human Error,Pedestrian,Front,1,344,Off-peak,12.1,20.6,0,0,2,Minor,Medium
PK-2024-03297,2024-06-28,10:21,Punjab,Gujranwala,Rural,30.6744,73.0742,Clear,202,41.1,2.1,Street-lit,Construction,Concrete,4,60,Straight,Uphill,Painted,No,3,Car;Bicycle;Car,5.3,No,46,Yes,Yes,No,Unknown,65,Swerving,Signal Violation,Side-swipe,Side,1,1591,Off-peak,27.7,38.3,0,0,0,None,Low
PK-2024-03298,2024-07-06,02:32,Balochistan,Khuzdar,Rural,29.3798,66.4585,Haze,200,40.0,8.8,Daylight,Dry,Asphalt,2,110,Straight,Downhill,None,Yes,3,Motorcycle;Motorcycle;Car,12.4,No,36,Yes,Yes,No,No,140,Swerving,Speeding,Rear-end,Front,3,430,Off-peak,33.5,34.6,0,1,2,Severe,High
PK-2024-03299,2024-06-17,03:01,KPK,Abbottabad,Highway,34.7599,72.9254,Cloudy,252,36.0,3.8,Unlit,Flooding,Asphalt,3,110,Gentle,Uphill,Physical,Yes,4,Bus;Motorcycle;Car;Car,18.0,No,30,Yes,No,No,No,110,Swerving,Human Error,Side-swipe,Front,1,1664,Off-peak,34.5,45.3,1,2,1,Total,Critical
PK-2024-03300,2024-05-24,09:08,Sindh,Karachi,Rural,24.4457,66.596,Cloudy,585,28.2,23.7,Daylight,Construction,Asphalt,4,50,Gentle,Flat,Painted,Yes,4,Bus;Truck;Truck;Motorcycle,18.7,No,43,No,Yes,No,No,55,Braking,Human Error,Pedestrian,Front,1,1169,Peak,5.9,11.4,0,0,1,Minor,Low
PK-2024-03301,2024-11-16,08:25,Punjab,Gujranwala,Residential,32.3295,72.3191,Clear,148,30.6,5.7,Unlit,Dry,Asphalt,4,80,Sharp,Uphill,None,Yes,1,Auto-rickshaw,2.7,No,39,No,Yes,No,No,85,Braking,Speeding,Fixed-object,Side,2,1714,Peak,3.1,7.2,0,0,1,None,Low
PK-2024-03302,2024-07-04,10:46,Punjab,Sargodha,Urban,29.7908,74.5911,Clear,192,31.0,1.6,Tunnel,Dry,Asphalt,2,100,Gentle,Flat,Painted,Yes,3,Motorcycle;Car;Auto-rickshaw,9.8,No,48,Yes,No,Yes,Unknown,105,Braking,Human Error,Rollover,Roof,1,211,Peak,3.5,6.4,0,1,2,Moderate,Medium
PK-2024-03303,2024-08-28,07:06,KPK,Peshawar,Rural,32.889,70.3775,Cloudy,322,32.4,2.7,Daylight,Dry,Concrete,2,110,Straight,Flat,Painted,No,2,Truck;Car,9.8,No,42,Yes,Yes,No,No,105,None,Human Error,Rollover,Roof,2,789,Peak,1.3,6.9,0,0,2,Moderate,Medium
PK-2024-03304,2024-10-06,16:22,Punjab,Faisalabad,Highway,29.9201,73.2224,Haze,81,33.8,1.4,Daylight,Dry,Asphalt,4,80,Straight,Downhill,None,No,4,Motorcycle;Truck;Car;Motorcycle,15.1,No,29,Partial,Yes,No,No,85,Braking,Animal Crossing,Multi-vehicle pileup,Front,1,1622,Off-peak,16.7,28.5,0,2,2,Moderate,Medium
PK-2024-03305,2024-11-01,01:03,KPK,Swat,Highway,33.4563,72.3753,Heavy Rain,270,35.3,8.4,Street-lit,Muddy,Asphalt,2,50,Straight,Flat,None,No,4,Motorcycle;Truck;Motorcycle;Motorcycle,4.3,No,34,Yes,Not Applicable,Yes,No,70,None,Mobile Phone,Head-on,Side,1,1018,Off-peak,2.8,10.2,3,2,1,Total,Critical
PK-2024-03306,2024-04-25,03:24,Punjab,Faisalabad,Rural,31.3552,74.2,Clear,200,35.9,26.6,Street-lit,Dry,Asphalt,4,100,Gentle,Downhill,Physical,No,2,Car;Motorcycle,4.8,No,38,Yes,Yes,No,No,100,Braking,Mechanical Failure,Head-on,Side,2,409,Off-peak,23.1,32.7,0,1,3,Severe,High
PK-2024-03307,2024-03-26,21:54,Sindh,Nawabshah,Residential,24.0829,67.7877,Clear,96,18.9,15.5,Tunnel,Wet,Concrete,2,100,Straight,Flat,Physical,No,3,Car;Motorcycle;Auto-rickshaw,8.3,No,20,Partial,No,No,Unknown,95,None,Speeding,Rollover,Side,2,647,Off-peak,12.0,20.6,1,2,3,Total,Critical
PK-2024-03308,2024-05-18,04:54,Sindh,Hyderabad,Urban,24.4661,69.3737,Cloudy,130,30.0,0.4,Daylight,Potholed,Asphalt,2,100,Gentle,Downhill,Painted,No,2,Bicycle;Motorcycle,14.4,No,33,No,Not Applicable,Yes,No,90,None,Mechanical Failure,Fixed-object,Front,3,1573,Off-peak,30.5,43.6,2,4,1,Severe,Critical
PK-2024-03309,2024-11-20,01:12,Islamabad,Islamabad,Rural,32.5411,72.9118,Dust Storm,124,29.9,6.1,Daylight,Dry,Dirt,4,80,Straight,Downhill,Painted,Yes,2,Car;Car,16.9,No,28,No,Yes,No,No,100,None,Human Error,Rear-end,Rear,1,1677,Peak,6.7,6.0,0,1,4,Severe,High
PK-2024-03310,2024-07-27,23:42,Balochistan,Khuzdar,Urban,28.606,67.7521,Cloudy,37,30.4,13.2,Daylight,Dry,Gravel,3,50,Straight,Downhill,Painted,Yes,2,Auto-rickshaw;Truck,18.3,No,33,Yes,Yes,Yes,Unknown,65,Swerving,Signal Violation,Rear-end,Side,3,1738,Peak,0.5,3.0,0,0,1,Minor,Low