incident_id,date,time,province,district,road_type,latitude,longitude,weather,visibility_meters,temperature_c,wind_speed_kmh,lighting,road_condition,surface_material,number_of_lanes,speed_limit_kmh,road_curvature,road_gradient,median_type,shoulder_available,num_vehicles,vehicle_types,vehicle_avg_age_years,overloading_detected,driver_age,helmet_usage,seatbelt_usage,mobile_phone_suspected,alcohol_drug_suspected,speed_at_impact_kmh,evasive_action,accident_cause,collision_type,impact_point,num_collisions,traffic_volume_per_hour,peak_off_peak,distance_to_hospital_km,expected_response_min,fatalities,serious_injuries,minor_injuries,property_damage_level,severity
PK-2024-03311,2024-02-06,22:46,Punjab,Gujranwala,Urban,30.8636,74.3217,Rain,362,38.5,17.2,Street-lit,Wet,Asphalt,3,80,Sharp,Uphill,Physical,Yes,1,Truck,15.1,No,44,Yes,No,No,No,95,Braking,Signal Violation,Fixed-object,Side,1,1322,Peak,2.5,8.0,0,3,4,Severe,High
PK-2024-03312,2024-10-13,15:37,Sindh,Nawabshah,Urban,26.6966,69.0293,Clear,526,31.8,1.2,Street-lit,Flooding,Concrete,3,50,Sharp,Uphill,Painted,Yes,3,Car;Car;Motorcycle,9.6,No,20,No,Not Applicable,No,No,65,None,Speeding,Head-on,Rear,2,1621,Off-peak,25.9,40.1,2,3,3,Total,Critical
PK-2024-03313,2024-02-19,05:43,Punjab,Sargodha,Highway,30.6315,73.4594,Rain,181,33.4,17.1,Street-lit,Potholed,Asphalt,4,40,Gentle,Downhill,Painted,Yes,2,Bicycle;Bus,12.7,No,22,Yes,No,No,Yes,40,None,Human Error,Head-on,Side,2,1784,Peak,4.1,9.6,0,2,2,Moderate,High
PK-2024-03314,2024-09-03,02:58,Islamabad,Islamabad,Rural,33.7194,73.6193,Clear,1015,43.6,32.1,Street-lit,Dry,Concrete,4,100,Sharp,Uphill,Painted,No,1,Car,7.2,Yes,36,No,No,No,No,100,Swerving,Human Error,Head-on,Front,1,130,Off-peak,2.7,3.3,0,2,3,Severe,High
PK-2024-03315,2024-05-09,22:03,Punjab,Multan,Rural,29.9935,74.5073,Fog,1216,31.1,3.6,Street-lit,Dry,Dirt,2,80,Straight,Downhill,Painted,Yes,2,Car;Truck,2.8,Yes,51,No,No,No,No,70,Swerving,Animal Crossing,Rollover,Roof,1,56,Off-peak,14.9,20.6,0,3,4,Severe,High
PK-2024-03316,2024-06-02,16:45,Punjab,Lahore,Highway,32.308,72.4757,Dust Storm,317,32.1,17.3,Street-lit,Construction,Concrete,2,80,Straight,Downhill,Painted,Yes,4,Bus;Auto-rickshaw;Auto-rickshaw;Car,6.1,No,31,No,No,No,No,85,Braking,Signal Violation,Rear-end,Front,1,1271,Peak,36.9,55.0,3,3,3,Total,Critical
PK-2024-03317,2024-12-11,21:14,Sindh,Sukkur,Urban,24.8153,66.6072,Cloudy,280,18.7,8.3,Street-lit,Dry,Asphalt,4,100,Sharp,Uphill,Painted,Yes,1,Auto-rickshaw,5.0,No,59,No,Yes,No,No,110,Braking,Overloading,Side-swipe,Front,1,1429,Off-peak,35.2,48.4,0,0,2,None,Low
PK-2024-03318,2024-04-25,08:27,Punjab,Sargodha,Residential,30.7897,74.1442,Clear,466,40.2,55.5,Street-lit,Muddy,Asphalt,3,60,Straight,Flat,Physical,Yes,2,Motorcycle;Car,9.6,No,41,Yes,No,No,Unknown,75,Swerving,Human Error,Rear-end,Front,1,1968,Off-peak,1.1,3.0,0,1,1,Minor,Medium
PK-2024-03319,2024-02-10,17:23,Sindh,Sukkur,Rural,25.045,69.4916,Clear,69,32.2,2.7,Street-lit,Potholed,Asphalt,2,60,Gentle,Flat,Painted,Yes,2,Motorcycle;Motorcycle,18.9,No,51,Yes,Yes,No,Yes,70,Swerving,Weather,Side-swipe,Front,1,1477,Peak,12.1,17.6,0,0,0,Minor,Low
PK-2024-03320,2024-06-09,12:32,Sindh,Nawabshah,Urban,26.7159,69.2822,Clear,671,17.2,0.3,Daylight,Dry,Concrete,2,80,Straight,Flat,Painted,Yes,3,Motorcycle;Car;Car,19.3,Yes,50,Yes,Yes,No,Unknown,120,Swerving,Weather,Rear-end,Side,3,558,Peak,12.8,19.3,0,1,3,Minor,Medium
PK-2024-03321,2024-12-19,21:21,Sindh,Sukkur,Urban,26.5676,68.947,Fog,111,22.6,3.0,Street-lit,Dry,Asphalt,1,40,Gentle,Flat,Physical,No,2,Car;Motorcycle,8.0,No,33,Yes,Not Applicable,No,No,70,Braking,Speeding,Fixed-object,Side,1,1665,Off-peak,30.0,40.2,0,0,1,Moderate,Medium
PK-2024-03322,2024-01-13,18:50,Punjab,Faisalabad,Urban,29.8502,73.8001,Cloudy,537,32.6,1.8,Unlit,Flooding,Concrete,4,50,Straight,Flat,Painted,Yes,2,Car;Motorcycle,13.3,No,50,Partial,Not Applicable,No,No,80,None,Human Error,Multi-vehicle pileup,Rear,1,747,Off-peak,2.4,10.8,1,3,3,Severe,Critical
PK-2024-03323,2024-11-17,04:26,Punjab,Faisalabad,Urban,29.7267,72.5044,Rain,701,15.5,26.5,Daylight,Muddy,Asphalt,2,30,Straight,Uphill,Physical,Yes,3,Car;Motorcycle;Car,19.1,No,24,Yes,Yes,No,No,30,None,Weather,Rear-end,Front,1,1715,Off-peak,8.7,17.0,0,0,0,None,Low
PK-2024-03324,2024-12-15,01:23,KPK,Swat,Urban,33.0568,72.0058,Haze,1186,38.4,4.6,Street-lit,Dry,Asphalt,3,100,Straight,Flat,Painted,Yes,2,Auto-rickshaw;Car,3.5,No,40,No,Partial,No,No,110,None,Animal Crossing,Multi-vehicle pileup,Front,1,1610,Off-peak,0.8,3.0,0,0,2,Minor,Medium
PK-2024-03325,2024-10-25,15:27,Punjab,Bahawalpur,Residential,31.6498,74.8484,Rain,48,29.3,5.9,Street-lit,Muddy,Asphalt,3,80,Hairpin,Uphill,None,Yes,5,Motorcycle;Truck;Motorcycle;Bus;Car,6.5,No,27,No,No,No,Yes,100,None,Overloading,Rear-end,Rear,2,989,Peak,19.3,26.5,1,3,3,Total,Critical
PK-2024-03326,2024-09-06,23:00,Punjab,Sargodha,Rural,30.7781,73.1461,Cloudy,466,22.8,6.2,Daylight,Potholed,Asphalt,4,100,Straight,Uphill,None,Yes,3,Car;Car;Auto-rickshaw,5.9,No,16,Yes,No,No,No,130,None,Signal Violation,Side-swipe,Front,1,578,Peak,13.5,19.7,0,3,4,Severe,High
PK-2024-03327,2024-03-09,22:25,Punjab,Sargodha,Residential,30.0425,72.1972,Rain,748,31.7,8.4,Unlit,Dry,Asphalt,4,110,Straight,Flat,Painted,Yes,3,Motorcycle;Auto-rickshaw;Motorcycle,18.2,No,20,No,Yes,No,Yes,120,Braking,Human Error,Fixed-object,Front,1,728,Off-peak,28.8,43.6,0,1,2,Moderate,Medium
PK-2024-03328,2024-09-01,05:48,Balochistan,Turbat,Residential,27.7025,67.6809,Clear,84,16.5,8.6,Daylight,Flooding,Asphalt,2,30,Gentle,Flat,Painted,No,1,Motorcycle,12.3,No,30,No,Yes,No,No,50,None,Animal Crossing,Side-swipe,Side,3,1492,Peak,18.3,25.2,0,0,1,Moderate,Medium
PK-2024-03329,2024-02-14,10:22,Punjab,Rawalpindi,Highway,30.534,73.121,Cloudy,125,37.8,21.0,Street-lit,Flooding,Asphalt,1,60,Straight,Flat,None,No,2,Truck;Motorcycle,9.1,No,34,Yes,No,No,No,75,Braking,Wrong Side,Rear-end,Front,2,1636,Peak,2.5,5.1,0,2,4,Severe,High
PK-2024-03330,2024-04-09,12:15,Sindh,Larkana,Residential,26.0557,68.2827,Cloudy,33,37.2,5.8,Daylight,Dry,Dirt,2,30,Gentle,Uphill,Physical,Yes,2,Bus;Bus,2.9,No,37,No,No,No,No,35,Braking,Speeding,Rollover,Rear,1,1274,Peak,29.0,37.7,0,0,2,Minor,Low
PK-2024-03331,2024-07-23,20:39,Punjab,Sialkot,Highway,29.9174,74.0201,Cloudy,84,34.4,1.2,Daylight,Muddy,Concrete,3,60,Gentle,Uphill,Physical,Yes,3,Car;Auto-rickshaw;Motorcycle,19.3,No,41,No,No,No,No,80,None,Weather,Side-swipe,Front,2,418,Peak,2.8,4.5,1,1,3,Severe,High
PK-2024-03332,2024-06-28,15:50,Punjab,Gujranwala,Urban,29.5986,72.3667,Clear,45,27.3,14.3,Unlit,Wet,Asphalt,2,50,Gentle,Downhill,None,Yes,3,Motorcycle;Motorcycle;Bus,19.3,No,16,Yes,Yes,Yes,No,45,Braking,Signal Violation,Rollover,Front,3,1197,Peak,2.0,3.4,0,1,1,Minor,Medium
PK-2024-03333,2024-02-11,07:52,Islamabad,Islamabad,Highway,34.0036,73.7517,Cloudy,342,39.0,2.4,Dawn-Dusk,Wet,Asphalt,2,40,Straight,Uphill,Painted,Yes,2,Motorcycle;Bicycle,4.6,Yes,42,No,No,No,No,45,Braking,Signal Violation,Rear-end,Rear,2,121,Peak,27.0,33.8,0,1,2,Minor,Medium
PK-2024-03334,2024-12-20,14:57,Sindh,Sukkur,Highway,25.4817,66.5204,Fog,477,27.5,12.9,Street-lit,Potholed,Dirt,2,30,Sharp,Downhill,None,No,5,Bus;Bicycle;Car;Truck;Truck,9.5,No,34,No,Yes,No,No,60,None,Mechanical Failure,Head-on,Front,1,459,Peak,19.2,28.0,1,2,2,Severe,Critical
PK-2024-03335,2024-10-27,17:05,Punjab,Sialkot,Rural,31.0816,73.6192,Rain,805,30.2,16.2,Tunnel,Icy,Asphalt,4,110,Gentle,Flat,Physical,No,2,Car;Motorcycle,8.8,No,30,Partial,Not Applicable,No,No,140,Braking,Weather,Rear-end,Side,1,706,Off-peak,9.3,16.2,0,2,3,Severe,High
PK-2024-03336,2024-05-24,14:42,Punjab,Rawalpindi,Highway,29.6104,72.073,Heavy Rain,99,30.2,1.1,Street-lit,Dry,Asphalt,3,110,Gentle,Uphill,Painted,Yes,2,Bus;Motorcycle,4.0,Yes,36,No,Yes,No,No,110,None,Human Error,Side-swipe,Side,2,327,Off-peak,1.2,11.0,3,4,2,Severe,Critical
PK-2024-03337,2024-03-12,04:29,Sindh,Karachi,Rural,25.2022,67.6026,Haze,154,34.9,18.1,Street-lit,Flooding,Dirt,4,50,Straight,Downhill,Physical,Yes,2,Car;Car,10.1,Yes,43,No,Not Applicable,No,No,65,Swerving,Human Error,Pedestrian,Front,2,532,Off-peak,8.6,18.0,0,2,4,Severe,High
PK-2024-03338,2024-10-08,09:30,Sindh,Sukkur,Highway,25.911,67.002,Haze,496,35.1,1.1,Dawn-Dusk,Dry,Asphalt,2,40,Gentle,Flat,Physical,Yes,3,Auto-rickshaw;Motorcycle;Truck,5.6,No,23,No,Yes,No,No,40,Braking,Signal Violation,Rollover,Front,2,974,Peak,8.0,10.6,0,1,2,Moderate,Medium
PK-2024-03339,2024-12-21,18:12,Punjab,Gujranwala,Highway,30.2824,74.6727,Clear,27,29.4,15.7,Daylight,Wet,Concrete,2,110,Straight,Uphill,Painted,No,2,Auto-rickshaw;Auto-rickshaw,13.5,No,75,No,No,No,No,120,Swerving,Mechanical Failure,Rollover,Side,1,728,Peak,11.8,17.6,1,4,3,Total,Critical
PK-2024-03340,2024-03-23,17:39,Punjab,Faisalabad,Rural,29.5181,72.3409,Clear,365,31.5,31.8,Daylight,Wet,Concrete,2,110,Gentle,Uphill,None,No,5,Auto-rickshaw;Car;Car;Motorcycle;Auto-rickshaw,16.1,No,39,Partial,No,No,No,110,None,Signal Violation,Fixed-object,Side,2,934,Peak,0.5,10.3,0,3,3,Severe,High
PK-2024-03341,2024-08-21,09:06,Sindh,Karachi,Urban,26.4074,68.1449,Cloudy,57,40.1,4.8,Unlit,Dry,Dirt,2,60,Hairpin,Flat,Physical,Yes,4,Motorcycle;Car;Motorcycle;Car,15.4,No,36,No,Yes,Yes,No,75,None,Weather,Side-swipe,Side,2,830,Peak,0.6,7.4,0,1,1,Minor,Medium
PK-2024-03342,2024-01-09,10:38,Sindh,Larkana,Urban,26.5316,68.2245,Fog,144,11.5,34.0,Street-lit,Potholed,Asphalt,2,80,Straight,Flat,Painted,Yes,2,Car;Car,11.6,No,16,No,Not Applicable,No,No,80,Braking,Mechanical Failure,Multi-vehicle pileup,Side,1,58,Off-peak,7.3,13.4,3,3,2,Total,Critical
PK-2024-03343,2024-11-24,07:03,Sindh,Larkana,Residential,25.159,68.5387,Cloudy,225,35.1,0.7,Street-lit,Icy,Dirt,1,60,Sharp,Flat,Physical,Yes,2,Car;Car,15.7,No,26,Yes,No,No,No,75,Swerving,Speeding,Side-swipe,Front,2,734,Off-peak,9.7,16.9,0,0,3,Minor,Medium
PK-2024-03344,2024-12-15,04:15,Punjab,Rawalpindi,Urban,31.0362,72.655,Rain,73,37.8,14.9,Street-lit,Dry,Asphalt,4,110,Sharp,Flat,Painted,No,2,Motorcycle;Car,13.2,No,40,Partial,Yes,No,No,110,None,Speeding,Rear-end,Front,1,740,Off-peak,19.5,30.4,0,2,2,Moderate,High
PK-2024-03345,2024-12-08,08:50,Sindh,Karachi,Rural,26.5034,69.0009,Cloudy,1347,37.8,26.4,Daylight,Icy,Asphalt,2,50,Gentle,Downhill,None,No,3,Bus;Bicycle;Car,8.2,No,50,Partial,No,No,No,45,Braking,Mechanical Failure,Side-swipe,Front,1,733,Off-peak,10.7,23.9,0,0,1,Minor,Low
PK-2024-03346,2024-06-10,12:13,Punjab,Multan,Residential,30.8891,73.2969,Cloudy,393,14.5,6.7,Unlit,Muddy,Asphalt,3,80,Straight,Downhill,Painted,Yes,3,Auto-rickshaw;Car;Car,18.0,Yes,16,Yes,Yes,No,No,80,Swerving,Human Error,Head-on,Side,1,363,Peak,25.4,32.9,0,2,2,Severe,High
PK-2024-03347,2024-06-25,14:45,Islamabad,Islamabad,Urban,33.5457,71.9865,Clear,1296,30.1,1.4,Dawn-Dusk,Flooding,Concrete,4,110,Gentle,Downhill,None,Yes,2,Car;Motorcycle,14.8,No,25,No,Yes,No,No,115,Braking,Wrong Side,Fixed-object,Front,1,1935,Peak,2.0,5.3,0,3,3,Severe,High
PK-2024-03348,2024-06-04,20:36,Sindh,Karachi,Rural,24.8968,67.4356,Clear,685,33.3,10.7,Daylight,Potholed,Concrete,2,80,Gentle,Flat,Physical,Yes,2,Motorcycle;Auto-rickshaw,12.9,No,19,No,Not Applicable,No,No,110,Braking,Speeding,Rear-end,Rear,1,1773,Off-peak,1.1,6.6,1,2,2,Moderate,High
PK-2024-03349,2024-08-25,07:17,KPK,Swat,Residential,32.0325,72.8401,Clear,370,45.6,30.1,Street-lit,Wet,Gravel,2,100,Gentle,Flat,Painted,Yes,5,Car;Motorcycle;Car;Truck;Car,19.6,No,39,Yes,Yes,No,No,105,Braking,Mechanical Failure,Head-on,Front,2,975,Off-peak,3.3,9.1,0,0,3,Moderate,Medium
PK-2024-03350,2024-05-27,04:05,Punjab,Lahore,Residential,29.5148,72.7982,Heavy Rain,327,31.9,3.1,Daylight,Dry,Asphalt,2,60,Sharp,Flat,Painted,No,4,Car;Motorcycle;Car;Car,14.5,No,26,No,Not Applicable,No,No,65,Braking,Human Error,Rear-end,Side,2,1552,Peak,26.4,35.4,0,0,2,Minor,Low
PK-2024-03351,2024-03-27,10:18,Punjab,Lahore,Residential,29.5006,73.1299,Heavy Rain,20,24.4,2.0,Daylight,Wet,Asphalt,6,80,Gentle,Flat,Physical,Yes,1,Motorcycle,3.1,No,55,Partial,Not Applicable,No,Yes,120,None,Human Error,Rollover,Roof,1,360,Peak,0.5,10.4,2,3,2,Severe,Critical
PK-2024-03352,2024-07-03,20:16,Sindh,Sukkur,Residential,25.2039,67.2759,Clear,20,38.3,23.2,Dawn-Dusk,Potholed,Asphalt,1,50,Hairpin,Flat,Painted,Yes,2,Motorcycle;Car,15.3,No,19,Partial,Partial,No,No,90,Swerving,Signal Violation,Multi-vehicle pileup,Side,1,893,Off-peak,2.0,11.3,3,3,3,Severe,Critical
PK-2024-03353,2024-05-01,00:33,Punjab,Faisalabad,Rural,32.1435,74.1305,Dust Storm,342,29.7,5.8,Daylight,Potholed,Asphalt,1,50,Straight,Flat,Physical,No,4,Bicycle;Motorcycle;Car;Truck,2.6,No,44,Yes,Not Applicable,No,No,55,Braking,Wrong Side,Fixed-object,Rear,1,802,Off-peak,5.3,17.3,0,2,1,Moderate,Medium
PK-2024-03354,2024-09-07,04:33,Punjab,Sargodha,Urban,30.8615,74.0786,Clear,735,41.5,13.8,Daylight,Dry,Dirt,2,80,Gentle,Uphill,None,No,3,Motorcycle;Motorcycle;Motorcycle,11.8,No,29,Yes,Not Applicable,No,No,120,Braking,Human Error,Head-on,Front,1,1025,Off-peak,65.4,80.0,0,0,3,Moderate,Medium
PK-2024-03355,2024-12-26,03:16,Punjab,Gujranwala,Rural,30.2674,73.6605,Rain,127,38.1,2.0,Dawn-Dusk,Flooding,Gravel,2,60,Straight,Flat,Painted,No,2,Motorcycle;Auto-rickshaw,2.2,No,46,No,Yes,No,No,90,Braking,Wrong Side,Side-swipe,Front,1,683,Off-peak,0.7,6.7,1,4,3,Total,Critical
PK-2024-03356,2024-05-28,20:03,Punjab,Lahore,Urban,30.0687,73.6096,Cloudy,250,31.6,21.7,Dawn-Dusk,Dry,Dirt,2,60,Gentle,Flat,None,Yes,2,Motorcycle;Car,2.6,No,17,Partial,No,Yes,Unknown,60,Swerving,Mobile Phone,Side-swipe,Front,3,946,Off-peak,8.9,19.3,0,0,1,Minor,Low
PK-2024-03357,2024-07-16,09:42,Sindh,Karachi,Urban,26.2591,68.6916,Haze,506,40.8,1.6,Street-lit,Dry,Asphalt,4,60,Sharp,Flat,Physical,Yes,2,Car;Auto-rickshaw,18.4,No,41,No,No,No,No,70,Braking,Mobile Phone,Head-on,Front,1,318,Off-peak,1.6,6.9,0,1,2,Moderate,Medium
PK-2024-03358,2024-10-25,17:48,KPK,Swat,Urban,33.8249,72.0034,Rain,556,49.0,11.4,Daylight,Dry,Concrete,2,30,Straight,Uphill,Physical,Yes,3,Motorcycle;Car;Motorcycle,12.8,No,34,Yes,Yes,No,No,45,Swerving,Human Error,Multi-vehicle pileup,Front,1,1941,Off-peak,6.9,17.2,0,0,1,None,Low
PK-2024-03359,2024-10-15,02:04,Punjab,Gujranwala,Rural,31.275,74.0962,Clear,171,38.8,7.7,Daylight,Muddy,Asphalt,2,30,Gentle,Flat,Painted,Yes,2,Motorcycle;Truck,9.8,No,29,Yes,No,Yes,Unknown,45,Swerving,Wrong Side,Side-swipe,Front,2,633,Peak,0.5,3.0,0,0,2,Minor,Low
PK-2024-03360,2024-10-27,02:38,Punjab,Sialkot,Rural,29.894,72.0879,Haze,472,24.2,6.8,Street-lit,Dry,Gravel,1,40,Hairpin,Flat,Physical,Yes,2,Truck;Bus,19.0,No,40,No,Yes,No,No,60,Swerving,Human Error,Pedestrian,Side,2,1427,Peak,11.6,14.8,0,0,0,Minor,Low
PK-2024-03361,2024-08-20,01:18,Punjab,Lahore,Urban,31.5744,72.8191,Cloudy,757,35.8,0.3,Tunnel,Potholed,Asphalt,2,50,Gentle,Flat,Physical,Yes,3,Car;Motorcycle;Car,10.8,Yes,26,Yes,Partial,No,No,50,None,Signal Violation,Rear-end,Side,1,1877,Off-peak,3.5,3.0,0,0,1,Minor,Low
PK-2024-03362,2024-08-27,21:59,Punjab,Rawalpindi,Urban,31.1982,72.9672,Clear,149,18.1,31.5,Street-lit,Dry,Asphalt,3,80,Straight,Uphill,Physical,Yes,3,Motorcycle;Motorcycle;Motorcycle,19.6,No,32,No,Yes,No,No,110,Braking,Speeding,Rear-end,Rear,1,194,Peak,25.1,33.3,1,1,4,Severe,High
PK-2024-03363,2024-12-28,05:49,Punjab,Sargodha,Urban,32.2067,74.6046,Fog,819,39.2,16.6,Dawn-Dusk,Wet,Concrete,4,50,Sharp,Flat,Physical,Yes,3,Car;Motorcycle;Auto-rickshaw,8.8,No,18,No,Not Applicable,No,No,55,None,Drunk Driving,Rear-end,Side,1,842,Off-peak,2.0,4.6,0,3,4,Severe,High
PK-2024-03364,2024-04-24,05:01,Punjab,Faisalabad,Rural,30.3177,72.1537,Rain,20,40.2,8.7,Street-lit,Dry,Asphalt,4,60,Sharp,Downhill,Physical,No,1,Car,9.4,No,49,Yes,Yes,Yes,No,70,None,Signal Violation,Side-swipe,Roof,3,646,Off-peak,16.1,24.2,0,1,2,Minor,Medium
PK-2024-03365,2024-06-06,06:25,Punjab,Lahore,Urban,32.4561,72.8155,Cloudy,514,37.8,15.9,Daylight,Dry,Asphalt,2,80,Hairpin,Flat,Painted,No,2,Truck;Motorcycle,10.0,No,24,Yes,No,No,No,100,Braking,Wrong Side,Head-on,Side,2,192,Off-peak,8.7,17.9,1,1,4,Severe,High
PK-2024-03366,2024-07-07,17:54,Punjab,Sialkot,Highway,29.8817,74.7829,Dust Storm,72,34.8,36.0,Street-lit,Dry,Concrete,2,40,Gentle,Flat,Physical,Yes,1,Car,16.3,No,26,No,Yes,No,No,55,Swerving,Human Error,Side-swipe,Front,1,1720,Peak,20.3,32.9,0,1,2,Moderate,Medium
PK-2024-03367,2024-07-28,13:11,Balochistan,Quetta,Rural,28.9338,67.2763,Heavy Rain,26,23.6,16.1,Unlit,Flooding,Asphalt,2,60,Sharp,Downhill,Physical,Yes,2,Truck;Motorcycle,15.4,No,20,Yes,Partial,No,Unknown,70,Swerving,Wrong Side,Fixed-object,Front,2,1415,Off-peak,2.3,3.1,2,4,3,Total,Critical
PK-2024-03368,2024-10-12,18:30,Sindh,Karachi,Highway,24.3614,66.6232,Cloudy,76,29.7,23.2,Unlit,Dry,Asphalt,3,60,Gentle,Downhill,Painted,No,2,Car;Bus,19.7,Yes,54,No,No,No,No,70,None,Mechanical Failure,Side-swipe,Front,1,1214,Peak,31.2,47.2,1,2,4,Severe,High
PK-2024-03369,2024-11-22,09:08,Sindh,Karachi,Urban,24.4803,69.0992,Clear,1004,30.8,15.1,Unlit,Dry,Gravel,1,80,Straight,Downhill,Painted,Yes,2,Truck;Car,9.6,No,28,Yes,Yes,No,No,100,Swerving,Speeding,Side-swipe,Front,1,1217,Peak,16.6,23.1,0,0,0,Minor,Low
PK-2024-03370,2024-01-10,10:04,Punjab,Lahore,Residential,30.434,72.5802,Cloudy,101,28.9,2.3,Daylight,Dry,Asphalt,4,40,Gentle,Uphill,None,No,1,Car,11.7,No,31,No,Yes,No,No,35,None,Mobile Phone,Head-on,Front,3,1743,Peak,2.1,6.5,0,0,2,Minor,Low
PK-2024-03371,2024-09-14,17:08,Punjab,Gujranwala,Rural,30.7888,73.0504,Clear,346,31.4,6.0,Unlit,Potholed,Gravel,3,60,Straight,Uphill,Painted,No,2,Truck;Car,3.9,No,42,Yes,No,Yes,No,100,Braking,Overloading,Pedestrian,Rear,1,1668,Off-peak,32.0,38.1,2,3,3,Total,Critical
PK-2024-03372,2024-08-20,04:12,Sindh,Sukkur,Rural,24.4825,68.2713,Rain,91,26.0,11.6,Daylight,Wet,Dirt,4,100,Gentle,Flat,Painted,Yes,3,Car;Motorcycle;Truck,2.5,No,19,Yes,Yes,No,No,90,Swerving,Human Error,Side-swipe,Rear,1,640,Off-peak,8.7,15.8,0,1,2,Moderate,Medium
PK-2024-03373,2024-11-15,13:04,Punjab,Faisalabad,Urban,32.1632,73.4985,Rain,1500,35.4,23.7,Dawn-Dusk,Muddy,Concrete,4,40,Straight,Flat,Painted,No,3,Car;Motorcycle;Car,3.0,Yes,41,No,No,No,Unknown,30,Braking,Human Error,Fixed-object,Front,1,1120,Off-peak,6.8,10.8,0,2,3,Moderate,Medium
PK-2024-03374,2024-08-03,23:29,Punjab,Gujranwala,Urban,29.89,74.4117,Heavy Rain,31,27.1,0.5,Daylight,Dry,Asphalt,4,80,Straight,Downhill,Physical,Yes,3,Car;Car;Auto-rickshaw,9.1,Yes,16,Partial,Not Applicable,No,No,80,None,Overloading,Head-on,Front,3,1929,Off-peak,19.9,27.8,1,4,1,Severe,Critical
PK-2024-03375,2024-03-27,14:25,Sindh,Hyderabad,Urban,24.6531,68.2758,Clear,189,31.0,8.7,Unlit,Muddy,Asphalt,2,40,Sharp,Flat,None,Yes,2,Bicycle;Motorcycle,14.4,No,37,No,Not Applicable,No,Yes,50,Braking,Human Error,Head-on,Front,2,1859,Peak,27.8,38.9,0,2,4,Severe,High
PK-2024-03376,2024-04-19,20:28,Punjab,Lahore,Urban,30.5868,74.4135,Cloudy,1500,47.2,6.9,Daylight,Construction,Gravel,4,100,Straight,Flat,Physical,Yes,2,Truck;Motorcycle,18.9,No,52,No,Yes,No,Yes,130,Swerving,Human Error,Rear-end,Rear,1,434,Off-peak,0.5,3.0,0,1,1,Minor,Medium
PK-2024-03377,2024-06-27,11:54,Sindh,Sukkur,Rural,24.4095,66.7468,Clear,172,36.9,5.5,Daylight,Dry,Gravel,2,50,Gentle,Flat,None,No,1,Auto-rickshaw,8.5,No,36,No,Yes,No,No,50,None,Signal Violation,Side-swipe,Front,1,549,Off-peak,7.4,11.7,0,0,1,None,Low
PK-2024-03378,2024-09-12,16:54,Balochistan,Turbat,Urban,27.9552,67.5368,Rain,280,29.0,13.0,Tunnel,Muddy,Asphalt,2,60,Sharp,Flat,Painted,Yes,4,Motorcycle;Car;Car;Truck,5.4,Yes,37,Yes,Yes,No,No,65,Swerving,Speeding,Side-swipe,Front,1,1724,Off-peak,0.5,6.0,0,2,3,Moderate,Medium
PK-2024-03379,2024-09-28,08:42,Islamabad,Islamabad,Residential,32.2277,71.9428,Clear,500,27.0,3.0,Daylight,Construction,Asphalt,2,80,Straight,Flat,Painted,Yes,5,Auto-rickshaw;Motorcycle;Auto-rickshaw;Motorcycle;Motorcycle,4.7,Yes,38,Yes,Yes,No,No,80,Braking,Speeding,Rollover,Front,2,1924,Peak,12.5,15.5,0,1,2,Minor,Medium
PK-2024-03380,2024-05-11,21:39,Punjab,Sargodha,Highway,31.5034,74.5466,Cloudy,719,38.3,0.5,Tunnel,Dry,Asphalt,4,80,Gentle,Downhill,Painted,No,4,Auto-rickshaw;Motorcycle;Car;Truck,10.6,No,20,Yes,Not Applicable,No,No,80,Braking,Human Error,Head-on,Side,1,1273,Peak,8.3,17.5,0,0,1,Minor,Low
PK-2024-03381,2024-03-22,20:04,Punjab,Bahawalpur,Rural,31.2936,73.6528,Cloudy,104,35.9,2.3,Street-lit,Dry,Concrete,4,60,Straight,Downhill,None,Yes,2,Motorcycle;Motorcycle,18.9,No,35,Yes,Yes,Yes,No,50,None,Speeding,Head-on,Side,3,332,Off-peak,11.6,21.9,0,0,3,Minor,Medium
PK-2024-03382,2024-05-11,17:42,KPK,Peshawar,Rural,32.1783,71.4289,Clear,31,38.0,9.3,Street-lit,Icy,Concrete,4,60,Hairpin,Downhill,Physical,Yes,2,Car;Bus,13.4,No,34,Yes,Partial,No,No,65,Swerving,Wrong Side,Pedestrian,Side,2,1683,Off-peak,25.8,37.8,0,2,1,Moderate,Medium
PK-2024-03383,2024-02-11,06:29,Sindh,Karachi,Highway,24.2404,68.2467,Rain,1500,33.1,5.4,Dawn-Dusk,Icy,Asphalt,2,50,Straight,Flat,Physical,Yes,5,Auto-rickshaw;Truck;Motorcycle;Truck;Bus,4.7,No,57,Yes,Yes,No,No,70,Braking,Wrong Side,Head-on,Side,1,1978,Peak,16.9,21.5,0,3,2,Severe,High
PK-2024-03384,2024-06-21,04:28,KPK,Peshawar,Urban,34.939,72.904,Clear,811,15.5,6.5,Street-lit,Potholed,Asphalt,2,50,Sharp,Downhill,Painted,Yes,3,Bus;Car;Truck,13.6,Yes,31,No,No,No,No,90,Swerving,Human Error,Rollover,Rear,1,1462,Off-peak,0.5,9.2,3,3,1,Total,Critical