incident_id,date,time,province,district,road_type,latitude,longitude,weather,visibility_meters,temperature_c,wind_speed_kmh,lighting,road_condition,surface_material,number_of_lanes,speed_limit_kmh,road_curvature,road_gradient,median_type,shoulder_available,num_vehicles,vehicle_types,vehicle_avg_age_years,overloading_detected,driver_age,helmet_usage,seatbelt_usage,mobile_phone_suspected,alcohol_drug_suspected,speed_at_impact_kmh,evasive_action,accident_cause,collision_type,impact_point,num_collisions,traffic_volume_per_hour,peak_off_peak,distance_to_hospital_km,expected_response_min,fatalities,serious_injuries,minor_injuries,property_damage_level,severity
PK-2024-03458,2024-09-02,06:29,Balochistan,Quetta,Urban,28.0687,65.2355,Heavy Rain,127,33.6,23.1,Daylight,Flooding,Dirt,2,60,Gentle,Uphill,Physical,Yes,2,Motorcycle;Bicycle,6.8,No,44,No,Partial,No,No,65,Swerving,Speeding,Side-swipe,Side,1,916,Peak,3.0,8.8,1,2,2,Severe,High
PK-2024-03459,2024-02-27,22:32,Islamabad,Islamabad,Urban,32.8598,73.1089,Cloudy,740,25.5,5.1,Unlit,Wet,Asphalt,2,80,Gentle,Flat,Painted,No,5,Truck;Car;Auto-rickshaw;Bus;Car,14.6,No,46,No,No,No,No,80,None,Speeding,Side-swipe,Front,2,1952,Peak,35.4,47.0,0,1,2,Moderate,Medium
PK-2024-03460,2024-07-13,02:26,Balochistan,Turbat,Residential,30.0561,65.6157,Dust Storm,597,43.0,45.2,Tunnel,Potholed,Asphalt,2,30,Gentle,Flat,Painted,Yes,5,Car;Truck;Car;Car;Bicycle,16.8,No,21,No,Yes,No,No,25,Braking,Mobile Phone,Head-on,Front,1,320,Peak,0.7,6.4,0,1,2,Moderate,Medium
PK-2024-03461,2024-05-10,15:36,Punjab,Rawalpindi,Urban,31.3679,72.0894,Cloudy,83,11.8,17.8,Daylight,Wet,Asphalt,2,60,Straight,Uphill,Physical,Yes,2,Car;Car,12.2,No,45,No,Partial,No,Unknown,60,Braking,Animal Crossing,Fixed-object,Front,1,100,Off-peak,6.4,7.5,0,0,1,Minor,Low
PK-2024-03462,2024-07-23,06:16,Islamabad,Islamabad,Urban,33.8435,71.7059,Clear,20,33.5,10.1,Daylight,Icy,Asphalt,4,30,Gentle,Uphill,Painted,Yes,2,Car;Motorcycle,18.9,No,16,Yes,Partial,No,No,50,Braking,Signal Violation,Side-swipe,Rear,1,1336,Peak,24.3,37.0,0,0,1,Minor,Low
PK-2024-03463,2024-05-11,06:53,Punjab,Gujranwala,Rural,31.5001,72.4168,Dust Storm,229,28.5,9.9,Unlit,Icy,Concrete,2,60,Straight,Flat,Painted,Yes,2,Bus;Motorcycle,4.9,No,21,No,Partial,No,No,60,None,Speeding,Head-on,Rear,1,1363,Off-peak,6.1,10.6,1,3,2,Total,Critical
PK-2024-03464,2024-09-23,02:40,Punjab,Multan,Urban,32.3337,72.9146,Heavy Rain,336,30.9,1.4,Daylight,Potholed,Asphalt,2,50,Sharp,Flat,None,Yes,4,Bicycle;Truck;Auto-rickshaw;Motorcycle,15.7,No,40,Yes,No,No,No,50,None,Mobile Phone,Pedestrian,Side,3,1590,Peak,9.7,15.6,1,3,3,Severe,Critical
PK-2024-03465,2024-02-10,05:47,KPK,Peshawar,Urban,34.2685,70.5363,Fog,128,33.0,0.8,Dawn-Dusk,Wet,Concrete,2,80,Hairpin,Flat,Physical,No,2,Bus;Auto-rickshaw,13.1,No,36,Partial,Yes,No,No,95,Braking,Mechanical Failure,Head-on,Front,2,1088,Off-peak,3.5,11.9,1,3,2,Severe,Critical
PK-2024-03466,2024-12-14,19:30,Punjab,Sargodha,Rural,29.8837,73.3417,Haze,377,23.7,24.0,Daylight,Wet,Asphalt,2,40,Sharp,Flat,None,No,3,Motorcycle;Bus;Auto-rickshaw,10.9,Yes,25,No,No,No,No,40,None,Speeding,Multi-vehicle pileup,Side,2,631,Off-peak,9.1,14.8,1,2,1,Severe,Critical
PK-2024-03467,2024-07-08,23:35,KPK,Abbottabad,Residential,33.3053,72.4542,Fog,181,33.6,9.7,Dawn-Dusk,Flooding,Asphalt,2,80,Gentle,Flat,Painted,No,1,Motorcycle,5.9,No,32,No,Partial,Yes,No,70,Braking,Signal Violation,Head-on,Front,2,887,Off-peak,8.6,20.2,1,2,3,Total,Critical
PK-2024-03468,2024-03-22,18:34,Punjab,Multan,Urban,30.5333,72.4826,Heavy Rain,48,31.8,4.3,Daylight,Wet,Gravel,6,60,Gentle,Flat,None,No,2,Car;Car,19.7,No,16,No,No,No,No,60,Braking,Wrong Side,Rear-end,Rear,1,460,Off-peak,11.1,18.8,0,0,1,Moderate,Medium
PK-2024-03469,2024-03-02,17:28,Sindh,Nawabshah,Highway,25.3309,67.0537,Fog,63,26.9,11.8,Daylight,Dry,Dirt,1,110,Gentle,Downhill,Physical,Yes,3,Bus;Bus;Car,14.9,No,34,Yes,Partial,No,No,130,Braking,Overloading,Rear-end,Front,2,525,Off-peak,15.9,24.1,1,3,2,Severe,High
PK-2024-03470,2024-12-11,14:30,Sindh,Nawabshah,Highway,25.9476,68.8822,Clear,335,46.7,7.9,Daylight,Wet,Asphalt,2,50,Gentle,Flat,Painted,Yes,1,Motorcycle,8.2,No,28,Partial,No,No,No,60,None,Mechanical Failure,Pedestrian,Rear,1,404,Off-peak,4.1,8.4,0,0,1,None,Low
PK-2024-03471,2024-02-09,20:57,KPK,Dera Ismail Khan,Highway,33.3543,71.0951,Clear,1500,31.0,7.6,Street-lit,Dry,Dirt,3,80,Gentle,Flat,Physical,No,2,Car;Auto-rickshaw,18.1,No,40,No,Partial,Yes,No,80,Braking,Human Error,Rear-end,Roof,1,902,Off-peak,10.7,19.4,0,0,2,Minor,Low
PK-2024-03472,2024-05-02,04:17,KPK,Swat,Highway,34.5531,72.6248,Clear,370,41.7,23.4,Daylight,Wet,Asphalt,4,60,Sharp,Downhill,Physical,No,3,Car;Car;Motorcycle,13.4,Yes,31,Yes,No,No,No,80,Swerving,Human Error,Side-swipe,Side,2,285,Peak,35.0,50.8,0,0,3,Minor,Medium
PK-2024-03473,2024-05-13,14:05,Punjab,Sargodha,Rural,30.94,72.9788,Clear,20,23.5,25.6,Street-lit,Potholed,Asphalt,4,80,Gentle,Flat,None,Yes,2,Motorcycle;Auto-rickshaw,8.6,Yes,28,Yes,Yes,No,No,90,None,Mobile Phone,Pedestrian,Front,2,1865,Peak,14.6,22.2,1,3,3,Total,Critical
PK-2024-03474,2024-01-13,09:09,Punjab,Faisalabad,Rural,30.8143,74.0545,Heavy Rain,126,31.3,6.9,Tunnel,Dry,Concrete,1,120,Straight,Flat,Painted,No,3,Car;Bicycle;Car,9.5,No,33,No,Yes,No,No,120,Braking,Speeding,Rollover,Side,2,1637,Off-peak,4.0,14.3,1,3,3,Total,Critical
PK-2024-03475,2024-04-21,18:46,KPK,Mardan,Urban,34.7026,71.7579,Fog,715,26.7,56.4,Dawn-Dusk,Potholed,Concrete,2,120,Gentle,Downhill,Physical,Yes,3,Car;Car;Motorcycle,5.9,No,29,No,Yes,No,No,150,None,Signal Violation,Multi-vehicle pileup,Side,3,1874,Off-peak,33.4,40.1,1,3,3,Total,Critical
PK-2024-03476,2024-04-10,11:08,Sindh,Nawabshah,Urban,25.7237,69.0344,Fog,969,31.1,1.1,Unlit,Dry,Concrete,2,50,Gentle,Flat,None,No,3,Car;Motorcycle;Truck,16.7,No,49,No,Yes,Yes,No,80,Braking,Animal Crossing,Fixed-object,Side,1,1379,Peak,2.9,15.7,0,2,2,Moderate,Medium
PK-2024-03477,2024-03-25,19:27,Punjab,Sialkot,Urban,30.1498,74.0422,Rain,212,32.2,28.4,Daylight,Construction,Asphalt,4,60,Gentle,Uphill,Painted,Yes,3,Auto-rickshaw;Truck;Car,12.7,No,16,No,No,No,No,100,None,Speeding,Rear-end,Roof,1,580,Off-peak,13.2,14.0,2,4,1,Total,Critical
PK-2024-03478,2024-08-19,03:50,Islamabad,Islamabad,Residential,33.3936,73.4522,Fog,36,41.0,25.9,Street-lit,Dry,Concrete,2,80,Hairpin,Flat,Painted,No,3,Motorcycle;Car;Motorcycle,14.7,No,25,No,Partial,No,Unknown,95,None,Wrong Side,Head-on,Front,1,171,Off-peak,0.5,4.9,2,2,3,Total,Critical
PK-2024-03479,2024-05-13,23:09,Sindh,Sukkur,Urban,25.9722,66.5078,Haze,20,35.7,8.4,Daylight,Wet,Asphalt,2,80,Straight,Flat,Painted,Yes,2,Motorcycle;Car,15.4,No,29,No,No,Yes,No,110,None,Mobile Phone,Side-swipe,Roof,1,1317,Peak,0.5,3.0,0,3,2,Severe,High
PK-2024-03480,2024-01-28,04:29,Punjab,Faisalabad,Highway,30.1331,74.7191,Clear,485,44.5,35.9,Street-lit,Wet,Dirt,4,120,Straight,Downhill,Painted,Yes,4,Car;Motorcycle;Auto-rickshaw;Motorcycle,8.0,No,33,Yes,Yes,No,No,135,None,Drunk Driving,Side-swipe,Front,1,471,Peak,5.9,14.3,0,1,1,Moderate,Medium
PK-2024-03481,2024-09-03,19:39,Punjab,Rawalpindi,Highway,30.3673,72.412,Heavy Rain,120,21.9,3.9,Daylight,Construction,Concrete,2,60,Gentle,Flat,Painted,Yes,3,Motorcycle;Truck;Car,5.1,No,21,No,No,No,No,50,Braking,Mobile Phone,Fixed-object,Side,2,1210,Peak,40.7,57.8,3,3,1,Severe,Critical
PK-2024-03482,2024-09-02,04:15,Punjab,Rawalpindi,Urban,32.0364,74.2027,Rain,174,28.6,8.4,Daylight,Wet,Gravel,4,110,Sharp,Downhill,Painted,Yes,3,Car;Motorcycle;Motorcycle,4.3,Yes,28,Yes,Yes,No,No,125,Swerving,Human Error,Rear-end,Front,1,1201,Peak,0.7,5.3,0,1,3,Severe,High
PK-2024-03483,2024-08-18,01:22,KPK,Abbottabad,Urban,34.4204,71.9558,Cloudy,34,30.8,7.7,Street-lit,Wet,Asphalt,2,80,Straight,Flat,Painted,No,2,Auto-rickshaw;Car,8.1,No,37,Yes,Not Applicable,No,No,95,Braking,Speeding,Head-on,Rear,2,1245,Peak,21.1,32.1,0,2,2,Moderate,High
PK-2024-03484,2024-09-04,03:34,Sindh,Karachi,Rural,26.2317,67.6825,Clear,168,23.7,4.0,Unlit,Wet,Concrete,6,60,Gentle,Flat,None,No,5,Car;Motorcycle;Truck;Truck;Car,7.9,No,19,Yes,Not Applicable,No,No,60,Swerving,Mobile Phone,Rear-end,Front,1,1697,Off-peak,49.6,62.7,0,0,2,Minor,Low
PK-2024-03485,2024-12-05,16:47,Islamabad,Islamabad,Urban,32.3912,73.3757,Fog,20,41.6,8.8,Daylight,Muddy,Asphalt,4,100,Straight,Downhill,None,No,2,Bicycle;Bus,6.7,Yes,36,No,Partial,No,No,140,Braking,Signal Violation,Side-swipe,Front,2,1595,Off-peak,2.5,11.7,2,2,2,Total,Critical
PK-2024-03486,2024-01-15,15:03,Sindh,Karachi,Urban,26.3111,69.3778,Cloudy,720,41.1,13.9,Street-lit,Dry,Gravel,1,60,Straight,Flat,Painted,No,3,Motorcycle;Motorcycle;Truck,11.7,No,28,No,Not Applicable,No,No,80,Braking,Mechanical Failure,Side-swipe,Rear,2,1550,Off-peak,7.4,10.4,0,0,1,Minor,Low
PK-2024-03487,2024-05-24,11:54,Islamabad,Islamabad,Rural,33.4545,74.0867,Clear,98,20.7,11.0,Street-lit,Wet,Asphalt,3,40,Straight,Uphill,Physical,Yes,2,Motorcycle;Motorcycle,2.3,Yes,57,Partial,No,No,No,40,Braking,Speeding,Pedestrian,Roof,1,733,Peak,4.4,11.0,0,1,3,Moderate,Medium
PK-2024-03488,2024-10-15,00:03,KPK,Abbottabad,Urban,34.1496,71.0613,Cloudy,99,21.6,2.0,Tunnel,Dry,Asphalt,2,40,Straight,Uphill,None,No,3,Car;Car;Motorcycle,5.2,No,29,Yes,Yes,No,No,40,Braking,Human Error,Head-on,Front,3,320,Off-peak,5.4,12.3,0,0,1,Minor,Low
PK-2024-03489,2024-11-20,00:18,Punjab,Lahore,Urban,30.7685,73.8871,Clear,36,18.7,13.7,Dawn-Dusk,Dry,Asphalt,2,50,Sharp,Flat,Physical,No,3,Car;Truck;Car,13.3,No,38,Yes,No,No,No,45,Braking,Mechanical Failure,Side-swipe,Front,1,1469,Off-peak,8.9,14.8,0,0,2,Minor,Low
PK-2024-03490,2024-03-14,14:43,Punjab,Rawalpindi,Urban,29.8389,72.1157,Cloudy,963,29.0,0.3,Tunnel,Dry,Gravel,2,80,Gentle,Uphill,Painted,No,3,Motorcycle;Motorcycle;Motorcycle,12.9,No,50,No,No,No,No,85,None,Overloading,Side-swipe,Front,1,169,Off-peak,16.7,19.2,0,0,0,Minor,Low
PK-2024-03491,2024-03-08,22:44,Punjab,Gujranwala,Rural,30.2496,73.752,Cloudy,657,19.0,33.4,Daylight,Potholed,Asphalt,1,30,Gentle,Flat,None,Yes,2,Bus;Truck,12.4,No,38,No,Yes,No,No,30,Braking,Wrong Side,Pedestrian,Front,1,1387,Peak,31.1,47.6,0,0,1,Minor,Low
PK-2024-03492,2024-07-06,21:35,Punjab,Sargodha,Urban,31.0439,72.8123,Cloudy,56,38.7,1.5,Unlit,Construction,Asphalt,4,30,Straight,Downhill,Painted,No,2,Auto-rickshaw;Car,5.3,No,23,Yes,No,No,No,25,None,Human Error,Side-swipe,Side,3,894,Peak,10.6,19.3,0,0,1,Minor,Low
PK-2024-03493,2024-04-23,22:59,Sindh,Larkana,Urban,25.3174,68.7681,Clear,115,33.6,2.9,Unlit,Muddy,Concrete,2,40,Gentle,Flat,None,Yes,2,Truck;Auto-rickshaw,17.2,No,32,Yes,Yes,No,No,50,None,Animal Crossing,Rollover,Side,2,1274,Peak,3.4,10.8,0,0,2,Moderate,Medium
PK-2024-03494,2024-10-21,03:53,Islamabad,Islamabad,Urban,34.8767,71.8826,Clear,1076,22.9,13.3,Street-lit,Potholed,Asphalt,4,100,Hairpin,Uphill,Painted,No,3,Truck;Bus;Car,3.7,No,39,No,Yes,No,No,105,Braking,Drunk Driving,Side-swipe,Rear,2,1542,Peak,4.7,5.7,0,1,2,Moderate,Medium
PK-2024-03495,2024-06-26,16:23,Punjab,Sialkot,Urban,29.8823,74.2554,Cloudy,841,27.0,2.8,Street-lit,Muddy,Concrete,4,110,Gentle,Downhill,Painted,Yes,4,Motorcycle;Motorcycle;Car;Truck,17.7,Yes,32,Yes,Not Applicable,No,No,130,None,Mobile Phone,Side-swipe,Front,1,1815,Peak,2.8,15.6,0,1,2,Moderate,Medium
PK-2024-03496,2024-04-25,07:56,Islamabad,Islamabad,Residential,33.7905,71.792,Heavy Rain,423,37.8,8.6,Unlit,Dry,Asphalt,4,40,Straight,Flat,Painted,Yes,2,Car;Motorcycle,19.6,Yes,52,No,Not Applicable,No,No,40,Swerving,Signal Violation,Rear-end,Front,2,1531,Off-peak,11.7,22.4,0,1,2,Moderate,Medium
PK-2024-03497,2024-05-06,05:14,Punjab,Multan,Highway,32.3266,74.057,Clear,389,34.9,20.0,Street-lit,Dry,Gravel,1,60,Gentle,Flat,Physical,No,5,Truck;Motorcycle;Truck;Bicycle;Motorcycle,10.1,No,43,Yes,Yes,No,No,70,None,Overloading,Rollover,Front,1,1331,Peak,3.8,11.1,0,0,1,Moderate,Medium
PK-2024-03498,2024-08-16,13:45,Punjab,Bahawalpur,Rural,29.5422,72.1193,Fog,328,27.2,14.2,Dawn-Dusk,Dry,Asphalt,1,50,Straight,Uphill,Painted,No,3,Car;Car;Car,3.0,Yes,20,Yes,Partial,No,No,50,Swerving,Animal Crossing,Rollover,Side,1,897,Off-peak,4.3,8.9,0,0,1,None,Low
PK-2024-03499,2024-12-15,05:07,Punjab,Multan,Urban,31.0508,73.9369,Dust Storm,275,30.0,23.7,Street-lit,Dry,Asphalt,2,40,Gentle,Flat,Painted,No,3,Car;Motorcycle;Motorcycle,12.9,No,19,No,Not Applicable,No,No,70,None,Speeding,Rollover,Roof,3,741,Peak,10.5,17.0,1,3,3,Severe,Critical
PK-2024-03500,2024-06-06,16:43,Punjab,Multan,Highway,31.8601,72.2427,Cloudy,30,25.8,25.5,Street-lit,Dry,Asphalt,2,60,Sharp,Downhill,None,Yes,3,Car;Car;Motorcycle,5.6,No,31,Partial,Yes,No,No,70,Braking,Mechanical Failure,Rollover,Rear,1,718,Off-peak,9.7,15.4,0,3,4,Severe,High
PK-2024-03501,2024-07-20,04:39,Sindh,Nawabshah,Rural,24.2619,68.224,Clear,257,37.2,9.1,Dawn-Dusk,Wet,Gravel,1,40,Gentle,Flat,None,No,2,Car;Car,14.2,No,54,No,No,Yes,No,45,Braking,Animal Crossing,Side-swipe,Front,1,1071,Peak,12.3,18.5,0,0,1,Minor,Low
PK-2024-03502,2024-09-25,05:44,KPK,Peshawar,Residential,34.9642,71.3083,Rain,160,27.2,3.5,Daylight,Dry,Concrete,1,50,Sharp,Flat,Physical,No,3,Truck;Car;Motorcycle,12.3,No,42,Yes,Yes,No,No,55,None,Wrong Side,Rear-end,Rear,3,1726,Off-peak,4.9,6.3,0,0,1,Minor,Low
PK-2024-03503,2024-03-05,17:00,Punjab,Multan,Rural,29.9853,74.149,Rain,1500,24.3,3.1,Unlit,Wet,Asphalt,2,100,Gentle,Flat,Painted,Yes,3,Car;Bicycle;Motorcycle,6.1,No,31,No,No,No,No,120,Swerving,Drunk Driving,Side-swipe,Side,1,202,Off-peak,13.0,26.2,2,2,1,Total,Critical
PK-2024-03504,2024-11-09,17:39,Sindh,Nawabshah,Urban,24.1612,67.7346,Dust Storm,668,35.1,0.1,Unlit,Construction,Asphalt,2,50,Straight,Downhill,Painted,No,4,Bicycle;Motorcycle;Bicycle;Car,3.3,No,16,Yes,Yes,No,No,70,None,Human Error,Rear-end,Side,1,900,Off-peak,7.5,12.3,0,1,3,Severe,High
PK-2024-03505,2024-12-13,15:07,Punjab,Multan,Rural,30.1792,74.2023,Clear,257,28.9,10.5,Daylight,Potholed,Dirt,3,30,Gentle,Downhill,Physical,Yes,5,Bus;Car;Car;Car;Motorcycle,7.4,No,45,No,Yes,No,No,30,None,Signal Violation,Fixed-object,Roof,1,689,Off-peak,7.5,15.2,0,0,1,None,Low
PK-2024-03506,2024-02-06,23:05,KPK,Swat,Urban,32.5471,72.9747,Fog,428,25.5,2.2,Street-lit,Dry,Asphalt,6,50,Gentle,Downhill,None,No,3,Motorcycle;Motorcycle;Motorcycle,7.3,No,41,No,Yes,No,No,90,None,Mobile Phone,Side-swipe,Roof,1,1010,Peak,15.5,26.4,0,2,3,Severe,High
PK-2024-03507,2024-08-05,05:31,Punjab,Sialkot,Urban,30.896,72.3557,Cloudy,42,50.0,5.6,Dawn-Dusk,Potholed,Gravel,2,60,Straight,Flat,Physical,Yes,2,Car;Motorcycle,13.5,No,25,Yes,Yes,No,No,80,None,Signal Violation,Rear-end,Rear,1,898,Peak,1.6,9.2,0,2,1,Moderate,Medium
PK-2024-03508,2024-09-17,13:54,Sindh,Sukkur,Highway,25.7447,68.6023,Cloudy,1500,28.6,5.7,Unlit,Dry,Asphalt,2,50,Sharp,Flat,Painted,Yes,3,Bus;Motorcycle;Car,12.7,No,24,No,Yes,No,No,45,Braking,Speeding,Multi-vehicle pileup,Side,2,376,Peak,35.8,48.1,0,2,2,Severe,High
PK-2024-03509,2024-04-18,02:50,Sindh,Larkana,Highway,24.1626,66.7393,Rain,237,33.8,5.5,Unlit,Dry,Gravel,2,50,Straight,Uphill,Physical,No,2,Bicycle;Motorcycle,8.5,No,20,Yes,No,No,No,45,Braking,Human Error,Side-swipe,Front,1,591,Peak,29.0,38.4,0,0,2,Minor,Low
PK-2024-03510,2024-04-02,10:13,Sindh,Sukkur,Rural,24.2144,67.7261,Dust Storm,1500,26.8,42.1,Street-lit,Icy,Asphalt,6,60,Straight,Flat,Painted,Yes,1,Motorcycle,5.8,Yes,43,Yes,No,No,No,75,Braking,Animal Crossing,Head-on,Rear,1,1793,Peak,9.8,18.9,1,3,1,Total,Critical
PK-2024-03511,2024-04-28,23:08,Punjab,Rawalpindi,Urban,31.2299,72.4553,Cloudy,140,28.0,4.9,Daylight,Muddy,Asphalt,2,100,Sharp,Flat,Painted,No,4,Motorcycle;Motorcycle;Car;Motorcycle,4.5,No,66,No,Yes,No,No,100,None,Human Error,Rear-end,Roof,1,1082,Off-peak,5.8,11.2,3,3,1,Total,Critical
PK-2024-03512,2024-11-18,23:25,Sindh,Nawabshah,Urban,24.8,67.8179,Clear,302,34.5,35.2,Street-lit,Construction,Asphalt,2,80,Straight,Flat,Physical,No,3,Car;Car;Motorcycle,11.5,No,34,No,No,No,Yes,100,Braking,Speeding,Rollover,Side,1,1563,Off-peak,2.4,8.8,3,3,1,Total,Critical
PK-2024-03513,2024-05-23,05:21,Islamabad,Islamabad,Urban,32.5427,73.543,Dust Storm,481,17.4,2.7,Unlit,Dry,Concrete,6,100,Sharp,Downhill,Painted,Yes,2,Auto-rickshaw;Bus,15.2,No,44,No,Not Applicable,No,No,100,None,Drunk Driving,Rollover,Roof,1,777,Off-peak,0.7,5.2,1,3,3,Total,Critical
PK-2024-03514,2024-05-03,11:19,Punjab,Sargodha,Rural,31.0528,74.6681,Cloudy,707,15.6,45.7,Daylight,Potholed,Concrete,3,30,Gentle,Flat,Painted,No,5,Motorcycle;Motorcycle;Motorcycle;Auto-rickshaw;Car,13.6,No,18,No,Not Applicable,No,No,25,None,Mobile Phone,Head-on,Rear,1,1882,Off-peak,4.3,9.8,0,2,3,Moderate,Medium
PK-2024-03515,2024-02-08,15:22,KPK,Peshawar,Urban,34.5999,72.3636,Clear,815,15.1,3.0,Daylight,Dry,Concrete,4,60,Straight,Downhill,None,Yes,3,Auto-rickshaw;Car;Bicycle,6.2,No,26,Partial,Partial,No,No,60,Braking,Mobile Phone,Fixed-object,Rear,2,73,Off-peak,13.3,24.1,0,0,2,Minor,Low
PK-2024-03516,2024-07-14,20:05,Punjab,Faisalabad,Rural,30.7453,72.0313,Cloudy,150,35.3,4.1,Unlit,Construction,Asphalt,2,40,Sharp,Uphill,None,No,4,Car;Motorcycle;Motorcycle;Truck,14.9,Yes,32,No,Partial,No,Unknown,80,None,Speeding,Multi-vehicle pileup,Front,1,174,Off-peak,5.8,13.8,3,3,3,Total,Critical
PK-2024-03517,2024-06-27,15:19,Punjab,Multan,Rural,31.7912,74.0591,Clear,1159,27.3,18.7,Tunnel,Dry,Asphalt,3,60,Straight,Flat,Physical,Yes,2,Car;Bus,7.5,No,26,No,Not Applicable,No,No,70,Braking,Human Error,Fixed-object,Front,1,1165,Peak,1.4,4.1,0,0,1,None,Low
PK-2024-03518,2024-05-03,02:54,Punjab,Sialkot,Residential,30.0048,72.2513,Haze,472,30.7,24.2,Street-lit,Potholed,Asphalt,4,30,Straight,Flat,None,Yes,4,Bus;Car;Car;Bus,3.8,No,23,Yes,Not Applicable,No,No,60,Braking,Wrong Side,Head-on,Front,3,1411,Off-peak,15.3,21.2,0,1,2,Moderate,Medium
PK-2024-03519,2024-12-27,08:33,KPK,Mardan,Highway,34.5329,72.6235,Clear,585,37.4,2.7,Daylight,Dry,Gravel,2,50,Hairpin,Flat,None,No,3,Motorcycle;Motorcycle;Truck,15.1,No,34,No,Yes,No,No,65,Swerving,Signal Violation,Side-swipe,Rear,2,601,Peak,0.5,5.1,0,0,1,None,Low
PK-2024-03520,2024-09-14,02:25,Sindh,Hyderabad,Highway,24.5691,68.7295,Heavy Rain,51,27.5,17.4,Tunnel,Dry,Concrete,2,60,Gentle,Downhill,Physical,Yes,4,Car;Car;Motorcycle;Car,14.2,No,48,No,Not Applicable,No,No,70,Swerving,Speeding,Rear-end,Side,1,514,Off-peak,5.7,9.2,0,2,2,Severe,High
PK-2024-03521,2024-12-07,02:46,Balochistan,Gwadar,Urban,28.1607,66.3481,Haze,145,36.2,4.6,Daylight,Dry,Asphalt,2,40,Straight,Downhill,Painted,Yes,2,Motorcycle;Motorcycle,14.5,No,35,Yes,Yes,No,No,55,Braking,Speeding,Side-swipe,Rear,2,1674,Off-peak,1.1,6.9,0,0,1,Minor,Low
PK-2024-03522,2024-08-01,22:15,Sindh,Larkana,Residential,25.7797,69.0351,Clear,241,36.8,0.1,Unlit,Wet,Asphalt,2,100,Straight,Downhill,Painted,Yes,1,Car,13.5,No,30,Partial,Not Applicable,No,No,90,Braking,Speeding,Multi-vehicle pileup,Rear,1,678,Off-peak,16.8,28.8,0,3,4,Severe,High
PK-2024-03523,2024-03-12,10:38,KPK,Mardan,Rural,33.3599,70.321,Haze,523,27.9,11.6,Street-lit,Potholed,Dirt,2,60,Gentle,Flat,Physical,No,2,Car;Truck,7.8,Yes,58,No,Not Applicable,No,No,60,Braking,Animal Crossing,Fixed-object,Side,1,1912,Off-peak,4.7,11.8,0,0,1,Minor,Low
PK-2024-03524,2024-09-07,07:29,Balochistan,Quetta,Urban,28.512,66.1139,Clear,159,31.3,14.2,Daylight,Dry,Asphalt,2,80,Gentle,Downhill,Physical,No,3,Motorcycle;Bus;Bus,18.1,No,17,Yes,No,No,No,80,Braking,Weather,Head-on,Front,1,1547,Off-peak,23.6,33.3,0,1,1,Minor,Medium
PK-2024-03525,2024-11-20,12:11,Punjab,Bahawalpur,Urban,30.2213,73.0198,Heavy Rain,158,32.5,1.4,Unlit,Muddy,Asphalt,2,40,Hairpin,Flat,Physical,Yes,1,Car,6.3,Yes,31,Yes,Not Applicable,No,No,35,None,Drunk Driving,Head-on,Side,1,122,Off-peak,6.6,13.9,3,4,2,Severe,Critical
PK-2024-03526,2024-09-16,22:17,Punjab,Gujranwala,Residential,32.3644,73.9342,Cloudy,373,34.4,5.3,Unlit,Dry,Asphalt,4,50,Straight,Flat,Painted,No,1,Bus,6.5,No,29,No,Yes,No,Unknown,90,Swerving,Signal Violation,Rear-end,Front,2,317,Peak,12.0,20.1,0,1,3,Minor,Medium
PK-2024-03527,2024-02-15,01:39,Sindh,Sukkur,Urban,25.4376,69.4312,Clear,276,49.6,1.9,Tunnel,Dry,Asphalt,2,50,Straight,Uphill,Physical,Yes,5,Car;Motorcycle;Car;Bicycle;Bus,6.4,No,35,Yes,Yes,No,No,45,Braking,Wrong Side,Rear-end,Roof,1,586,Off-peak,1.5,6.2,0,0,2,None,Low
PK-2024-03528,2024-05-05,12:27,Sindh,Hyderabad,Rural,24.5864,66.7824,Clear,622,23.5,7.2,Street-lit,Potholed,Asphalt,1,40,Sharp,Uphill,None,Yes,2,Bus;Motorcycle,10.2,No,41,Yes,Yes,No,No,40,None,Signal Violation,Head-on,Rear,1,147,Off-peak,0.7,8.4,0,0,0,None,Low
PK-2024-03529,2024-12-07,07:06,Sindh,Larkana,Urban,26.6184,67.0614,Clear,348,50.0,5.8,Unlit,Potholed,Dirt,2,30,Gentle,Flat,Physical,No,2,Car;Truck,15.5,No,32,No,Not Applicable,No,No,70,None,Speeding,Fixed-object,Front,1,473,Off-peak,10.1,15.3,0,2,2,Severe,High
PK-2024-03530,2024-07-25,21:22,Punjab,Gujranwala,Highway,30.3089,74.0395,Fog,641,31.8,11.5,Daylight,Dry,Asphalt,4,110,Sharp,Flat,Painted,Yes,4,Car;Motorcycle;Motorcycle;Car,6.1,No,16,Yes,Yes,No,No,125,Braking,Weather,Rollover,Rear,2,124,Peak,8.3,14.9,1,4,3,Severe,Critical