incident_id,date,time,province,district,road_type,latitude,longitude,weather,visibility_meters,temperature_c,wind_speed_kmh,lighting,road_condition,surface_material,number_of_lanes,speed_limit_kmh,road_curvature,road_gradient,median_type,shoulder_available,num_vehicles,vehicle_types,vehicle_avg_age_years,overloading_detected,driver_age,helmet_usage,seatbelt_usage,mobile_phone_suspected,alcohol_drug_suspected,speed_at_impact_kmh,evasive_action,accident_cause,collision_type,impact_point,num_collisions,traffic_volume_per_hour,peak_off_peak,distance_to_hospital_km,expected_response_min,fatalities,serious_injuries,minor_injuries,property_damage_level,severity
PK-2024-03678,2024-12-03,06:07,Punjab,Lahore,Rural,30.5387,74.6003,Cloudy,169,33.1,31.4,Daylight,Dry,Asphalt,2,50,Straight,Flat,Painted,No,1,Motorcycle,5.8,No,34,No,Yes,No,No,50,Swerving,Speeding,Side-swipe,Roof,1,701,Peak,18.3,26.2,0,0,1,Minor,Low
PK-2024-03679,2024-10-14,07:58,Punjab,Rawalpindi,Urban,29.6158,74.3783,Fog,20,33.8,12.2,Unlit,Wet,Gravel,3,50,Gentle,Downhill,None,No,3,Motorcycle;Car;Car,17.8,No,25,Yes,Yes,No,No,70,None,Weather,Side-swipe,Side,2,1554,Off-peak,64.0,84.6,0,2,3,Moderate,High
PK-2024-03680,2024-01-11,04:35,Punjab,Multan,Rural,31.9643,72.3898,Fog,844,38.1,0.2,Tunnel,Dry,Concrete,4,120,Straight,Flat,Physical,Yes,1,Car,12.2,No,31,Yes,Not Applicable,No,No,135,Braking,Wrong Side,Rear-end,Front,1,541,Off-peak,4.1,9.6,0,0,1,Minor,Low
PK-2024-03681,2024-11-16,11:30,Sindh,Hyderabad,Rural,26.9441,67.4402,Clear,335,33.8,17.1,Daylight,Dry,Asphalt,2,40,Sharp,Uphill,Painted,Yes,3,Auto-rickshaw;Motorcycle;Car,4.6,No,29,No,Partial,No,No,45,Swerving,Speeding,Fixed-object,Front,2,1816,Peak,16.7,25.2,0,0,1,None,Low
PK-2024-03682,2024-04-13,03:48,Sindh,Karachi,Urban,26.5679,67.4994,Cloudy,140,36.0,4.4,Daylight,Dry,Asphalt,3,100,Straight,Flat,Painted,No,4,Bus;Bicycle;Car;Motorcycle,5.5,No,30,No,Yes,No,No,105,None,Human Error,Pedestrian,Rear,1,746,Off-peak,10.1,20.8,0,0,3,Minor,Medium
PK-2024-03683,2024-02-27,01:29,Punjab,Rawalpindi,Urban,30.0024,72.084,Rain,22,24.7,3.9,Unlit,Potholed,Gravel,2,60,Straight,Flat,Painted,No,3,Car;Bus;Car,7.7,No,38,No,Not Applicable,No,No,65,Swerving,Animal Crossing,Fixed-object,Rear,1,594,Off-peak,14.4,19.5,0,0,2,Moderate,Medium
PK-2024-03684,2024-04-25,22:13,Balochistan,Turbat,Residential,28.9031,66.8541,Fog,803,42.3,7.0,Daylight,Muddy,Asphalt,2,80,Sharp,Flat,Physical,No,1,Bus,19.9,No,33,Yes,Yes,No,No,75,None,Wrong Side,Head-on,Front,2,87,Off-peak,14.2,20.1,0,2,3,Severe,High
PK-2024-03685,2024-02-19,04:06,Punjab,Sargodha,Rural,32.3424,72.9893,Heavy Rain,628,26.2,10.1,Street-lit,Wet,Gravel,6,60,Hairpin,Downhill,None,No,2,Motorcycle;Motorcycle,7.9,No,16,Yes,Yes,No,No,90,None,Signal Violation,Multi-vehicle pileup,Roof,1,171,Off-peak,2.2,9.4,2,2,1,Total,Critical
PK-2024-03686,2024-05-22,20:50,Punjab,Bahawalpur,Residential,30.4158,72.5903,Clear,123,38.8,35.1,Daylight,Icy,Asphalt,3,60,Straight,Flat,Painted,Yes,4,Truck;Truck;Car;Motorcycle,15.2,No,45,Partial,Partial,No,No,60,Braking,Wrong Side,Head-on,Rear,1,736,Peak,3.8,3.5,0,0,1,None,Low
PK-2024-03687,2024-12-03,00:48,Punjab,Lahore,Residential,31.4242,73.4724,Heavy Rain,225,30.8,3.3,Daylight,Dry,Asphalt,4,60,Gentle,Flat,Painted,No,3,Motorcycle;Bicycle;Motorcycle,12.7,Yes,45,Yes,No,No,No,75,Swerving,Speeding,Rear-end,Side,2,980,Off-peak,13.0,14.6,0,2,3,Severe,High
PK-2024-03688,2024-03-16,11:27,Balochistan,Khuzdar,Highway,29.0136,66.856,Haze,283,18.0,18.7,Tunnel,Potholed,Asphalt,2,50,Hairpin,Flat,Physical,No,2,Motorcycle;Bus,17.9,No,25,No,Not Applicable,No,No,55,None,Mechanical Failure,Head-on,Front,1,1684,Peak,0.7,10.8,1,2,3,Moderate,High
PK-2024-03689,2024-02-18,22:20,Islamabad,Islamabad,Highway,34.8576,71.863,Heavy Rain,1024,19.7,27.3,Street-lit,Wet,Concrete,2,60,Gentle,Flat,Painted,No,2,Motorcycle;Motorcycle,12.0,No,21,No,Not Applicable,No,No,65,Braking,Speeding,Head-on,Front,1,1085,Peak,4.4,7.3,0,3,2,Moderate,High
PK-2024-03690,2024-03-02,12:27,Punjab,Multan,Urban,31.7656,74.8242,Fog,189,26.3,42.8,Dawn-Dusk,Wet,Asphalt,3,110,Straight,Flat,Physical,No,2,Bicycle;Truck,9.0,No,34,No,Yes,Yes,No,115,None,Human Error,Pedestrian,Rear,1,140,Peak,1.5,3.0,3,4,2,Severe,Critical
PK-2024-03691,2024-10-19,13:03,KPK,Dera Ismail Khan,Rural,33.161,71.6775,Rain,35,35.2,33.3,Unlit,Construction,Gravel,2,80,Straight,Uphill,Physical,Yes,3,Bicycle;Truck;Motorcycle,15.9,No,52,No,Yes,Yes,No,85,None,Signal Violation,Rear-end,Front,1,1527,Peak,5.0,8.8,2,2,3,Severe,Critical
PK-2024-03692,2024-06-09,13:50,Balochistan,Turbat,Rural,29.046,65.0425,Clear,201,20.0,17.9,Street-lit,Construction,Gravel,2,60,Gentle,Flat,Physical,Yes,2,Motorcycle;Motorcycle,9.1,Yes,28,Yes,Not Applicable,No,No,70,Braking,Speeding,Head-on,Front,1,477,Off-peak,0.5,4.9,0,2,2,Severe,High
PK-2024-03693,2024-01-08,21:09,Punjab,Bahawalpur,Urban,30.644,73.0294,Fog,345,18.6,5.9,Street-lit,Wet,Concrete,2,30,Sharp,Downhill,Painted,Yes,4,Truck;Bus;Auto-rickshaw;Car,9.9,No,33,Partial,No,No,No,40,Swerving,Wrong Side,Head-on,Rear,3,278,Off-peak,16.8,29.0,0,1,4,Severe,High
PK-2024-03694,2024-03-19,10:38,Sindh,Nawabshah,Urban,25.4715,67.1827,Haze,164,31.3,1.7,Street-lit,Potholed,Asphalt,4,60,Straight,Uphill,Painted,Yes,2,Truck;Auto-rickshaw,11.8,No,42,Yes,Yes,No,No,65,Braking,Wrong Side,Rollover,Side,2,1697,Peak,7.6,13.3,0,0,1,Minor,Medium
PK-2024-03695,2024-04-28,08:10,Punjab,Faisalabad,Highway,30.7684,73.6056,Haze,220,20.0,1.2,Tunnel,Dry,Asphalt,3,110,Straight,Flat,Physical,No,2,Motorcycle;Truck,7.4,No,31,Partial,Yes,No,No,120,Braking,Wrong Side,Head-on,Side,2,1182,Off-peak,14.9,19.9,0,3,4,Moderate,High
PK-2024-03696,2024-09-12,16:39,KPK,Abbottabad,Residential,33.505,72.1425,Clear,606,35.7,23.7,Unlit,Dry,Asphalt,3,110,Gentle,Flat,Physical,No,1,Motorcycle,11.8,No,16,No,Yes,No,No,110,Braking,Mechanical Failure,Side-swipe,Side,1,1446,Off-peak,39.5,55.3,0,0,3,Moderate,Medium
PK-2024-03697,2024-02-27,19:00,KPK,Swat,Residential,34.7825,71.154,Heavy Rain,347,21.6,4.1,Street-lit,Dry,Concrete,3,110,Straight,Downhill,None,No,4,Motorcycle;Motorcycle;Car;Auto-rickshaw,17.1,No,67,Yes,Not Applicable,No,No,105,None,Speeding,Head-on,Side,2,1140,Peak,9.2,16.0,3,4,1,Total,Critical
PK-2024-03698,2024-07-11,19:25,Punjab,Bahawalpur,Urban,31.8603,74.5508,Fog,20,24.7,3.0,Street-lit,Wet,Concrete,2,40,Sharp,Downhill,Painted,No,2,Auto-rickshaw;Motorcycle,3.8,No,30,No,Yes,No,No,50,Braking,Mechanical Failure,Rollover,Front,1,1977,Peak,6.1,14.8,0,1,4,Moderate,High
PK-2024-03699,2024-05-07,21:48,KPK,Dera Ismail Khan,Urban,34.8545,71.468,Clear,101,25.3,7.6,Daylight,Dry,Dirt,6,60,Sharp,Downhill,Painted,Yes,3,Car;Auto-rickshaw;Car,2.4,No,50,Yes,No,No,No,75,None,Speeding,Rollover,Side,1,308,Peak,0.5,4.3,0,1,3,Moderate,Medium
PK-2024-03700,2024-06-18,14:47,Sindh,Sukkur,Urban,26.707,69.1337,Cloudy,186,42.5,13.0,Unlit,Potholed,Asphalt,2,50,Sharp,Flat,None,No,2,Auto-rickshaw;Car,2.7,No,32,Yes,Partial,No,No,65,None,Mobile Phone,Rollover,Front,1,231,Off-peak,10.3,20.2,0,1,3,Severe,High
PK-2024-03701,2024-12-09,10:39,Islamabad,Islamabad,Urban,34.4482,74.2236,Rain,394,41.5,17.0,Unlit,Potholed,Asphalt,2,50,Gentle,Flat,Painted,Yes,2,Motorcycle;Car,5.7,No,16,Yes,No,No,No,60,None,Mechanical Failure,Head-on,Front,1,229,Peak,1.5,10.2,3,4,1,Severe,Critical
PK-2024-03702,2024-08-04,15:53,KPK,Peshawar,Highway,34.6962,70.9835,Clear,20,24.7,5.8,Unlit,Dry,Concrete,2,40,Sharp,Flat,None,Yes,2,Truck;Motorcycle,6.7,No,40,No,Yes,No,Unknown,45,Swerving,Weather,Pedestrian,Rear,1,581,Peak,3.2,7.4,0,1,2,Moderate,Medium
PK-2024-03703,2024-05-09,03:24,Balochistan,Turbat,Residential,30.1265,65.4033,Cloudy,38,32.7,21.2,Tunnel,Wet,Asphalt,1,100,Straight,Flat,Painted,Yes,2,Bicycle;Car,7.8,No,54,Partial,Yes,No,No,110,Swerving,Speeding,Rear-end,Front,2,988,Peak,19.8,28.0,0,1,4,Severe,High
PK-2024-03704,2024-01-28,08:43,Sindh,Sukkur,Rural,24.103,68.2036,Cloudy,1055,24.1,16.4,Street-lit,Dry,Asphalt,2,120,Gentle,Flat,None,No,5,Car;Motorcycle;Truck;Car;Auto-rickshaw,9.4,No,64,No,No,No,Unknown,120,None,Human Error,Rear-end,Front,1,1215,Peak,22.2,34.8,0,2,2,Moderate,High
PK-2024-03705,2024-01-15,10:19,Punjab,Gujranwala,Highway,32.4288,74.5478,Haze,135,39.3,19.3,Daylight,Dry,Dirt,6,30,Straight,Flat,Physical,Yes,3,Motorcycle;Motorcycle;Motorcycle,10.9,Yes,34,Yes,No,No,No,30,Braking,Speeding,Rear-end,Front,1,1402,Peak,2.4,9.3,0,0,2,None,Low
PK-2024-03706,2024-06-08,19:36,Punjab,Gujranwala,Urban,32.2088,72.5602,Dust Storm,64,25.0,0.3,Unlit,Wet,Asphalt,3,60,Hairpin,Uphill,Painted,Yes,2,Motorcycle;Car,16.9,No,30,Yes,No,No,No,90,Braking,Human Error,Head-on,Front,1,130,Peak,0.7,5.1,3,3,1,Total,Critical
PK-2024-03707,2024-03-09,02:42,Balochistan,Gwadar,Rural,29.391,66.0831,Heavy Rain,358,33.7,1.4,Dawn-Dusk,Dry,Asphalt,2,100,Straight,Uphill,Painted,Yes,2,Car;Bus,5.7,No,28,Yes,No,No,No,120,Braking,Speeding,Head-on,Front,1,225,Peak,36.9,48.1,3,2,2,Total,Critical
PK-2024-03708,2024-09-26,17:08,KPK,Swat,Rural,33.6611,70.2809,Haze,531,31.6,8.4,Daylight,Muddy,Dirt,2,40,Gentle,Uphill,None,No,2,Car;Motorcycle,13.5,No,35,No,No,No,No,55,Swerving,Drunk Driving,Side-swipe,Front,1,1461,Peak,17.1,27.1,0,1,2,Moderate,Medium
PK-2024-03709,2024-01-11,19:12,Sindh,Hyderabad,Rural,26.8124,69.0582,Rain,415,22.0,7.6,Daylight,Muddy,Asphalt,2,30,Gentle,Downhill,None,No,3,Motorcycle;Motorcycle;Motorcycle,14.2,No,42,Partial,Yes,No,No,35,Braking,Animal Crossing,Head-on,Front,1,62,Off-peak,14.3,19.2,0,0,0,Minor,Low
PK-2024-03710,2024-06-14,02:30,Punjab,Multan,Rural,31.0729,73.4697,Heavy Rain,1498,37.8,15.8,Dawn-Dusk,Muddy,Concrete,4,30,Straight,Downhill,None,Yes,2,Motorcycle;Car,14.5,Yes,16,No,Yes,No,No,70,Swerving,Signal Violation,Head-on,Rear,1,664,Peak,17.2,21.2,2,4,2,Severe,Critical
PK-2024-03711,2024-07-05,02:32,Punjab,Sargodha,Urban,30.5229,73.0455,Rain,485,42.7,22.9,Street-lit,Wet,Asphalt,4,80,Straight,Flat,Painted,No,2,Truck;Truck,18.8,Yes,40,Yes,Yes,No,No,120,None,Wrong Side,Rear-end,Side,3,196,Peak,18.1,23.1,1,2,1,Total,Critical
PK-2024-03712,2024-12-28,21:38,Sindh,Sukkur,Highway,25.6154,66.7262,Fog,108,15.3,19.2,Daylight,Dry,Concrete,2,100,Gentle,Uphill,Physical,Yes,2,Auto-rickshaw;Motorcycle,15.5,No,36,No,Yes,No,No,120,None,Animal Crossing,Fixed-object,Front,1,1267,Off-peak,66.7,85.1,2,3,1,Severe,Critical
PK-2024-03713,2024-05-16,06:41,Islamabad,Islamabad,Rural,34.7419,73.5019,Clear,245,20.9,19.0,Unlit,Construction,Asphalt,6,30,Straight,Flat,None,Yes,4,Motorcycle;Car;Car;Bus,2.4,No,45,Partial,Yes,Yes,Unknown,25,Braking,Wrong Side,Multi-vehicle pileup,Front,1,617,Off-peak,3.9,9.8,0,0,1,Minor,Low
PK-2024-03714,2024-05-02,19:16,Sindh,Sukkur,Rural,26.4061,67.1377,Dust Storm,825,24.0,3.6,Daylight,Icy,Concrete,4,40,Straight,Uphill,Painted,No,2,Bus;Motorcycle,4.0,No,16,No,No,No,No,40,None,Human Error,Multi-vehicle pileup,Front,3,950,Peak,1.0,7.0,1,2,2,Total,Critical
PK-2024-03715,2024-01-13,18:32,Punjab,Bahawalpur,Highway,32.1949,72.5499,Clear,245,22.9,3.9,Street-lit,Dry,Dirt,1,40,Straight,Downhill,Painted,No,3,Truck;Auto-rickshaw;Truck,15.2,No,37,Yes,Yes,No,No,45,Swerving,Drunk Driving,Rear-end,Side,2,1785,Peak,5.0,12.8,0,0,1,Minor,Low
PK-2024-03716,2024-07-20,14:07,Punjab,Gujranwala,Highway,31.5801,73.4272,Clear,248,30.5,1.4,Street-lit,Flooding,Asphalt,2,30,Straight,Downhill,None,Yes,3,Motorcycle;Truck;Motorcycle,16.6,No,38,Yes,Not Applicable,No,No,35,Swerving,Weather,Side-swipe,Rear,1,1096,Peak,18.5,30.6,0,0,0,Minor,Low
PK-2024-03717,2024-01-06,11:12,Punjab,Sialkot,Residential,30.2096,72.2873,Haze,833,16.2,10.0,Daylight,Potholed,Asphalt,1,30,Sharp,Flat,Painted,No,3,Motorcycle;Bus;Auto-rickshaw,13.5,No,39,Yes,Not Applicable,No,No,45,Swerving,Human Error,Fixed-object,Front,3,1428,Off-peak,6.0,13.2,0,0,1,None,Low
PK-2024-03718,2024-11-08,10:27,KPK,Mardan,Urban,32.8872,72.4607,Dust Storm,152,27.7,15.8,Tunnel,Dry,Asphalt,3,100,Straight,Uphill,Physical,Yes,2,Motorcycle;Auto-rickshaw,4.8,No,22,Yes,Yes,No,No,130,Braking,Mobile Phone,Head-on,Front,2,658,Off-peak,29.2,40.9,2,3,3,Total,Critical
PK-2024-03719,2024-09-25,07:38,Punjab,Bahawalpur,Highway,31.6405,72.8226,Cloudy,43,33.1,38.6,Street-lit,Muddy,Asphalt,2,80,Sharp,Downhill,Painted,Yes,2,Car;Truck,5.4,Yes,18,No,Not Applicable,No,No,85,Swerving,Overloading,Multi-vehicle pileup,Roof,1,318,Off-peak,5.8,12.0,1,3,1,Total,Critical
PK-2024-03720,2024-11-26,14:23,Punjab,Rawalpindi,Urban,29.7787,74.9995,Dust Storm,847,28.6,18.3,Street-lit,Potholed,Dirt,2,40,Straight,Uphill,None,Yes,4,Motorcycle;Car;Auto-rickshaw;Truck,7.7,Yes,17,No,Yes,No,No,50,Braking,Overloading,Rear-end,Rear,3,353,Off-peak,33.4,44.9,2,3,3,Total,Critical
PK-2024-03721,2024-06-07,19:05,Punjab,Multan,Urban,31.9676,72.7377,Dust Storm,80,30.6,21.3,Unlit,Dry,Asphalt,4,80,Gentle,Uphill,Painted,No,4,Motorcycle;Bicycle;Motorcycle;Car,16.9,No,52,No,No,No,Unknown,95,None,Animal Crossing,Head-on,Rear,1,188,Peak,14.5,26.1,2,2,2,Total,Critical
PK-2024-03722,2024-09-13,02:35,Punjab,Sialkot,Highway,29.9523,74.9145,Cloudy,44,13.2,27.3,Daylight,Wet,Gravel,2,60,Straight,Uphill,Painted,No,3,Motorcycle;Motorcycle;Motorcycle,5.6,Yes,36,No,Partial,No,No,60,None,Mobile Phone,Side-swipe,Side,2,1154,Peak,19.5,26.2,0,2,1,Minor,Medium
PK-2024-03723,2024-08-09,19:19,Islamabad,Islamabad,Rural,35.1578,73.2791,Clear,1041,38.6,34.1,Daylight,Wet,Asphalt,1,40,Straight,Flat,Painted,No,2,Car;Truck,17.8,No,45,Partial,Partial,No,Unknown,55,Braking,Human Error,Rear-end,Side,2,397,Peak,0.5,5.0,0,0,1,None,Low
PK-2024-03724,2024-05-19,23:19,Punjab,Sargodha,Urban,31.6504,74.0907,Clear,32,9.2,6.2,Dawn-Dusk,Wet,Asphalt,4,30,Straight,Flat,Painted,No,2,Car;Auto-rickshaw,2.1,Yes,47,No,No,Yes,No,35,Swerving,Speeding,Rear-end,Front,1,1269,Off-peak,3.9,12.9,0,0,2,Minor,Low
PK-2024-03725,2024-11-23,13:52,Punjab,Lahore,Rural,29.6099,72.9146,Clear,62,27.6,33.5,Unlit,Construction,Asphalt,2,50,Gentle,Flat,None,Yes,4,Auto-rickshaw;Car;Bus;Car,15.8,No,24,Partial,No,No,No,50,None,Speeding,Rear-end,Rear,3,1326,Off-peak,10.3,19.4,0,2,2,Moderate,High
PK-2024-03726,2024-07-17,02:57,KPK,Abbottabad,Rural,32.3743,70.2513,Dust Storm,172,32.2,6.8,Daylight,Dry,Asphalt,2,40,Straight,Downhill,Painted,Yes,2,Motorcycle;Car,17.5,No,44,Yes,No,No,No,45,Braking,Speeding,Rear-end,Rear,2,1725,Peak,7.8,14.4,0,0,1,Minor,Low
PK-2024-03727,2024-06-25,20:02,KPK,Mardan,Residential,34.6804,71.5477,Heavy Rain,158,25.5,24.7,Street-lit,Muddy,Concrete,2,40,Gentle,Flat,None,No,1,Auto-rickshaw,10.2,No,39,Yes,No,No,No,60,Braking,Mobile Phone,Rear-end,Front,2,1879,Off-peak,18.1,26.0,0,2,1,Minor,Medium
PK-2024-03728,2024-03-26,03:52,Islamabad,Islamabad,Residential,32.6132,71.8196,Rain,484,34.4,10.6,Daylight,Dry,Dirt,2,100,Straight,Uphill,None,No,3,Bus;Motorcycle;Auto-rickshaw,12.9,No,17,Yes,Yes,No,No,115,Swerving,Animal Crossing,Rear-end,Side,2,1651,Off-peak,17.4,19.3,0,1,1,Minor,Medium
PK-2024-03729,2024-05-05,08:27,Sindh,Sukkur,Urban,25.0434,69.4665,Heavy Rain,314,25.3,9.4,Unlit,Wet,Gravel,2,50,Straight,Flat,Physical,Yes,2,Car;Car,12.3,Yes,42,No,Not Applicable,No,No,50,Braking,Mobile Phone,Pedestrian,Side,1,402,Peak,31.7,43.7,0,2,1,Moderate,Medium
PK-2024-03730,2024-04-02,22:06,Sindh,Hyderabad,Rural,26.5347,66.7692,Clear,766,14.3,1.8,Daylight,Icy,Concrete,2,30,Gentle,Uphill,None,Yes,3,Bus;Motorcycle;Car,15.0,No,32,Yes,Not Applicable,No,No,30,Swerving,Mobile Phone,Rear-end,Rear,1,1647,Off-peak,44.8,59.1,0,0,1,None,Low
PK-2024-03731,2024-12-20,10:56,Islamabad,Islamabad,Urban,33.3612,74.0779,Cloudy,20,33.5,8.9,Dawn-Dusk,Muddy,Asphalt,1,30,Straight,Downhill,Painted,Yes,3,Motorcycle;Truck;Motorcycle,15.5,No,23,Partial,Yes,No,No,25,None,Weather,Rollover,Side,1,1844,Peak,0.8,5.9,0,0,2,Moderate,Medium
PK-2024-03732,2024-07-08,06:41,Punjab,Multan,Rural,29.8126,72.6857,Cloudy,734,28.6,22.1,Street-lit,Dry,Dirt,2,120,Straight,Flat,Painted,No,2,Truck;Truck,12.1,No,37,Partial,Yes,No,Unknown,150,Braking,Speeding,Side-swipe,Front,1,426,Off-peak,0.5,6.2,0,0,0,None,Low
PK-2024-03733,2024-12-23,10:56,Punjab,Faisalabad,Highway,31.1816,72.7651,Cloudy,1050,21.4,18.2,Street-lit,Dry,Asphalt,4,60,Straight,Flat,None,No,4,Car;Car;Car;Auto-rickshaw,6.8,No,38,Yes,Partial,No,Yes,75,Braking,Mechanical Failure,Rear-end,Side,1,282,Peak,0.5,5.6,0,0,1,None,Low
PK-2024-03734,2024-03-08,09:50,Islamabad,Islamabad,Urban,34.8773,73.3582,Fog,728,28.3,7.7,Daylight,Dry,Dirt,4,60,Gentle,Uphill,Painted,Yes,3,Motorcycle;Bicycle;Car,14.9,No,38,Yes,Not Applicable,No,No,80,None,Wrong Side,Multi-vehicle pileup,Roof,1,1172,Peak,25.2,35.7,0,1,2,Moderate,High
PK-2024-03735,2024-02-25,07:49,Sindh,Hyderabad,Residential,26.1528,68.466,Haze,209,29.1,1.4,Daylight,Dry,Asphalt,4,100,Gentle,Flat,Painted,No,2,Car;Truck,7.3,Yes,36,Yes,Yes,No,No,105,Braking,Wrong Side,Side-swipe,Front,3,117,Off-peak,30.4,42.1,0,1,2,Minor,Medium
PK-2024-03736,2024-10-16,18:18,Punjab,Sargodha,Highway,29.6935,74.3971,Fog,181,26.4,26.5,Daylight,Icy,Asphalt,1,100,Straight,Flat,Painted,No,2,Motorcycle;Motorcycle,13.8,No,35,No,Not Applicable,No,No,95,None,Weather,Fixed-object,Front,2,1766,Peak,0.5,7.7,2,3,3,Severe,Critical
PK-2024-03737,2024-08-10,22:46,Punjab,Sialkot,Urban,30.9941,73.7674,Rain,192,18.9,15.5,Street-lit,Muddy,Gravel,3,50,Straight,Flat,Painted,No,4,Bicycle;Car;Truck;Truck,6.4,No,29,No,Not Applicable,No,No,65,None,Overloading,Side-swipe,Front,2,1867,Off-peak,16.3,24.9,0,2,2,Severe,High
PK-2024-03738,2024-07-22,13:32,Punjab,Rawalpindi,Highway,31.7867,72.0942,Clear,338,24.3,10.2,Street-lit,Wet,Asphalt,3,50,Gentle,Downhill,Physical,Yes,3,Bus;Car;Truck,18.1,No,39,Partial,Yes,No,No,65,None,Mobile Phone,Rollover,Front,2,472,Off-peak,7.5,13.2,0,1,3,Moderate,Medium
PK-2024-03739,2024-06-06,13:49,Balochistan,Turbat,Highway,30.3347,67.0955,Rain,444,20.5,24.0,Daylight,Potholed,Asphalt,3,30,Gentle,Flat,None,Yes,2,Motorcycle;Car,12.7,No,27,Yes,Not Applicable,No,No,30,Swerving,Human Error,Rear-end,Front,2,1509,Peak,14.8,23.4,0,0,2,Minor,Low
PK-2024-03740,2024-05-09,16:01,KPK,Abbottabad,Residential,34.9019,72.1962,Clear,1500,39.3,14.8,Unlit,Wet,Asphalt,3,30,Straight,Downhill,None,Yes,2,Bus;Motorcycle,16.2,No,28,Yes,Yes,No,No,30,Braking,Animal Crossing,Fixed-object,Side,1,140,Peak,16.0,24.2,0,0,0,Minor,Low
PK-2024-03741,2024-12-11,20:11,Balochistan,Turbat,Rural,30.4145,66.2092,Fog,1479,44.3,8.4,Dawn-Dusk,Wet,Dirt,4,110,Gentle,Flat,Painted,No,3,Car;Car;Truck,5.8,Yes,42,Yes,Not Applicable,No,No,130,Braking,Wrong Side,Side-swipe,Rear,1,51,Peak,35.1,47.9,0,2,4,Severe,High
PK-2024-03742,2024-08-26,00:51,Punjab,Multan,Urban,31.7552,73.2247,Clear,382,14.1,1.3,Dawn-Dusk,Dry,Asphalt,6,60,Gentle,Downhill,None,Yes,2,Truck;Truck,18.5,No,23,Yes,Yes,No,No,75,Braking,Human Error,Rear-end,Rear,3,1117,Peak,28.1,33.1,0,0,1,Minor,Low
PK-2024-03743,2024-01-13,23:35,KPK,Abbottabad,Urban,34.5639,72.6933,Rain,162,21.9,17.5,Unlit,Construction,Concrete,2,110,Sharp,Downhill,None,Yes,2,Bus;Car,15.5,No,23,Partial,Yes,No,No,120,None,Speeding,Side-swipe,Front,1,1539,Peak,18.8,23.9,1,3,3,Total,Critical
PK-2024-03744,2024-01-05,06:42,Punjab,Sargodha,Rural,29.8761,74.5259,Cloudy,277,47.5,2.5,Street-lit,Wet,Concrete,4,30,Straight,Uphill,Physical,Yes,3,Truck;Car;Motorcycle,17.6,Yes,41,No,Not Applicable,No,No,40,None,Mobile Phone,Pedestrian,Front,2,417,Peak,2.1,8.8,0,0,1,Minor,Low
PK-2024-03745,2024-02-02,10:13,Punjab,Sialkot,Urban,30.3649,74.1108,Fog,199,41.5,6.0,Daylight,Wet,Dirt,4,30,Straight,Downhill,None,No,2,Motorcycle;Car,4.4,Yes,54,Partial,No,No,No,25,None,Animal Crossing,Side-swipe,Side,2,750,Off-peak,5.1,8.0,0,0,2,Minor,Low
PK-2024-03746,2024-12-19,12:53,Punjab,Multan,Urban,31.7482,72.1182,Clear,626,27.1,11.7,Unlit,Dry,Asphalt,4,50,Straight,Uphill,Physical,No,2,Motorcycle;Motorcycle,15.9,Yes,40,Yes,Yes,No,No,60,None,Speeding,Rollover,Front,3,651,Peak,22.2,29.3,0,0,2,Minor,Medium
PK-2024-03747,2024-04-26,11:51,Islamabad,Islamabad,Residential,34.7614,72.2104,Cloudy,1347,36.0,0.8,Daylight,Dry,Asphalt,2,110,Sharp,Flat,Physical,Yes,3,Bus;Car;Motorcycle,2.1,No,43,Yes,No,No,No,115,None,Signal Violation,Rear-end,Rear,1,182,Peak,24.3,42.3,0,1,1,Moderate,Medium
PK-2024-03748,2024-01-06,08:19,Balochistan,Khuzdar,Urban,30.2156,66.2468,Haze,36,30.6,26.1,Unlit,Flooding,Asphalt,1,100,Straight,Uphill,Painted,Yes,2,Motorcycle;Motorcycle,19.8,No,43,No,No,No,No,110,None,Mobile Phone,Side-swipe,Rear,1,92,Peak,3.9,6.4,1,3,3,Total,Critical
PK-2024-03749,2024-09-21,19:24,Punjab,Gujranwala,Highway,31.9374,74.4143,Cloudy,108,22.1,0.5,Daylight,Dry,Asphalt,2,120,Straight,Flat,Painted,Yes,2,Truck;Car,13.1,Yes,65,No,Yes,No,No,140,Braking,Mechanical Failure,Side-swipe,Side,1,936,Off-peak,12.3,19.1,0,0,1,Moderate,Medium
PK-2024-03750,2024-05-07,08:35,Punjab,Sargodha,Rural,30.3276,73.3712,Heavy Rain,415,24.2,23.2,Street-lit,Icy,Asphalt,2,80,Gentle,Flat,Physical,Yes,4,Motorcycle;Car;Motorcycle;Motorcycle,13.2,No,47,No,Yes,No,No,80,Braking,Animal Crossing,Multi-vehicle pileup,Side,2,1569,Off-peak,8.9,17.8,1,2,1,Total,Critical
PK-2024-03751,2024-01-09,03:54,KPK,Swat,Highway,34.9346,71.3682,Haze,167,38.9,9.0,Unlit,Icy,Gravel,2,100,Gentle,Uphill,Physical,No,3,Motorcycle;Truck;Car,10.8,No,42,Partial,No,No,Yes,105,None,Weather,Multi-vehicle pileup,Side,1,484,Peak,5.6,11.8,1,3,3,Total,Critical