incident_id,date,time,province,district,road_type,latitude,longitude,weather,visibility_meters,temperature_c,wind_speed_kmh,lighting,road_condition,surface_material,number_of_lanes,speed_limit_kmh,road_curvature,road_gradient,median_type,shoulder_available,num_vehicles,vehicle_types,vehicle_avg_age_years,overloading_detected,driver_age,helmet_usage,seatbelt_usage,mobile_phone_suspected,alcohol_drug_suspected,speed_at_impact_kmh,evasive_action,accident_cause,collision_type,impact_point,num_collisions,traffic_volume_per_hour,peak_off_peak,distance_to_hospital_km,expected_response_min,fatalities,serious_injuries,minor_injuries,property_damage_level,severity
PK-2024-03826,2024-03-05,07:11,Punjab,Gujranwala,Urban,29.8907,72.1969,Heavy Rain,149,40.4,6.8,Unlit,Muddy,Asphalt,4,80,Gentle,Uphill,Painted,Yes,1,Motorcycle,12.3,No,39,Yes,No,No,No,75,Swerving,Mobile Phone,Rear-end,Side,1,1233,Peak,10.4,18.0,3,3,2,Total,Critical
PK-2024-03827,2024-12-21,09:36,Punjab,Faisalabad,Residential,32.356,74.1165,Cloudy,20,25.1,1.6,Unlit,Icy,Gravel,2,80,Straight,Downhill,Physical,No,3,Car;Motorcycle;Motorcycle,8.0,No,35,No,No,No,Unknown,85,None,Speeding,Rear-end,Side,1,1223,Off-peak,3.5,9.7,0,2,3,Severe,High
PK-2024-03828,2024-10-07,13:21,Balochistan,Quetta,Residential,28.2808,65.9998,Cloudy,1500,34.3,15.8,Daylight,Wet,Asphalt,4,110,Gentle,Downhill,None,No,3,Bicycle;Motorcycle;Truck,18.1,No,41,Yes,Not Applicable,No,No,110,Braking,Human Error,Side-swipe,Front,2,486,Off-peak,42.3,55.0,0,0,1,Minor,Low
PK-2024-03829,2024-10-26,18:52,KPK,Dera Ismail Khan,Urban,32.6947,70.7395,Heavy Rain,129,34.7,14.8,Unlit,Icy,Gravel,2,60,Straight,Uphill,Painted,No,3,Motorcycle;Car;Motorcycle,6.9,No,34,No,Yes,No,No,75,Swerving,Overloading,Rear-end,Side,1,1947,Peak,5.6,10.5,2,3,3,Total,Critical
PK-2024-03830,2024-05-27,03:29,Punjab,Sargodha,Urban,31.4595,73.3279,Rain,368,35.0,10.6,Daylight,Dry,Asphalt,2,80,Gentle,Flat,Physical,No,1,Auto-rickshaw,10.3,No,38,No,No,No,No,80,None,Weather,Fixed-object,Roof,1,1860,Off-peak,16.1,25.6,0,2,3,Minor,Medium
PK-2024-03831,2024-08-26,05:43,Sindh,Nawabshah,Rural,25.0989,69.2037,Dust Storm,271,30.5,6.5,Dawn-Dusk,Wet,Asphalt,1,30,Straight,Downhill,Painted,No,2,Bus;Car,11.2,No,53,Yes,Partial,No,No,35,None,Speeding,Side-swipe,Front,1,1991,Peak,6.4,7.5,0,0,2,None,Low
PK-2024-03832,2024-10-07,00:41,KPK,Mardan,Rural,34.0198,72.2704,Clear,1500,11.8,6.5,Tunnel,Wet,Asphalt,2,40,Sharp,Downhill,Painted,No,3,Motorcycle;Car;Auto-rickshaw,9.6,No,50,No,Not Applicable,No,No,45,Braking,Wrong Side,Rear-end,Rear,3,1808,Off-peak,1.5,11.7,0,0,1,Minor,Low
PK-2024-03833,2024-02-22,06:32,Punjab,Rawalpindi,Rural,29.7531,73.2224,Rain,370,45.3,17.0,Tunnel,Wet,Asphalt,4,40,Gentle,Flat,Painted,Yes,3,Motorcycle;Truck;Auto-rickshaw,8.6,No,32,Partial,Not Applicable,No,Unknown,60,Swerving,Speeding,Head-on,Rear,1,263,Off-peak,3.4,10.6,0,0,2,Moderate,Medium
PK-2024-03834,2024-10-08,05:05,Sindh,Hyderabad,Residential,26.798,68.7033,Dust Storm,37,28.1,33.7,Dawn-Dusk,Dry,Asphalt,2,50,Straight,Downhill,Physical,No,3,Auto-rickshaw;Motorcycle;Motorcycle,12.4,No,25,Yes,Partial,No,No,70,Braking,Signal Violation,Side-swipe,Side,1,70,Off-peak,16.2,25.3,0,3,2,Severe,High
PK-2024-03835,2024-06-26,16:01,Balochistan,Khuzdar,Urban,28.4577,65.4308,Clear,542,29.7,5.1,Unlit,Dry,Asphalt,2,80,Gentle,Flat,None,Yes,4,Car;Motorcycle;Car;Truck,4.9,No,25,Yes,No,No,No,85,None,Overloading,Fixed-object,Front,2,539,Off-peak,5.3,17.0,0,2,2,Minor,Medium
PK-2024-03836,2024-12-09,02:07,Punjab,Multan,Highway,32.2804,73.1644,Heavy Rain,20,25.3,0.5,Street-lit,Dry,Asphalt,2,80,Gentle,Downhill,None,No,3,Car;Motorcycle;Car,5.0,No,52,Yes,Yes,No,No,80,Swerving,Human Error,Head-on,Rear,1,1092,Peak,3.4,13.6,0,2,2,Severe,High
PK-2024-03837,2024-09-21,10:17,Sindh,Nawabshah,Rural,26.8522,66.5488,Haze,175,34.9,2.6,Daylight,Wet,Asphalt,2,50,Sharp,Uphill,Painted,No,2,Motorcycle;Motorcycle,7.9,No,37,No,Not Applicable,No,No,65,Braking,Human Error,Head-on,Rear,3,507,Off-peak,6.6,9.3,0,1,1,Moderate,Medium
PK-2024-03838,2024-12-08,23:26,KPK,Peshawar,Highway,34.7421,70.2789,Rain,464,28.3,6.3,Tunnel,Potholed,Asphalt,2,40,Straight,Flat,Painted,Yes,3,Car;Motorcycle;Car,11.4,No,27,No,No,No,No,40,None,Signal Violation,Rear-end,Side,1,845,Peak,4.8,8.4,0,0,2,Moderate,Medium
PK-2024-03839,2024-02-06,08:20,Punjab,Gujranwala,Rural,31.519,73.7721,Rain,86,31.3,10.4,Tunnel,Dry,Asphalt,2,60,Gentle,Downhill,Painted,Yes,2,Motorcycle;Motorcycle,4.1,No,37,Yes,Yes,No,No,50,None,Mobile Phone,Head-on,Rear,1,681,Peak,22.1,25.9,0,0,2,Minor,Medium
PK-2024-03840,2024-11-16,21:57,Balochistan,Turbat,Rural,28.3197,67.4972,Cloudy,357,35.5,16.4,Unlit,Muddy,Concrete,4,50,Sharp,Uphill,Physical,No,4,Car;Motorcycle;Motorcycle;Auto-rickshaw,19.9,Yes,27,Yes,No,No,No,45,Braking,Speeding,Head-on,Rear,2,350,Off-peak,5.6,13.3,1,4,1,Total,Critical
PK-2024-03841,2024-11-05,14:19,Punjab,Gujranwala,Urban,30.7373,73.3122,Dust Storm,496,26.5,29.5,Daylight,Wet,Concrete,4,50,Gentle,Uphill,Physical,Yes,2,Motorcycle;Bus,3.1,No,16,Yes,No,No,No,55,None,Speeding,Rollover,Front,2,1709,Off-peak,26.4,39.6,3,2,1,Total,Critical
PK-2024-03842,2024-10-16,05:54,Punjab,Multan,Rural,30.1319,74.4399,Dust Storm,907,20.7,7.1,Daylight,Flooding,Asphalt,2,80,Straight,Flat,Physical,Yes,5,Car;Motorcycle;Bus;Motorcycle;Motorcycle,11.7,No,45,Yes,Partial,No,No,85,None,Overloading,Head-on,Front,1,438,Off-peak,2.8,7.6,1,3,1,Total,Critical
PK-2024-03843,2024-01-07,00:23,Sindh,Hyderabad,Highway,26.3304,68.4137,Rain,92,45.2,22.0,Street-lit,Dry,Asphalt,4,100,Gentle,Flat,Painted,Yes,4,Truck;Bicycle;Bus;Car,3.0,No,31,Yes,Not Applicable,No,No,140,Swerving,Animal Crossing,Fixed-object,Rear,1,1072,Off-peak,2.1,4.6,2,2,2,Total,Critical
PK-2024-03844,2024-10-22,12:03,Sindh,Karachi,Urban,26.8784,66.9732,Cloudy,82,16.8,16.1,Unlit,Wet,Asphalt,3,100,Straight,Downhill,Painted,Yes,2,Motorcycle;Truck,11.1,No,45,No,Yes,No,No,95,None,Weather,Side-swipe,Side,1,345,Off-peak,7.8,19.8,0,1,2,Severe,High
PK-2024-03845,2024-05-18,20:31,Punjab,Sialkot,Rural,31.9433,73.3661,Haze,69,37.3,3.1,Tunnel,Dry,Asphalt,4,50,Straight,Downhill,None,Yes,3,Bus;Car;Car,18.7,No,41,Partial,Not Applicable,No,No,45,Braking,Signal Violation,Side-swipe,Side,1,970,Peak,0.5,3.0,0,0,0,Minor,Low
PK-2024-03846,2024-09-01,06:53,Sindh,Nawabshah,Residential,25.1745,67.6656,Heavy Rain,44,50.0,21.2,Dawn-Dusk,Flooding,Asphalt,2,60,Straight,Flat,Painted,No,3,Motorcycle;Motorcycle;Auto-rickshaw,10.1,Yes,43,No,No,No,No,80,Swerving,Mechanical Failure,Rollover,Front,1,1639,Peak,15.4,21.9,1,4,2,Total,Critical
PK-2024-03847,2024-06-05,12:23,Balochistan,Gwadar,Highway,28.6444,67.2755,Rain,1051,44.5,22.5,Street-lit,Dry,Asphalt,3,60,Gentle,Downhill,Physical,No,3,Motorcycle;Car;Truck,7.6,No,46,Partial,No,No,No,75,Swerving,Human Error,Fixed-object,Front,3,1791,Off-peak,1.9,4.9,0,0,2,Moderate,Medium
PK-2024-03848,2024-10-15,06:57,KPK,Dera Ismail Khan,Residential,33.2154,71.4629,Clear,302,30.3,21.4,Tunnel,Dry,Asphalt,6,60,Sharp,Flat,Physical,Yes,3,Auto-rickshaw;Bus;Truck,11.7,No,23,Partial,Yes,No,No,65,None,Drunk Driving,Side-swipe,Side,1,696,Off-peak,2.4,3.0,0,0,2,None,Low
PK-2024-03849,2024-06-17,14:40,Sindh,Sukkur,Urban,26.667,66.677,Clear,371,29.4,10.9,Tunnel,Dry,Asphalt,1,30,Straight,Uphill,None,Yes,2,Motorcycle;Auto-rickshaw,15.1,No,48,No,Yes,No,No,35,None,Weather,Pedestrian,Side,1,1650,Off-peak,9.1,17.1,0,0,2,Minor,Low
PK-2024-03850,2024-05-10,07:03,Balochistan,Gwadar,Rural,28.5419,67.3901,Dust Storm,476,39.9,7.1,Street-lit,Dry,Asphalt,4,50,Gentle,Flat,Physical,Yes,2,Bus;Motorcycle,19.4,No,29,No,No,No,No,70,Swerving,Overloading,Rear-end,Rear,1,784,Off-peak,7.0,14.9,0,2,3,Severe,High
PK-2024-03851,2024-05-22,08:46,Sindh,Larkana,Highway,24.4264,68.6115,Cloudy,20,17.7,1.2,Daylight,Flooding,Asphalt,4,50,Gentle,Flat,Physical,No,2,Car;Motorcycle,4.4,No,35,Yes,Yes,No,No,40,None,Signal Violation,Multi-vehicle pileup,Roof,1,764,Peak,2.6,6.9,1,1,3,Moderate,High
PK-2024-03852,2024-03-18,01:59,Punjab,Rawalpindi,Highway,30.2984,73.5935,Haze,236,25.1,20.4,Tunnel,Dry,Dirt,1,40,Straight,Flat,Physical,No,2,Motorcycle;Motorcycle,15.7,Yes,22,Yes,Yes,No,No,40,Braking,Speeding,Fixed-object,Roof,1,283,Off-peak,16.4,20.1,0,0,1,Minor,Low
PK-2024-03853,2024-02-17,11:07,Balochistan,Turbat,Urban,29.0035,66.422,Rain,204,17.4,18.0,Unlit,Dry,Gravel,2,60,Straight,Flat,Physical,Yes,2,Bus;Car,17.2,No,40,Yes,Yes,No,Unknown,60,None,Mobile Phone,Side-swipe,Front,2,904,Off-peak,25.6,37.4,0,0,1,Minor,Low
PK-2024-03854,2024-05-10,08:50,Islamabad,Islamabad,Highway,34.7729,73.2906,Heavy Rain,328,46.9,14.1,Unlit,Icy,Asphalt,4,50,Gentle,Uphill,Physical,Yes,2,Car;Bus,4.0,No,54,No,No,No,No,65,Braking,Wrong Side,Rear-end,Front,1,1641,Off-peak,15.7,21.4,0,2,3,Severe,High
PK-2024-03855,2024-08-18,22:38,Islamabad,Islamabad,Highway,33.9223,71.916,Dust Storm,690,24.3,17.2,Daylight,Construction,Dirt,3,60,Straight,Uphill,Painted,No,3,Motorcycle;Car;Motorcycle,17.1,No,49,Yes,Not Applicable,No,No,90,Swerving,Weather,Head-on,Roof,2,1786,Off-peak,0.5,8.2,3,2,1,Total,Critical
PK-2024-03856,2024-01-02,10:25,Punjab,Lahore,Rural,30.1919,74.7922,Cloudy,290,27.9,11.5,Street-lit,Wet,Gravel,2,40,Gentle,Flat,Physical,Yes,2,Car;Motorcycle,9.0,No,31,No,Not Applicable,Yes,Unknown,45,None,Overloading,Rear-end,Side,1,1941,Off-peak,3.1,13.3,0,0,1,None,Low
PK-2024-03857,2024-05-11,22:16,KPK,Dera Ismail Khan,Residential,34.3079,71.2992,Dust Storm,307,32.7,29.9,Daylight,Construction,Asphalt,4,80,Sharp,Flat,Physical,No,2,Bus;Car,15.2,No,47,No,No,No,No,110,None,Mechanical Failure,Rear-end,Side,1,316,Peak,25.8,33.8,2,4,1,Total,Critical
PK-2024-03858,2024-11-03,04:59,Punjab,Rawalpindi,Highway,29.745,73.0163,Clear,206,18.2,17.0,Daylight,Flooding,Concrete,3,60,Straight,Flat,Painted,Yes,1,Motorcycle,8.2,No,28,No,No,No,No,80,Braking,Signal Violation,Rear-end,Side,2,463,Off-peak,7.0,11.5,0,3,4,Severe,High
PK-2024-03859,2024-09-26,13:38,Punjab,Multan,Highway,31.9649,72.711,Fog,557,32.0,4.1,Dawn-Dusk,Wet,Asphalt,2,60,Straight,Flat,Physical,Yes,2,Car;Motorcycle,4.5,No,38,Partial,Yes,No,No,70,Swerving,Human Error,Head-on,Front,1,1500,Peak,8.9,11.7,0,1,1,Moderate,Medium
PK-2024-03860,2024-10-17,01:24,Balochistan,Turbat,Urban,30.2308,66.3396,Clear,20,33.0,15.6,Unlit,Flooding,Asphalt,2,110,Gentle,Uphill,Physical,No,2,Bicycle;Truck,18.3,No,29,Yes,No,No,No,120,Swerving,Overloading,Fixed-object,Rear,2,1842,Off-peak,12.7,24.8,1,3,1,Total,Critical
PK-2024-03861,2024-10-12,09:07,Punjab,Gujranwala,Residential,31.8375,74.6476,Rain,343,41.7,4.2,Unlit,Dry,Asphalt,2,100,Straight,Flat,Painted,Yes,4,Motorcycle;Car;Motorcycle;Bus,10.8,No,46,No,No,No,Unknown,110,Swerving,Wrong Side,Rear-end,Rear,1,1607,Peak,14.0,20.5,1,2,2,Moderate,High
PK-2024-03862,2024-01-10,18:12,Sindh,Larkana,Residential,26.8647,68.6375,Dust Storm,286,33.1,0.3,Unlit,Wet,Gravel,2,40,Gentle,Uphill,None,Yes,3,Car;Motorcycle;Motorcycle,7.7,No,45,No,Yes,No,No,80,None,Signal Violation,Multi-vehicle pileup,Side,2,1221,Off-peak,5.4,8.7,3,2,2,Total,Critical
PK-2024-03863,2024-10-25,00:44,Punjab,Lahore,Rural,32.0782,74.6352,Rain,491,31.6,14.1,Daylight,Construction,Asphalt,2,50,Hairpin,Flat,None,Yes,1,Auto-rickshaw,2.2,No,33,No,Yes,No,No,70,Braking,Speeding,Side-swipe,Rear,1,1542,Peak,8.3,15.8,0,2,2,Minor,Medium
PK-2024-03864,2024-12-17,21:47,Islamabad,Islamabad,Rural,33.4884,71.7057,Fog,110,30.1,18.0,Dawn-Dusk,Dry,Asphalt,2,50,Sharp,Flat,None,Yes,4,Car;Motorcycle;Bus;Truck,16.1,Yes,18,Partial,Partial,No,Yes,90,Swerving,Mobile Phone,Side-swipe,Rear,1,1864,Peak,10.5,15.6,2,3,2,Severe,Critical
PK-2024-03865,2024-06-18,08:23,Punjab,Sialkot,Highway,30.0149,73.552,Clear,20,48.0,1.1,Daylight,Dry,Concrete,3,100,Sharp,Downhill,Physical,Yes,2,Bicycle;Motorcycle,3.1,No,30,No,Not Applicable,Yes,No,120,None,Human Error,Rear-end,Side,2,494,Off-peak,31.1,45.4,0,3,2,Moderate,High
PK-2024-03866,2024-05-01,12:35,Balochistan,Turbat,Rural,29.4784,66.386,Fog,359,19.7,17.9,Unlit,Wet,Concrete,3,110,Sharp,Flat,Painted,Yes,3,Motorcycle;Car;Truck,9.9,No,36,Yes,Yes,No,No,115,Swerving,Mechanical Failure,Rollover,Rear,2,1866,Peak,20.3,31.7,1,4,2,Total,Critical
PK-2024-03867,2024-06-13,15:42,Punjab,Sargodha,Urban,31.1722,73.0943,Clear,51,20.9,9.4,Daylight,Potholed,Concrete,2,50,Straight,Downhill,Painted,Yes,2,Auto-rickshaw;Motorcycle,19.9,No,41,Yes,No,No,No,60,None,Human Error,Head-on,Rear,1,1740,Off-peak,14.4,20.4,0,0,1,Moderate,Medium
PK-2024-03868,2024-09-18,00:49,Islamabad,Islamabad,Residential,32.924,74.1024,Cloudy,237,35.6,7.5,Street-lit,Wet,Concrete,2,60,Gentle,Uphill,Physical,No,2,Motorcycle;Car,3.6,No,40,No,Not Applicable,No,No,60,Braking,Signal Violation,Rear-end,Rear,2,1364,Peak,15.6,20.2,0,0,1,Minor,Low
PK-2024-03869,2024-01-10,10:41,Punjab,Lahore,Highway,29.7507,73.7774,Dust Storm,341,42.7,21.3,Dawn-Dusk,Dry,Asphalt,3,80,Hairpin,Uphill,Physical,Yes,4,Motorcycle;Motorcycle;Motorcycle;Motorcycle,16.4,No,32,Yes,Partial,No,Unknown,100,Swerving,Mobile Phone,Fixed-object,Side,2,522,Off-peak,3.6,7.9,1,4,1,Total,Critical
PK-2024-03870,2024-02-04,06:31,Islamabad,Islamabad,Urban,32.9541,73.4538,Rain,1437,26.1,18.0,Dawn-Dusk,Dry,Gravel,2,50,Gentle,Flat,None,No,3,Truck;Car;Motorcycle,17.7,No,42,No,Yes,No,No,65,None,Overloading,Rollover,Roof,1,687,Off-peak,7.8,19.1,0,1,3,Moderate,Medium
PK-2024-03871,2024-08-21,07:29,Punjab,Faisalabad,Residential,32.1199,72.7838,Cloudy,459,23.3,26.4,Street-lit,Muddy,Asphalt,4,50,Straight,Uphill,Painted,Yes,3,Car;Truck;Motorcycle,14.9,Yes,35,No,Yes,No,No,45,Braking,Human Error,Multi-vehicle pileup,Side,2,1107,Off-peak,1.8,3.6,0,1,2,Moderate,Medium
PK-2024-03872,2024-07-12,16:47,Punjab,Lahore,Rural,31.1094,72.4219,Clear,1198,38.5,8.7,Tunnel,Potholed,Concrete,4,100,Straight,Flat,Physical,No,3,Motorcycle;Motorcycle;Motorcycle,8.7,No,16,Partial,No,No,No,115,Braking,Animal Crossing,Rollover,Front,2,299,Off-peak,14.5,23.5,1,2,3,Total,Critical
PK-2024-03873,2024-09-07,11:04,Punjab,Sargodha,Highway,31.1406,74.9178,Rain,197,40.0,3.8,Daylight,Wet,Concrete,4,40,Sharp,Flat,None,Yes,3,Car;Car;Auto-rickshaw,19.2,No,17,No,Not Applicable,No,No,45,None,Speeding,Head-on,Side,1,1532,Off-peak,5.0,13.6,1,3,2,Severe,High
PK-2024-03874,2024-02-10,11:07,Punjab,Bahawalpur,Rural,29.5314,72.0785,Clear,659,30.1,11.4,Dawn-Dusk,Dry,Concrete,2,60,Straight,Flat,Physical,No,4,Motorcycle;Motorcycle;Bus;Motorcycle,11.7,Yes,45,Yes,Yes,No,No,60,Swerving,Wrong Side,Side-swipe,Side,2,993,Off-peak,3.1,10.0,0,0,1,Minor,Low
PK-2024-03875,2024-12-05,09:02,Punjab,Multan,Rural,31.6207,73.0148,Cloudy,93,29.5,0.3,Daylight,Flooding,Asphalt,4,110,Straight,Flat,Painted,Yes,3,Motorcycle;Motorcycle;Truck,7.1,Yes,37,No,Yes,No,No,120,Swerving,Wrong Side,Rollover,Side,1,1496,Peak,3.7,7.5,2,3,2,Total,Critical
PK-2024-03876,2024-07-14,07:58,Punjab,Gujranwala,Rural,31.273,72.1525,Haze,554,34.2,20.9,Street-lit,Dry,Concrete,6,80,Straight,Downhill,Physical,No,2,Motorcycle;Car,18.6,No,50,Yes,Yes,No,No,75,Braking,Signal Violation,Head-on,Rear,1,627,Off-peak,5.8,13.9,0,0,0,Minor,Low
PK-2024-03877,2024-12-07,00:54,Sindh,Nawabshah,Highway,26.2449,69.4329,Rain,294,18.1,9.3,Daylight,Muddy,Dirt,2,80,Straight,Flat,Physical,Yes,3,Car;Motorcycle;Car,4.4,No,18,No,Yes,No,No,70,Swerving,Overloading,Pedestrian,Side,1,291,Off-peak,12.1,15.5,1,3,1,Total,Critical
PK-2024-03878,2024-07-06,18:35,Sindh,Larkana,Rural,26.6633,66.7406,Cloudy,1454,31.6,26.9,Dawn-Dusk,Icy,Asphalt,2,40,Straight,Downhill,Painted,Yes,4,Motorcycle;Car;Car;Bus,7.6,Yes,21,Yes,Yes,No,No,45,None,Speeding,Side-swipe,Front,2,622,Off-peak,14.4,20.5,0,0,0,Minor,Low
PK-2024-03879,2024-07-19,22:00,KPK,Dera Ismail Khan,Residential,34.8885,71.6473,Haze,173,23.4,58.7,Tunnel,Dry,Asphalt,2,110,Hairpin,Flat,Painted,Yes,2,Car;Truck,16.8,Yes,23,Yes,Not Applicable,No,No,120,Braking,Signal Violation,Side-swipe,Side,1,1755,Off-peak,5.1,11.3,0,0,3,Moderate,Medium
PK-2024-03880,2024-12-16,16:55,Punjab,Sialkot,Urban,29.722,74.8622,Clear,94,26.5,1.5,Unlit,Flooding,Asphalt,2,30,Straight,Downhill,Physical,Yes,3,Car;Truck;Car,9.7,No,18,Partial,Yes,No,No,40,None,Human Error,Rear-end,Roof,1,734,Off-peak,0.7,8.1,0,0,1,Moderate,Medium
PK-2024-03881,2024-02-01,18:38,Punjab,Lahore,Rural,30.4233,74.5237,Clear,929,24.8,18.5,Street-lit,Potholed,Asphalt,4,110,Straight,Flat,None,Yes,1,Auto-rickshaw,3.5,No,37,No,Yes,No,No,125,None,Overloading,Side-swipe,Side,3,1836,Peak,1.4,3.4,0,1,2,Moderate,Medium
PK-2024-03882,2024-08-24,03:04,Sindh,Nawabshah,Urban,24.7596,67.3577,Clear,565,25.8,26.2,Dawn-Dusk,Potholed,Concrete,2,50,Straight,Flat,Painted,Yes,5,Car;Truck;Motorcycle;Car;Car,15.7,No,29,No,Not Applicable,No,No,50,None,Human Error,Rear-end,Front,2,1275,Off-peak,0.5,7.0,0,0,2,Minor,Low
PK-2024-03883,2024-03-18,01:01,KPK,Peshawar,Highway,33.8166,72.3461,Cloudy,285,26.0,8.0,Unlit,Wet,Asphalt,2,40,Gentle,Flat,Physical,No,1,Motorcycle,16.5,No,51,Yes,Yes,No,No,35,Braking,Human Error,Side-swipe,Front,2,1411,Off-peak,6.6,17.4,0,0,0,Minor,Low
PK-2024-03884,2024-06-21,17:10,Balochistan,Turbat,Residential,28.1514,65.3701,Cloudy,485,22.6,0.4,Dawn-Dusk,Muddy,Gravel,4,60,Straight,Flat,Painted,No,3,Motorcycle;Auto-rickshaw;Truck,10.3,No,17,Yes,Yes,No,No,60,Braking,Speeding,Side-swipe,Front,1,1626,Peak,6.2,9.6,0,0,1,Minor,Low
PK-2024-03885,2024-03-03,11:19,Punjab,Sargodha,Rural,29.7413,74.1176,Cloudy,1500,29.9,2.9,Unlit,Potholed,Asphalt,2,50,Gentle,Downhill,Physical,No,3,Motorcycle;Motorcycle;Motorcycle,16.3,No,30,Partial,No,No,No,60,None,Mechanical Failure,Multi-vehicle pileup,Front,1,1231,Off-peak,8.4,9.3,1,2,4,Severe,High
PK-2024-03886,2024-03-25,05:39,Sindh,Hyderabad,Urban,24.775,68.1593,Clear,209,28.6,0.6,Dawn-Dusk,Wet,Dirt,3,80,Gentle,Flat,Painted,No,3,Motorcycle;Car;Motorcycle,15.1,No,24,Yes,Yes,Yes,No,110,Swerving,Mechanical Failure,Rollover,Roof,1,623,Off-peak,0.7,5.5,0,1,3,Severe,High
PK-2024-03887,2024-10-12,03:37,Sindh,Karachi,Rural,24.3454,67.0194,Cloudy,219,16.8,32.6,Unlit,Icy,Asphalt,2,50,Gentle,Flat,Physical,No,2,Bus;Bus,12.4,No,33,Partial,Not Applicable,No,No,65,None,Speeding,Side-swipe,Roof,1,533,Off-peak,24.2,36.6,0,0,1,Moderate,Medium
PK-2024-03888,2024-01-13,20:27,Punjab,Sargodha,Urban,30.0694,73.7402,Haze,1088,15.4,4.2,Dawn-Dusk,Dry,Asphalt,4,50,Hairpin,Uphill,None,Yes,3,Motorcycle;Bus;Car,2.6,No,41,Yes,Yes,No,No,55,None,Speeding,Side-swipe,Rear,3,1654,Peak,11.2,17.0,0,0,1,Minor,Low
PK-2024-03889,2024-01-09,10:33,Sindh,Karachi,Rural,25.1335,68.6723,Heavy Rain,31,27.4,11.9,Daylight,Wet,Gravel,2,60,Gentle,Downhill,None,Yes,5,Motorcycle;Motorcycle;Motorcycle;Auto-rickshaw;Truck,17.9,No,42,No,Yes,Yes,No,60,Swerving,Speeding,Side-swipe,Front,1,610,Peak,4.3,10.2,0,0,3,Minor,Medium
PK-2024-03890,2024-09-14,18:34,Sindh,Sukkur,Rural,26.1901,67.7185,Cloudy,303,29.9,7.9,Street-lit,Construction,Asphalt,3,80,Sharp,Downhill,Physical,No,2,Truck;Bicycle,2.6,No,54,No,Not Applicable,No,No,70,None,Mobile Phone,Side-swipe,Side,1,665,Off-peak,3.5,13.0,0,1,1,Moderate,Medium
PK-2024-03891,2024-02-28,22:02,Punjab,Lahore,Residential,30.5232,74.7509,Rain,59,37.4,10.1,Daylight,Icy,Concrete,1,60,Gentle,Uphill,Painted,Yes,2,Car;Motorcycle,8.6,No,31,Yes,No,Yes,No,60,None,Drunk Driving,Rear-end,Front,1,52,Peak,1.5,7.6,0,2,2,Moderate,Medium
PK-2024-03892,2024-11-06,04:15,Balochistan,Turbat,Rural,30.1242,66.422,Cloudy,47,15.1,6.9,Daylight,Dry,Asphalt,2,50,Gentle,Downhill,None,Yes,1,Car,16.0,Yes,37,No,No,No,No,90,Braking,Animal Crossing,Rear-end,Side,2,967,Peak,7.6,20.5,1,2,3,Severe,High
PK-2024-03893,2024-12-22,10:21,Balochistan,Turbat,Highway,28.1964,67.7275,Fog,45,30.6,11.4,Dawn-Dusk,Wet,Asphalt,4,30,Straight,Downhill,Physical,Yes,3,Car;Car;Car,11.0,No,38,Yes,Yes,No,Unknown,25,None,Signal Violation,Rear-end,Rear,1,653,Off-peak,7.9,17.1,0,0,0,None,Low
PK-2024-03894,2024-09-19,06:38,Balochistan,Turbat,Urban,27.6528,66.3355,Rain,724,31.2,16.3,Street-lit,Dry,Gravel,2,40,Hairpin,Flat,Painted,No,1,Car,10.3,No,22,No,No,No,No,30,None,Signal Violation,Head-on,Rear,2,1603,Off-peak,3.9,12.4,0,0,2,Minor,Medium
PK-2024-03895,2024-09-26,04:42,Balochistan,Khuzdar,Residential,27.5497,65.3968,Clear,683,27.9,18.8,Street-lit,Wet,Concrete,4,50,Sharp,Downhill,Physical,Yes,2,Motorcycle;Car,17.8,No,16,Yes,No,No,No,65,None,Signal Violation,Head-on,Front,1,1980,Off-peak,8.1,13.2,0,1,2,Moderate,Medium
PK-2024-03896,2024-07-14,20:01,Punjab,Multan,Highway,30.3817,73.8137,Fog,303,24.8,9.9,Daylight,Potholed,Gravel,2,50,Gentle,Flat,Physical,No,2,Car;Auto-rickshaw,11.4,No,41,No,Partial,No,No,50,Braking,Wrong Side,Head-on,Side,2,173,Off-peak,2.8,8.4,0,1,3,Moderate,Medium
PK-2024-03897,2024-02-18,01:08,KPK,Dera Ismail Khan,Residential,32.7868,71.0007,Heavy Rain,474,41.8,9.0,Tunnel,Wet,Asphalt,4,100,Gentle,Flat,Physical,Yes,4,Car;Truck;Car;Car,20.0,No,43,No,No,No,No,130,Braking,Signal Violation,Head-on,Side,1,955,Off-peak,2.3,8.8,2,3,2,Severe,Critical
PK-2024-03898,2024-01-28,07:15,Punjab,Gujranwala,Urban,31.6129,72.4981,Clear,330,39.1,26.6,Daylight,Wet,Asphalt,2,80,Straight,Uphill,None,No,2,Motorcycle;Motorcycle,14.4,No,39,Yes,Yes,No,No,100,Braking,Speeding,Rollover,Front,1,995,Off-peak,3.0,13.0,0,1,1,Moderate,Medium