incident_id,date,time,province,district,road_type,latitude,longitude,weather,visibility_meters,temperature_c,wind_speed_kmh,lighting,road_condition,surface_material,number_of_lanes,speed_limit_kmh,road_curvature,road_gradient,median_type,shoulder_available,num_vehicles,vehicle_types,vehicle_avg_age_years,overloading_detected,driver_age,helmet_usage,seatbelt_usage,mobile_phone_suspected,alcohol_drug_suspected,speed_at_impact_kmh,evasive_action,accident_cause,collision_type,impact_point,num_collisions,traffic_volume_per_hour,peak_off_peak,distance_to_hospital_km,expected_response_min,fatalities,serious_injuries,minor_injuries,property_damage_level,severity
PK-2024-03899,2024-10-03,08:00,Sindh,Sukkur,Residential,26.9457,66.7834,Dust Storm,1500,40.0,35.8,Tunnel,Dry,Asphalt,1,50,Sharp,Flat,Painted,Yes,3,Car;Motorcycle;Bicycle,16.4,No,32,No,Yes,No,No,50,None,Weather,Rear-end,Side,1,200,Peak,1.4,10.3,0,0,2,Moderate,Medium
PK-2024-03900,2024-09-26,07:54,Balochistan,Turbat,Urban,30.3077,66.7986,Cloudy,237,39.6,11.3,Unlit,Potholed,Asphalt,2,80,Gentle,Downhill,Physical,Yes,3,Auto-rickshaw;Bus;Motorcycle,11.4,No,16,Yes,No,No,No,120,Braking,Speeding,Multi-vehicle pileup,Side,1,1969,Off-peak,9.4,17.6,1,3,1,Total,Critical
PK-2024-03901,2024-11-15,21:52,KPK,Abbottabad,Urban,34.3107,71.8435,Rain,124,24.0,10.2,Unlit,Flooding,Gravel,1,110,Sharp,Flat,Painted,Yes,2,Motorcycle;Motorcycle,13.8,No,48,Partial,No,No,Unknown,115,Braking,Mobile Phone,Rear-end,Rear,1,1232,Off-peak,4.6,8.8,1,3,2,Severe,Critical
PK-2024-03902,2024-12-06,01:11,Punjab,Sialkot,Residential,30.1838,72.1731,Heavy Rain,896,28.4,6.2,Daylight,Muddy,Gravel,2,110,Sharp,Flat,Physical,No,3,Motorcycle;Motorcycle;Bus,14.1,No,37,No,Partial,No,No,115,None,Weather,Pedestrian,Front,1,1674,Off-peak,0.5,5.1,3,4,1,Total,Critical
PK-2024-03903,2024-10-09,18:12,Punjab,Bahawalpur,Highway,31.0631,72.1027,Cloudy,184,37.2,19.9,Street-lit,Dry,Asphalt,6,30,Straight,Flat,Physical,Yes,3,Car;Motorcycle;Car,2.3,No,16,No,No,No,No,40,Swerving,Mobile Phone,Head-on,Side,1,211,Peak,10.2,14.5,0,0,2,Minor,Medium
PK-2024-03904,2024-08-01,13:12,Punjab,Rawalpindi,Urban,30.366,74.6634,Cloudy,101,40.3,18.9,Daylight,Construction,Gravel,4,40,Straight,Downhill,Painted,No,3,Motorcycle;Motorcycle;Car,19.3,No,40,Yes,Yes,No,No,60,None,Human Error,Rollover,Front,1,436,Peak,1.9,4.4,0,1,2,Moderate,Medium
PK-2024-03905,2024-08-08,20:55,KPK,Swat,Highway,33.0089,70.1407,Cloudy,1500,29.0,14.2,Dawn-Dusk,Muddy,Concrete,2,50,Hairpin,Flat,Painted,Yes,2,Bus;Truck,10.8,No,45,No,Not Applicable,No,No,65,Braking,Mobile Phone,Head-on,Front,1,430,Peak,12.3,24.4,0,1,3,Moderate,High
PK-2024-03906,2024-07-09,01:49,KPK,Dera Ismail Khan,Rural,33.5199,70.6521,Cloudy,147,23.7,6.8,Daylight,Icy,Gravel,2,80,Straight,Flat,None,Yes,1,Bicycle,9.0,Yes,43,Yes,No,No,No,80,Swerving,Speeding,Rear-end,Front,1,315,Peak,5.1,14.1,1,3,2,Severe,High
PK-2024-03907,2024-02-12,02:56,Punjab,Lahore,Urban,32.1298,72.687,Rain,152,26.7,1.8,Unlit,Muddy,Dirt,2,80,Gentle,Uphill,None,No,3,Motorcycle;Bicycle;Motorcycle,14.2,No,44,Yes,No,No,No,70,None,Speeding,Rear-end,Rear,1,938,Peak,2.8,6.7,1,3,1,Severe,Critical
PK-2024-03908,2024-11-23,05:35,Sindh,Sukkur,Rural,24.05,68.4645,Fog,326,10.3,13.2,Dawn-Dusk,Flooding,Asphalt,4,50,Sharp,Flat,Physical,Yes,3,Bus;Truck;Motorcycle,5.1,No,24,No,No,No,No,45,Braking,Speeding,Multi-vehicle pileup,Side,1,1405,Off-peak,34.9,44.1,3,3,1,Total,Critical
PK-2024-03909,2024-01-13,23:33,KPK,Swat,Urban,33.7993,70.0553,Cloudy,512,29.0,6.4,Daylight,Dry,Concrete,4,100,Gentle,Uphill,Painted,No,2,Motorcycle;Car,6.6,Yes,47,No,Yes,No,No,100,Swerving,Signal Violation,Head-on,Front,2,1186,Off-peak,11.5,24.0,1,2,2,Moderate,High
PK-2024-03910,2024-04-26,20:36,KPK,Swat,Highway,34.7382,72.7839,Heavy Rain,987,32.0,3.5,Daylight,Potholed,Concrete,4,50,Straight,Flat,Painted,Yes,2,Motorcycle;Truck,9.8,No,29,No,Not Applicable,No,Unknown,40,Swerving,Wrong Side,Head-on,Rear,2,1072,Off-peak,22.7,29.6,0,1,4,Moderate,High
PK-2024-03911,2024-01-21,08:42,KPK,Swat,Highway,34.4588,71.0319,Rain,89,35.9,2.2,Daylight,Wet,Gravel,1,80,Gentle,Flat,None,No,2,Motorcycle;Motorcycle,18.9,No,25,No,Partial,No,No,90,Braking,Signal Violation,Rear-end,Front,1,1514,Peak,35.7,47.7,3,2,2,Severe,Critical
PK-2024-03912,2024-12-25,23:05,KPK,Dera Ismail Khan,Urban,33.9175,71.2672,Rain,20,22.6,28.8,Street-lit,Potholed,Asphalt,2,50,Gentle,Flat,Physical,No,2,Motorcycle;Truck,12.4,Yes,33,No,No,No,No,60,Braking,Speeding,Pedestrian,Rear,2,1801,Peak,19.1,32.6,1,3,1,Severe,Critical
PK-2024-03913,2024-07-10,04:08,Punjab,Sialkot,Urban,32.0779,73.8624,Cloudy,232,22.1,40.3,Unlit,Potholed,Asphalt,2,60,Straight,Flat,None,Yes,3,Car;Car;Motorcycle,16.5,No,33,No,Not Applicable,No,No,75,None,Overloading,Multi-vehicle pileup,Side,1,1492,Off-peak,40.3,54.8,1,3,2,Total,Critical
PK-2024-03914,2024-04-27,02:47,Balochistan,Turbat,Rural,28.3299,66.7786,Dust Storm,1322,33.7,0.7,Daylight,Muddy,Concrete,3,50,Straight,Flat,None,No,4,Motorcycle;Motorcycle;Motorcycle;Auto-rickshaw,17.4,No,16,Yes,Not Applicable,No,No,65,Braking,Overloading,Side-swipe,Side,1,965,Peak,7.4,11.8,0,1,2,Moderate,Medium
PK-2024-03915,2024-12-01,03:18,Balochistan,Turbat,Rural,27.5719,66.8902,Rain,327,32.7,10.7,Street-lit,Wet,Asphalt,2,120,Straight,Downhill,Painted,Yes,2,Car;Bus,12.4,No,30,Yes,Yes,No,No,125,Swerving,Speeding,Side-swipe,Roof,2,1443,Peak,16.3,25.7,0,2,1,Minor,Medium
PK-2024-03916,2024-05-24,12:20,Punjab,Lahore,Residential,30.3812,72.61,Clear,526,30.1,20.0,Unlit,Construction,Asphalt,6,50,Straight,Downhill,Painted,Yes,2,Motorcycle;Bus,9.2,No,53,Yes,Partial,No,Unknown,65,Swerving,Signal Violation,Rear-end,Front,1,1153,Peak,10.3,14.4,0,0,1,Minor,Low
PK-2024-03917,2024-06-14,21:44,KPK,Abbottabad,Rural,34.9346,71.5046,Cloudy,778,40.5,18.4,Daylight,Dry,Asphalt,2,100,Straight,Uphill,None,Yes,2,Auto-rickshaw;Motorcycle,7.8,No,42,Yes,Yes,No,No,130,None,Mechanical Failure,Multi-vehicle pileup,Front,2,1011,Off-peak,0.9,10.3,0,2,3,Severe,High
PK-2024-03918,2024-08-17,15:56,KPK,Mardan,Rural,34.5046,72.6807,Clear,724,29.3,5.6,Street-lit,Dry,Gravel,1,60,Sharp,Flat,Painted,Yes,4,Motorcycle;Truck;Car;Motorcycle,3.9,No,34,Partial,Yes,Yes,No,100,Braking,Signal Violation,Head-on,Front,2,1576,Off-peak,9.5,17.9,1,2,2,Severe,High
PK-2024-03919,2024-12-09,18:17,Punjab,Bahawalpur,Highway,31.5857,72.304,Heavy Rain,175,36.3,0.6,Unlit,Wet,Asphalt,2,110,Straight,Downhill,Physical,Yes,4,Bicycle;Bicycle;Motorcycle;Motorcycle,15.2,Yes,39,No,Not Applicable,No,No,150,None,Mobile Phone,Pedestrian,Rear,1,1240,Off-peak,7.9,15.6,1,2,1,Severe,Critical
PK-2024-03920,2024-04-10,18:44,Punjab,Bahawalpur,Highway,32.3034,74.5139,Clear,143,23.7,2.5,Daylight,Potholed,Asphalt,4,50,Straight,Uphill,Physical,No,2,Motorcycle;Motorcycle,11.8,No,16,Partial,No,No,No,50,None,Human Error,Rollover,Front,2,611,Off-peak,5.0,15.8,0,3,2,Severe,High
PK-2024-03921,2024-05-24,10:07,Sindh,Nawabshah,Residential,24.7246,68.9319,Clear,559,20.6,8.3,Dawn-Dusk,Potholed,Asphalt,2,60,Gentle,Flat,Painted,Yes,2,Motorcycle;Motorcycle,16.2,No,46,No,No,Yes,No,80,Braking,Weather,Rear-end,Roof,1,1094,Peak,15.0,23.0,0,1,1,Moderate,Medium
PK-2024-03922,2024-01-06,10:39,Punjab,Lahore,Rural,31.5255,72.8889,Clear,74,44.5,15.7,Unlit,Potholed,Asphalt,3,110,Gentle,Downhill,Painted,Yes,1,Motorcycle,15.9,Yes,16,No,Yes,No,Unknown,110,Braking,Signal Violation,Rear-end,Front,1,1279,Off-peak,23.9,32.1,1,3,2,Severe,Critical
PK-2024-03923,2024-09-28,15:16,Balochistan,Khuzdar,Urban,28.8255,66.7129,Heavy Rain,394,43.5,5.6,Unlit,Dry,Asphalt,3,100,Gentle,Downhill,None,No,2,Truck;Truck,8.8,Yes,43,Yes,Yes,No,Unknown,110,Swerving,Mobile Phone,Multi-vehicle pileup,Front,1,197,Off-peak,0.5,9.1,1,3,2,Total,Critical
PK-2024-03924,2024-06-13,00:37,KPK,Dera Ismail Khan,Urban,32.0016,71.8652,Heavy Rain,86,24.2,24.0,Daylight,Wet,Concrete,2,50,Gentle,Downhill,Painted,No,4,Car;Motorcycle;Car;Truck,19.3,No,39,Partial,Yes,No,No,70,None,Mobile Phone,Rollover,Front,1,1461,Off-peak,4.1,10.1,1,2,1,Total,Critical
PK-2024-03925,2024-08-24,14:43,Balochistan,Gwadar,Residential,27.5265,67.8955,Clear,153,16.6,9.9,Street-lit,Muddy,Gravel,4,30,Sharp,Uphill,None,No,2,Motorcycle;Motorcycle,11.5,No,45,Yes,Not Applicable,No,No,45,None,Human Error,Fixed-object,Roof,1,547,Peak,10.0,17.7,0,0,2,Minor,Low
PK-2024-03926,2024-05-28,17:38,Balochistan,Turbat,Urban,29.5141,67.8058,Heavy Rain,49,42.1,5.8,Dawn-Dusk,Dry,Concrete,4,60,Sharp,Uphill,Physical,Yes,3,Car;Bus;Car,5.5,No,58,Yes,Partial,No,No,80,None,Animal Crossing,Rear-end,Side,1,598,Off-peak,14.0,23.0,1,2,3,Severe,High
PK-2024-03927,2024-02-19,04:59,Sindh,Larkana,Urban,25.1714,69.3843,Clear,310,25.5,16.7,Daylight,Flooding,Asphalt,4,50,Straight,Uphill,Physical,Yes,3,Motorcycle;Bus;Car,13.8,No,48,Yes,Yes,No,Unknown,60,Braking,Overloading,Rear-end,Rear,1,1285,Off-peak,11.1,18.8,0,0,1,None,Low
PK-2024-03928,2024-03-19,02:22,Punjab,Sialkot,Urban,29.6286,72.6016,Rain,55,18.1,11.8,Tunnel,Construction,Asphalt,4,30,Straight,Downhill,None,Yes,1,Motorcycle,13.0,No,39,Yes,No,No,No,20,None,Speeding,Head-on,Roof,2,414,Peak,3.2,5.8,0,1,3,Moderate,Medium
PK-2024-03929,2024-05-01,06:50,Sindh,Hyderabad,Rural,24.8504,69.0304,Dust Storm,50,28.1,35.9,Unlit,Dry,Asphalt,2,120,Straight,Downhill,Painted,No,3,Bus;Motorcycle;Motorcycle,7.2,No,39,No,Partial,No,Unknown,125,Swerving,Signal Violation,Side-swipe,Rear,1,416,Off-peak,11.3,19.1,2,2,2,Total,Critical
PK-2024-03930,2024-04-17,16:12,Punjab,Sargodha,Highway,29.977,73.5604,Heavy Rain,611,34.1,1.6,Daylight,Dry,Asphalt,4,40,Straight,Uphill,None,Yes,2,Truck;Auto-rickshaw,7.9,No,49,No,Not Applicable,No,No,40,None,Weather,Pedestrian,Front,1,218,Off-peak,39.9,54.2,0,1,3,Moderate,Medium
PK-2024-03931,2024-06-22,07:59,Sindh,Larkana,Urban,26.8215,68.5286,Rain,769,21.7,0.9,Street-lit,Construction,Dirt,2,60,Hairpin,Downhill,None,Yes,4,Bicycle;Auto-rickshaw;Motorcycle;Motorcycle,19.3,No,36,No,Not Applicable,No,No,60,None,Signal Violation,Rear-end,Rear,2,966,Off-peak,15.7,19.9,0,1,2,Moderate,Medium
PK-2024-03932,2024-10-08,14:35,Punjab,Bahawalpur,Urban,30.2515,73.324,Rain,74,34.3,4.9,Unlit,Wet,Concrete,3,40,Gentle,Flat,Painted,No,2,Auto-rickshaw;Truck,9.3,No,29,No,Not Applicable,No,No,60,None,Mobile Phone,Rear-end,Front,1,1517,Peak,8.1,13.6,0,0,1,Moderate,Medium
PK-2024-03933,2024-03-11,09:14,Punjab,Sialkot,Urban,31.7313,74.7839,Rain,1047,25.8,38.6,Unlit,Potholed,Asphalt,2,50,Gentle,Flat,Painted,Yes,2,Auto-rickshaw;Motorcycle,4.8,No,30,Partial,No,No,No,50,None,Speeding,Side-swipe,Rear,2,1368,Off-peak,0.5,4.2,0,0,3,Minor,Medium
PK-2024-03934,2024-01-17,13:39,Punjab,Bahawalpur,Urban,29.8232,72.8376,Clear,69,25.7,6.6,Unlit,Dry,Dirt,4,110,Straight,Uphill,Physical,No,2,Car;Motorcycle,19.8,No,55,Yes,Not Applicable,No,Unknown,110,None,Signal Violation,Pedestrian,Front,1,994,Off-peak,14.9,22.5,0,2,4,Severe,High
PK-2024-03935,2024-01-17,22:10,Punjab,Multan,Urban,29.5362,72.7343,Dust Storm,278,24.0,3.0,Daylight,Dry,Asphalt,2,40,Straight,Uphill,Physical,No,4,Auto-rickshaw;Motorcycle;Car;Motorcycle,17.2,Yes,16,Yes,Not Applicable,No,No,70,Braking,Signal Violation,Side-swipe,Side,2,83,Off-peak,3.5,3.0,0,0,2,Moderate,Medium
PK-2024-03936,2024-06-01,23:04,Punjab,Sargodha,Highway,30.4555,72.6877,Fog,694,34.5,16.7,Daylight,Dry,Gravel,3,120,Straight,Downhill,Painted,Yes,3,Auto-rickshaw;Motorcycle;Motorcycle,17.2,No,49,No,Yes,No,No,135,Braking,Weather,Rear-end,Rear,1,138,Peak,1.8,9.6,0,0,3,Moderate,Medium
PK-2024-03937,2024-08-15,12:42,Punjab,Sialkot,Urban,32.48,72.3004,Fog,286,31.6,2.9,Street-lit,Dry,Dirt,4,40,Straight,Downhill,None,Yes,2,Truck;Auto-rickshaw,15.5,No,42,No,Yes,No,No,60,Swerving,Human Error,Side-swipe,Side,3,99,Peak,23.2,28.0,0,0,2,Minor,Low
PK-2024-03938,2024-08-10,08:33,Sindh,Karachi,Residential,25.984,66.9973,Rain,1280,27.0,5.1,Dawn-Dusk,Potholed,Concrete,2,40,Straight,Downhill,None,Yes,2,Bus;Truck,11.2,No,47,No,No,No,No,35,None,Signal Violation,Side-swipe,Roof,3,1787,Peak,11.2,19.0,0,0,1,None,Low
PK-2024-03939,2024-02-02,07:12,Sindh,Sukkur,Rural,26.894,69.0231,Clear,246,24.0,14.1,Daylight,Dry,Asphalt,4,100,Hairpin,Downhill,None,Yes,2,Motorcycle;Truck,14.7,No,26,Yes,Not Applicable,No,Unknown,130,Swerving,Speeding,Rollover,Side,2,1777,Off-peak,15.6,22.5,1,3,2,Total,Critical
PK-2024-03940,2024-04-20,19:44,Punjab,Multan,Urban,30.0767,72.8583,Clear,327,21.8,20.4,Street-lit,Wet,Asphalt,3,120,Straight,Downhill,None,Yes,3,Auto-rickshaw;Truck;Car,8.7,No,48,Partial,Yes,No,No,140,None,Animal Crossing,Rear-end,Front,1,546,Peak,21.0,34.5,0,2,2,Minor,Medium
PK-2024-03941,2024-10-26,15:34,Sindh,Sukkur,Highway,24.6996,69.2351,Clear,262,36.3,10.9,Daylight,Construction,Asphalt,4,60,Straight,Uphill,Physical,Yes,1,Car,11.1,No,32,No,No,No,No,65,None,Signal Violation,Pedestrian,Rear,2,1412,Peak,20.1,31.3,0,1,1,Minor,Medium
PK-2024-03942,2024-06-08,10:12,Punjab,Rawalpindi,Highway,30.9086,72.6516,Clear,39,37.6,0.1,Daylight,Construction,Asphalt,2,60,Straight,Flat,Painted,Yes,1,Car,2.3,No,16,No,No,No,No,60,Braking,Human Error,Side-swipe,Rear,1,156,Off-peak,7.0,13.7,0,0,1,None,Low
PK-2024-03943,2024-04-18,22:18,Punjab,Sialkot,Rural,32.347,72.6073,Heavy Rain,125,24.7,16.4,Unlit,Muddy,Asphalt,4,120,Gentle,Downhill,Physical,Yes,2,Auto-rickshaw;Motorcycle,8.3,No,23,No,No,No,Yes,135,None,Signal Violation,Fixed-object,Front,2,966,Peak,20.4,28.4,3,3,2,Total,Critical
PK-2024-03944,2024-05-14,06:49,Sindh,Larkana,Highway,25.2718,66.6312,Dust Storm,158,33.7,10.6,Unlit,Wet,Gravel,6,50,Straight,Flat,None,No,3,Car;Motorcycle;Motorcycle,19.9,No,48,Partial,Partial,No,No,50,None,Drunk Driving,Rollover,Front,1,1011,Off-peak,35.1,49.5,2,4,2,Total,Critical
PK-2024-03945,2024-07-03,11:38,Islamabad,Islamabad,Urban,32.4814,72.187,Rain,221,35.4,9.0,Tunnel,Potholed,Dirt,4,50,Sharp,Downhill,Physical,Yes,3,Motorcycle;Car;Car,6.7,No,28,No,No,No,No,45,None,Animal Crossing,Rollover,Side,2,1134,Peak,2.8,4.7,0,2,2,Severe,High
PK-2024-03946,2024-01-18,07:11,KPK,Peshawar,Rural,32.2637,70.4457,Clear,622,44.9,0.5,Daylight,Dry,Gravel,3,120,Straight,Flat,None,Yes,1,Motorcycle,8.2,No,30,No,Not Applicable,No,No,120,Braking,Weather,Head-on,Front,2,296,Peak,14.3,22.8,0,0,1,Minor,Medium
PK-2024-03947,2024-07-28,07:08,KPK,Mardan,Urban,34.9803,71.6496,Clear,245,35.0,8.5,Daylight,Wet,Concrete,2,80,Gentle,Flat,Physical,Yes,2,Car;Bus,11.1,No,44,No,Yes,No,No,95,Swerving,Mechanical Failure,Rollover,Rear,1,1289,Off-peak,4.9,7.0,0,2,3,Moderate,High
PK-2024-03948,2024-04-27,23:01,Punjab,Bahawalpur,Rural,32.2742,72.1278,Clear,20,27.0,6.9,Unlit,Icy,Gravel,2,80,Straight,Flat,Physical,Yes,2,Auto-rickshaw;Car,5.3,No,34,No,Not Applicable,No,Unknown,90,Swerving,Wrong Side,Rear-end,Front,2,236,Off-peak,1.2,8.9,0,2,4,Severe,High
PK-2024-03949,2024-11-20,20:20,Sindh,Sukkur,Urban,25.3258,69.1312,Clear,944,31.9,20.1,Unlit,Wet,Concrete,3,60,Straight,Uphill,Physical,Yes,1,Motorcycle,7.5,No,33,Yes,Not Applicable,No,No,65,Swerving,Mechanical Failure,Side-swipe,Rear,2,1791,Off-peak,6.8,15.8,0,0,1,None,Low
PK-2024-03950,2024-11-13,20:48,Punjab,Faisalabad,Rural,31.8701,73.2681,Fog,20,24.9,56.5,Street-lit,Dry,Asphalt,2,30,Gentle,Uphill,None,No,2,Car;Car,17.0,No,33,Partial,Not Applicable,No,No,45,Braking,Mobile Phone,Rear-end,Side,1,1040,Peak,13.2,25.1,0,0,0,None,Low
PK-2024-03951,2024-09-25,03:38,Punjab,Sargodha,Urban,30.9551,72.574,Fog,328,39.0,0.9,Street-lit,Muddy,Asphalt,4,80,Gentle,Flat,Painted,Yes,4,Motorcycle;Motorcycle;Motorcycle;Truck,13.9,No,43,Yes,Yes,No,No,80,None,Overloading,Head-on,Rear,2,401,Off-peak,6.7,13.0,1,2,3,Severe,Critical
PK-2024-03952,2024-04-19,20:50,Punjab,Lahore,Residential,29.5669,73.8426,Heavy Rain,59,34.0,4.1,Unlit,Potholed,Asphalt,2,50,Sharp,Downhill,Physical,No,1,Bus,19.9,Yes,38,No,Yes,Yes,No,90,Braking,Speeding,Rollover,Side,3,653,Peak,1.0,4.0,1,3,3,Total,Critical
PK-2024-03953,2024-07-10,15:21,Punjab,Gujranwala,Rural,29.9958,73.0692,Haze,319,34.4,9.7,Dawn-Dusk,Flooding,Asphalt,1,60,Straight,Flat,Physical,Yes,2,Car;Motorcycle,17.0,No,16,No,Not Applicable,Yes,No,55,Swerving,Signal Violation,Rollover,Front,1,652,Off-peak,4.0,8.4,1,4,1,Total,Critical
PK-2024-03954,2024-11-27,16:24,KPK,Swat,Rural,33.668,72.6802,Cloudy,433,49.4,5.0,Daylight,Dry,Concrete,2,80,Sharp,Uphill,Physical,Yes,3,Truck;Car;Car,15.1,No,26,Partial,Yes,No,No,70,None,Signal Violation,Rear-end,Side,2,1771,Peak,0.5,3.0,0,0,0,None,Low
PK-2024-03955,2024-09-22,18:33,Sindh,Nawabshah,Urban,25.6255,68.9241,Clear,91,42.9,17.3,Daylight,Dry,Asphalt,3,100,Sharp,Downhill,Physical,Yes,2,Auto-rickshaw;Car,4.3,No,49,Yes,Not Applicable,No,No,105,Swerving,Signal Violation,Rear-end,Front,1,373,Off-peak,9.0,11.3,0,0,0,Minor,Low
PK-2024-03956,2024-02-22,01:40,Sindh,Nawabshah,Rural,24.0213,69.1098,Clear,131,18.3,4.4,Tunnel,Dry,Asphalt,3,50,Gentle,Uphill,Physical,No,2,Bus;Bus,9.4,No,26,No,Not Applicable,No,No,55,Braking,Mobile Phone,Fixed-object,Rear,1,1800,Peak,0.5,8.2,0,0,2,None,Low
PK-2024-03957,2024-07-25,15:55,Punjab,Rawalpindi,Rural,32.3418,74.4811,Cloudy,343,28.4,39.2,Daylight,Potholed,Concrete,6,50,Gentle,Flat,Physical,Yes,3,Motorcycle;Car;Motorcycle,8.7,No,25,Yes,Yes,No,No,80,Swerving,Weather,Head-on,Rear,3,553,Peak,8.5,15.0,0,2,4,Severe,High
PK-2024-03958,2024-10-23,17:53,Sindh,Sukkur,Rural,25.3546,68.6866,Clear,535,33.9,15.0,Street-lit,Flooding,Asphalt,1,50,Gentle,Uphill,Painted,Yes,2,Car;Car,12.6,Yes,43,No,Yes,No,No,80,Swerving,Weather,Fixed-object,Side,1,1426,Peak,59.1,75.4,0,2,3,Severe,High
PK-2024-03959,2024-04-13,21:57,Punjab,Sialkot,Urban,29.5692,74.0152,Rain,839,30.2,7.6,Daylight,Dry,Gravel,2,80,Straight,Flat,None,Yes,2,Motorcycle;Motorcycle,12.5,No,47,No,No,No,No,85,Braking,Overloading,Rear-end,Side,1,91,Off-peak,8.3,12.5,0,0,1,None,Low
PK-2024-03960,2024-12-19,19:31,Punjab,Sialkot,Rural,32.4708,73.0289,Heavy Rain,430,25.5,18.1,Street-lit,Potholed,Gravel,4,80,Sharp,Downhill,Painted,Yes,2,Motorcycle;Car,16.1,Yes,47,Partial,No,No,No,100,Swerving,Human Error,Head-on,Rear,1,999,Peak,53.1,69.7,3,2,1,Total,Critical
PK-2024-03961,2024-05-05,20:47,Islamabad,Islamabad,Urban,33.4021,73.9789,Rain,764,29.7,15.0,Unlit,Dry,Gravel,4,110,Sharp,Downhill,Physical,No,4,Motorcycle;Car;Motorcycle;Bus,17.8,No,42,Yes,No,No,No,115,Swerving,Human Error,Rear-end,Rear,3,204,Peak,3.3,9.6,1,2,3,Moderate,High
PK-2024-03962,2024-11-07,13:06,Balochistan,Khuzdar,Highway,29.5547,66.2448,Rain,349,22.4,7.2,Street-lit,Muddy,Asphalt,2,120,Gentle,Uphill,Physical,No,3,Truck;Bus;Motorcycle,19.5,No,32,No,Not Applicable,No,No,140,Braking,Wrong Side,Rollover,Front,2,665,Off-peak,24.4,32.6,1,3,3,Total,Critical
PK-2024-03963,2024-03-04,11:03,Balochistan,Turbat,Urban,30.415,66.4209,Cloudy,167,37.8,1.3,Dawn-Dusk,Construction,Asphalt,4,40,Straight,Uphill,Painted,No,2,Truck;Bicycle,14.3,No,28,No,Yes,No,No,40,None,Weather,Rear-end,Front,2,1527,Peak,31.5,40.0,0,0,2,None,Low
PK-2024-03964,2024-07-11,05:54,Sindh,Karachi,Urban,24.9454,67.3252,Fog,1273,19.1,9.2,Tunnel,Dry,Concrete,2,30,Straight,Downhill,Physical,Yes,2,Car;Motorcycle,7.2,No,31,No,Not Applicable,No,No,45,None,Animal Crossing,Side-swipe,Side,1,1518,Off-peak,5.3,13.1,0,0,1,Minor,Low
PK-2024-03965,2024-10-13,23:37,Sindh,Larkana,Urban,25.0976,67.4197,Dust Storm,293,27.2,2.8,Daylight,Wet,Dirt,2,40,Gentle,Downhill,Physical,No,1,Car,13.1,No,45,Yes,Not Applicable,No,No,30,Swerving,Wrong Side,Rear-end,Front,1,1583,Off-peak,12.0,23.8,0,0,0,Minor,Low
PK-2024-03966,2024-02-24,00:36,Islamabad,Islamabad,Urban,33.1142,74.2776,Fog,352,39.7,1.4,Street-lit,Wet,Asphalt,2,80,Straight,Downhill,Physical,Yes,4,Motorcycle;Car;Motorcycle;Car,11.2,No,16,Partial,Not Applicable,No,No,100,None,Speeding,Rear-end,Side,2,833,Peak,12.3,17.9,3,3,3,Total,Critical
PK-2024-03967,2024-05-19,15:37,Balochistan,Turbat,Highway,27.9181,65.0697,Clear,213,34.1,0.0,Dawn-Dusk,Potholed,Gravel,1,60,Gentle,Flat,None,No,2,Car;Motorcycle,9.1,No,38,Partial,Yes,No,No,60,None,Weather,Fixed-object,Side,1,268,Peak,3.6,7.6,0,0,1,Moderate,Medium
PK-2024-03968,2024-11-12,19:04,Punjab,Gujranwala,Rural,31.3439,73.585,Rain,87,21.3,8.0,Unlit,Wet,Asphalt,6,110,Gentle,Downhill,Physical,Yes,2,Car;Truck,7.0,No,16,Yes,No,No,No,125,Braking,Speeding,Multi-vehicle pileup,Rear,2,1480,Off-peak,18.9,21.7,2,4,3,Total,Critical
PK-2024-03969,2024-03-08,00:31,Islamabad,Islamabad,Rural,33.694,71.8311,Dust Storm,20,29.5,7.8,Daylight,Wet,Gravel,1,50,Gentle,Flat,Painted,Yes,2,Car;Motorcycle,9.9,No,52,Yes,Yes,No,No,50,Braking,Signal Violation,Multi-vehicle pileup,Rear,1,1679,Off-peak,23.3,31.2,1,2,3,Severe,High
PK-2024-03970,2024-09-12,03:33,KPK,Mardan,Rural,33.812,70.7079,Dust Storm,137,28.0,8.5,Daylight,Muddy,Dirt,2,50,Sharp,Flat,None,Yes,3,Truck;Car;Truck,16.9,No,31,No,No,No,No,55,Swerving,Wrong Side,Rear-end,Front,2,184,Peak,6.2,9.8,1,3,3,Total,Critical
PK-2024-03971,2024-12-13,23:57,Punjab,Sargodha,Urban,29.6397,73.6567,Heavy Rain,419,27.0,39.6,Daylight,Icy,Asphalt,2,110,Straight,Uphill,None,No,1,Truck,4.2,No,26,Partial,Partial,No,No,125,None,Signal Violation,Head-on,Front,1,315,Peak,3.1,3.5,1,3,3,Total,Critical
PK-2024-03972,2024-01-28,16:21,KPK,Mardan,Rural,34.0386,71.0359,Rain,185,29.1,3.3,Dawn-Dusk,Potholed,Asphalt,2,100,Straight,Flat,Physical,Yes,2,Bicycle;Bus,8.1,No,24,Partial,Partial,No,No,130,Braking,Signal Violation,Side-swipe,Rear,3,1961,Off-peak,27.9,37.3,2,3,3,Total,Critical