incident_id,date,time,province,district,road_type,latitude,longitude,weather,visibility_meters,temperature_c,wind_speed_kmh,lighting,road_condition,surface_material,number_of_lanes,speed_limit_kmh,road_curvature,road_gradient,median_type,shoulder_available,num_vehicles,vehicle_types,vehicle_avg_age_years,overloading_detected,driver_age,helmet_usage,seatbelt_usage,mobile_phone_suspected,alcohol_drug_suspected,speed_at_impact_kmh,evasive_action,accident_cause,collision_type,impact_point,num_collisions,traffic_volume_per_hour,peak_off_peak,distance_to_hospital_km,expected_response_min,fatalities,serious_injuries,minor_injuries,property_damage_level,severity
PK-2024-04119,2024-06-24,11:41,KPK,Peshawar,Highway,33.6216,72.5969,Clear,107,29.1,14.7,Street-lit,Potholed,Asphalt,2,60,Straight,Flat,Painted,No,2,Bus;Car,13.1,No,22,No,No,No,No,60,None,Speeding,Head-on,Front,2,803,Peak,1.8,3.2,0,2,2,Severe,High
PK-2024-04120,2024-08-23,06:06,Punjab,Lahore,Urban,30.2239,73.0912,Rain,840,19.2,22.8,Daylight,Dry,Asphalt,2,30,Straight,Uphill,Painted,Yes,3,Motorcycle;Auto-rickshaw;Car,5.4,No,47,Partial,Partial,No,No,50,None,Signal Violation,Rollover,Rear,2,1693,Off-peak,0.5,8.4,0,0,2,Minor,Medium
PK-2024-04121,2024-03-22,03:13,KPK,Swat,Residential,34.8092,72.306,Clear,268,25.5,6.1,Daylight,Dry,Gravel,4,100,Straight,Uphill,Physical,Yes,5,Motorcycle;Car;Truck;Bus;Bus,11.7,No,38,Yes,Yes,No,No,130,Swerving,Speeding,Fixed-object,Side,3,433,Peak,3.4,10.7,0,1,3,Minor,Medium
PK-2024-04122,2024-07-21,21:42,Sindh,Larkana,Highway,26.3094,67.126,Cloudy,20,18.1,1.5,Unlit,Icy,Dirt,3,30,Gentle,Flat,Physical,Yes,4,Motorcycle;Truck;Bus;Car,6.3,No,16,No,Yes,No,Unknown,30,None,Animal Crossing,Head-on,Rear,1,1525,Off-peak,3.3,10.9,1,2,4,Severe,High
PK-2024-04123,2024-03-27,14:24,Punjab,Sargodha,Urban,29.6549,73.494,Rain,548,26.8,11.2,Street-lit,Wet,Gravel,4,60,Straight,Uphill,None,Yes,3,Car;Motorcycle;Motorcycle,2.9,No,20,Yes,No,No,No,55,None,Speeding,Head-on,Rear,3,937,Off-peak,2.5,8.6,0,2,4,Severe,High
PK-2024-04124,2024-09-23,12:36,Punjab,Sialkot,Urban,32.2618,74.0938,Clear,488,26.4,40.0,Street-lit,Muddy,Dirt,4,100,Gentle,Flat,Physical,Yes,3,Motorcycle;Auto-rickshaw;Bus,15.5,No,27,Partial,Yes,No,No,100,None,Speeding,Head-on,Front,1,1503,Off-peak,0.5,7.9,3,2,2,Total,Critical
PK-2024-04125,2024-05-16,22:04,Sindh,Hyderabad,Rural,26.8839,69.196,Clear,142,16.9,15.3,Street-lit,Dry,Asphalt,3,30,Sharp,Flat,Physical,Yes,3,Motorcycle;Motorcycle;Motorcycle,3.2,No,46,No,Partial,No,Unknown,60,Swerving,Mobile Phone,Rear-end,Side,3,1389,Off-peak,2.8,5.2,0,0,1,Moderate,Medium
PK-2024-04126,2024-02-01,00:48,Balochistan,Khuzdar,Residential,30.4641,67.3541,Haze,264,27.4,33.2,Unlit,Icy,Asphalt,2,30,Gentle,Downhill,None,No,3,Bus;Car;Motorcycle,8.4,No,25,No,Partial,No,No,45,None,Weather,Head-on,Rear,1,1606,Off-peak,1.9,13.5,0,1,4,Severe,High
PK-2024-04127,2024-07-20,06:33,Punjab,Rawalpindi,Urban,29.7875,72.2121,Fog,851,40.7,1.9,Unlit,Potholed,Gravel,2,80,Gentle,Uphill,Physical,Yes,2,Motorcycle;Truck,3.0,No,37,No,Yes,No,No,90,Braking,Weather,Side-swipe,Side,1,1930,Off-peak,2.1,7.3,0,2,3,Severe,High
PK-2024-04128,2024-04-22,03:24,Islamabad,Islamabad,Rural,32.5163,73.2637,Heavy Rain,422,27.9,4.9,Tunnel,Construction,Asphalt,1,80,Gentle,Flat,None,Yes,2,Truck;Car,13.6,No,37,Partial,Not Applicable,No,No,70,None,Overloading,Side-swipe,Front,2,396,Off-peak,8.8,16.5,0,1,2,Moderate,Medium
PK-2024-04129,2024-05-11,10:16,Punjab,Gujranwala,Urban,30.3913,73.5232,Cloudy,21,28.8,0.3,Daylight,Muddy,Asphalt,4,80,Gentle,Uphill,None,No,4,Motorcycle;Truck;Car;Motorcycle,15.9,Yes,36,Partial,Yes,No,No,85,None,Wrong Side,Rear-end,Rear,1,1723,Off-peak,13.2,19.3,0,2,2,Moderate,High
PK-2024-04130,2024-05-01,17:55,Sindh,Hyderabad,Rural,25.76,67.0995,Cloudy,23,27.4,10.3,Street-lit,Flooding,Dirt,1,110,Straight,Flat,Physical,No,2,Truck;Bus,9.6,Yes,18,Yes,Not Applicable,No,No,125,Swerving,Wrong Side,Rear-end,Roof,1,1561,Off-peak,6.1,11.4,2,3,3,Total,Critical
PK-2024-04131,2024-02-03,10:21,Punjab,Sargodha,Urban,31.1231,73.8098,Haze,851,16.5,16.6,Daylight,Dry,Dirt,2,40,Straight,Flat,None,Yes,3,Car;Motorcycle;Car,14.8,No,37,Yes,Yes,No,No,45,None,Speeding,Head-on,Side,2,1098,Peak,5.3,14.4,0,0,2,Minor,Low
PK-2024-04132,2024-08-10,23:42,KPK,Abbottabad,Rural,32.0433,72.873,Rain,578,33.8,61.2,Tunnel,Dry,Dirt,1,60,Straight,Flat,Physical,Yes,2,Car;Car,17.8,No,34,No,No,No,No,65,Braking,Human Error,Side-swipe,Side,1,1664,Peak,19.5,27.2,0,0,1,Minor,Low
PK-2024-04133,2024-10-02,22:39,Sindh,Larkana,Rural,26.9416,68.824,Clear,417,40.7,36.9,Dawn-Dusk,Dry,Concrete,3,60,Gentle,Flat,Physical,Yes,3,Car;Car;Auto-rickshaw,17.0,No,50,No,Partial,No,No,70,None,Speeding,Head-on,Roof,2,1747,Peak,23.2,33.3,0,2,4,Severe,High
PK-2024-04134,2024-01-17,09:22,Punjab,Sargodha,Urban,31.7326,74.1248,Heavy Rain,214,24.7,1.6,Dawn-Dusk,Dry,Asphalt,4,50,Straight,Flat,Physical,Yes,3,Bus;Motorcycle;Bicycle,6.2,No,38,Yes,Yes,No,No,70,Braking,Signal Violation,Fixed-object,Side,2,124,Off-peak,46.3,66.4,1,2,4,Severe,High
PK-2024-04135,2024-09-17,23:29,Punjab,Multan,Rural,32.1896,74.1143,Haze,79,18.2,1.3,Unlit,Dry,Concrete,2,110,Gentle,Flat,None,No,2,Car;Motorcycle,14.1,No,35,Yes,No,No,No,120,Swerving,Wrong Side,Rear-end,Front,1,1392,Off-peak,22.9,28.8,1,2,4,Severe,High
PK-2024-04136,2024-01-04,05:48,KPK,Peshawar,Urban,34.3607,71.6284,Clear,191,22.0,5.3,Daylight,Potholed,Concrete,3,60,Gentle,Downhill,None,No,2,Car;Car,2.5,Yes,41,No,No,Yes,No,80,None,Mechanical Failure,Multi-vehicle pileup,Side,1,1831,Peak,3.3,7.0,1,3,3,Severe,High
PK-2024-04137,2024-09-28,14:19,Punjab,Lahore,Highway,30.1097,74.1664,Fog,104,19.8,4.5,Dawn-Dusk,Wet,Asphalt,2,50,Straight,Flat,Physical,No,2,Motorcycle;Car,3.8,No,40,Yes,No,No,No,70,None,Animal Crossing,Multi-vehicle pileup,Rear,1,354,Off-peak,21.9,30.2,2,3,2,Severe,Critical
PK-2024-04138,2024-12-21,05:01,Balochistan,Gwadar,Urban,28.1098,67.5487,Cloudy,282,29.9,35.7,Street-lit,Dry,Asphalt,3,120,Gentle,Downhill,None,Yes,3,Motorcycle;Motorcycle;Truck,2.4,No,34,Yes,Not Applicable,No,No,140,None,Speeding,Rear-end,Front,2,1277,Off-peak,16.0,23.5,0,0,3,Minor,Medium
PK-2024-04139,2024-02-05,01:21,KPK,Dera Ismail Khan,Rural,32.1951,72.9859,Cloudy,743,29.1,14.9,Dawn-Dusk,Flooding,Asphalt,2,100,Hairpin,Downhill,None,Yes,2,Auto-rickshaw;Auto-rickshaw,13.0,Yes,52,Yes,No,No,No,90,Braking,Mechanical Failure,Multi-vehicle pileup,Front,1,1544,Off-peak,9.2,17.5,3,4,3,Total,Critical
PK-2024-04140,2024-04-01,12:15,Balochistan,Khuzdar,Residential,28.2122,65.1539,Haze,46,33.9,4.3,Unlit,Dry,Concrete,2,30,Sharp,Downhill,Physical,Yes,4,Truck;Truck;Motorcycle;Motorcycle,11.8,No,50,No,No,No,No,60,Swerving,Human Error,Multi-vehicle pileup,Rear,2,1855,Off-peak,2.8,6.9,1,3,1,Severe,Critical
PK-2024-04141,2024-08-02,08:39,Punjab,Faisalabad,Rural,31.6906,74.5373,Cloudy,23,25.4,26.0,Dawn-Dusk,Icy,Gravel,2,80,Hairpin,Uphill,None,Yes,3,Motorcycle;Auto-rickshaw;Motorcycle,6.4,No,46,Yes,Partial,No,No,90,None,Speeding,Fixed-object,Roof,2,742,Peak,2.6,4.3,1,4,1,Total,Critical
PK-2024-04142,2024-11-24,15:18,Balochistan,Turbat,Residential,29.7259,67.9955,Haze,24,21.9,2.7,Street-lit,Construction,Asphalt,3,80,Straight,Flat,Painted,Yes,2,Car;Car,2.6,Yes,31,Partial,Not Applicable,No,No,90,Swerving,Mechanical Failure,Side-swipe,Side,1,119,Peak,3.6,7.5,0,0,2,Minor,Medium
PK-2024-04143,2024-12-25,09:47,Islamabad,Islamabad,Highway,35.1206,72.4109,Cloudy,133,5.0,20.0,Unlit,Dry,Asphalt,2,60,Straight,Flat,Painted,Yes,4,Motorcycle;Truck;Motorcycle;Car,5.3,No,27,No,No,Yes,No,75,Braking,Speeding,Pedestrian,Rear,2,1833,Off-peak,7.6,11.4,0,3,2,Severe,High
PK-2024-04144,2024-03-21,18:31,Sindh,Sukkur,Residential,25.7896,67.7746,Dust Storm,519,20.9,3.7,Unlit,Dry,Asphalt,2,80,Straight,Flat,Painted,No,1,Motorcycle,11.6,No,44,No,Yes,No,Unknown,85,Swerving,Human Error,Multi-vehicle pileup,Front,1,1575,Peak,16.6,26.4,0,1,3,Moderate,High
PK-2024-04145,2024-06-23,00:13,Punjab,Multan,Rural,30.4104,73.5689,Cloudy,341,28.3,14.2,Street-lit,Dry,Asphalt,4,40,Hairpin,Downhill,Physical,Yes,1,Truck,15.2,No,36,No,Yes,No,No,45,Braking,Speeding,Rear-end,Rear,1,1859,Off-peak,5.9,14.1,0,0,0,None,Low
PK-2024-04146,2024-11-04,19:55,Sindh,Sukkur,Rural,25.8735,69.3424,Heavy Rain,20,39.0,2.0,Unlit,Potholed,Concrete,2,80,Straight,Flat,Physical,No,2,Motorcycle;Motorcycle,12.2,No,23,Yes,Not Applicable,No,No,70,Swerving,Human Error,Head-on,Front,2,1963,Peak,3.7,9.5,2,3,3,Total,Critical
PK-2024-04147,2024-02-01,22:18,Sindh,Nawabshah,Rural,24.0202,68.6384,Rain,753,50.0,6.1,Street-lit,Dry,Asphalt,6,40,Straight,Uphill,Physical,Yes,3,Motorcycle;Motorcycle;Car,16.4,No,41,No,Yes,Yes,No,60,Braking,Human Error,Rollover,Rear,1,1072,Peak,4.5,13.6,0,0,1,Minor,Low
PK-2024-04148,2024-04-07,17:47,Sindh,Nawabshah,Rural,25.0428,69.4807,Cloudy,1297,34.4,4.5,Unlit,Icy,Asphalt,1,50,Sharp,Flat,Painted,Yes,4,Motorcycle;Truck;Motorcycle;Motorcycle,11.0,No,16,No,Not Applicable,No,No,60,Swerving,Speeding,Fixed-object,Side,1,1702,Peak,3.1,6.9,0,3,4,Severe,High
PK-2024-04149,2024-03-23,03:30,Punjab,Multan,Highway,30.8931,72.4731,Fog,125,39.5,0.1,Dawn-Dusk,Construction,Concrete,2,50,Straight,Uphill,Painted,No,2,Motorcycle;Truck,2.8,No,19,Yes,Yes,No,No,50,None,Human Error,Rear-end,Front,1,1684,Peak,41.0,51.5,1,2,3,Severe,High
PK-2024-04150,2024-12-28,12:50,Punjab,Lahore,Highway,30.0762,74.6152,Cloudy,505,44.5,19.1,Street-lit,Muddy,Asphalt,3,30,Straight,Downhill,Physical,Yes,2,Motorcycle;Bicycle,4.8,No,37,Partial,No,No,No,50,None,Weather,Fixed-object,Rear,2,1032,Peak,6.7,10.8,0,1,4,Severe,High
PK-2024-04151,2024-11-01,08:18,KPK,Swat,Residential,33.0183,71.6407,Dust Storm,722,37.8,17.5,Daylight,Dry,Asphalt,4,40,Straight,Uphill,None,No,3,Car;Motorcycle;Truck,9.5,No,16,No,No,No,No,55,Swerving,Human Error,Multi-vehicle pileup,Front,2,1195,Off-peak,8.6,18.2,0,3,3,Severe,High
PK-2024-04152,2024-07-21,12:11,Punjab,Rawalpindi,Highway,32.0661,72.8896,Cloudy,146,38.3,16.1,Street-lit,Construction,Dirt,4,50,Straight,Downhill,None,Yes,2,Motorcycle;Bicycle,10.2,No,31,No,Not Applicable,No,No,50,Braking,Wrong Side,Rollover,Rear,1,1180,Peak,4.2,15.5,0,0,2,Moderate,Medium
PK-2024-04153,2024-03-06,00:00,Sindh,Sukkur,Highway,24.7575,68.5998,Cloudy,303,30.8,5.9,Unlit,Potholed,Concrete,3,50,Straight,Flat,Painted,Yes,2,Motorcycle;Car,11.9,No,38,Yes,Not Applicable,No,No,45,Braking,Human Error,Side-swipe,Side,1,134,Peak,1.0,6.7,0,0,1,None,Low
PK-2024-04154,2024-05-22,02:26,Sindh,Nawabshah,Urban,25.394,66.8304,Cloudy,270,26.9,4.2,Street-lit,Dry,Dirt,2,50,Gentle,Flat,Painted,No,2,Truck;Truck,2.4,No,16,No,No,No,No,65,Braking,Speeding,Rollover,Side,1,1485,Off-peak,2.8,8.8,0,0,2,Moderate,Medium
PK-2024-04155,2024-04-09,23:36,Punjab,Sargodha,Highway,30.3711,74.7846,Cloudy,48,28.8,34.0,Street-lit,Potholed,Concrete,2,50,Gentle,Downhill,Physical,Yes,3,Motorcycle;Motorcycle;Motorcycle,6.8,No,43,No,No,No,No,55,Swerving,Mechanical Failure,Multi-vehicle pileup,Side,1,734,Peak,11.3,15.1,3,3,3,Total,Critical
PK-2024-04156,2024-08-14,00:01,Sindh,Nawabshah,Rural,24.8256,68.7385,Clear,29,23.0,12.0,Street-lit,Potholed,Gravel,1,120,Gentle,Uphill,Physical,Yes,2,Motorcycle;Auto-rickshaw,3.4,No,20,Yes,Yes,No,No,115,None,Human Error,Rear-end,Front,1,463,Off-peak,14.2,23.7,0,2,4,Severe,High
PK-2024-04157,2024-01-24,17:01,Sindh,Hyderabad,Residential,25.8223,67.6801,Clear,752,24.5,9.5,Daylight,Dry,Asphalt,2,40,Straight,Uphill,None,Yes,4,Truck;Car;Car;Car,7.6,Yes,31,No,No,No,No,40,Braking,Signal Violation,Multi-vehicle pileup,Front,1,1305,Off-peak,1.2,4.9,0,0,1,None,Low
PK-2024-04158,2024-02-13,14:06,Punjab,Sialkot,Urban,30.8105,74.0834,Cloudy,701,24.9,7.1,Dawn-Dusk,Potholed,Gravel,3,120,Sharp,Uphill,None,Yes,2,Motorcycle;Car,6.4,Yes,34,Yes,Yes,No,No,120,Braking,Speeding,Fixed-object,Side,1,979,Off-peak,12.0,17.3,0,2,3,Severe,High
PK-2024-04159,2024-02-24,20:49,Punjab,Sialkot,Highway,32.2954,74.9274,Heavy Rain,32,32.9,1.1,Dawn-Dusk,Potholed,Asphalt,2,30,Straight,Flat,Painted,No,3,Truck;Car;Motorcycle,10.8,No,24,No,No,No,No,20,Braking,Mechanical Failure,Pedestrian,Front,1,1623,Off-peak,3.2,5.3,0,2,3,Severe,High
PK-2024-04160,2024-11-08,15:47,Punjab,Bahawalpur,Highway,31.9478,73.3351,Heavy Rain,162,31.7,13.3,Daylight,Construction,Dirt,4,30,Gentle,Downhill,Physical,Yes,2,Motorcycle;Auto-rickshaw,4.5,No,38,No,Yes,No,No,20,None,Speeding,Side-swipe,Side,1,60,Peak,20.4,28.4,0,0,1,Minor,Medium
PK-2024-04161,2024-02-07,01:35,Punjab,Faisalabad,Rural,31.0824,73.7218,Clear,78,30.0,7.0,Daylight,Dry,Gravel,2,60,Straight,Flat,Physical,No,2,Car;Motorcycle,19.2,No,16,Yes,Yes,No,No,70,Braking,Signal Violation,Rollover,Rear,2,1311,Off-peak,4.4,12.8,0,0,1,Minor,Medium
PK-2024-04162,2024-07-04,08:34,Balochistan,Turbat,Highway,29.6339,67.9892,Fog,46,25.4,4.0,Tunnel,Dry,Dirt,2,30,Straight,Flat,Physical,No,4,Car;Truck;Bicycle;Motorcycle,3.6,No,29,Partial,Yes,No,No,70,None,Mobile Phone,Side-swipe,Side,1,1088,Peak,8.1,10.1,0,1,2,Severe,High
PK-2024-04163,2024-05-18,18:05,Islamabad,Islamabad,Rural,32.7128,71.712,Cloudy,314,22.9,3.6,Unlit,Potholed,Dirt,2,50,Hairpin,Uphill,Physical,No,3,Motorcycle;Motorcycle;Truck,14.7,No,36,No,Partial,No,No,50,None,Speeding,Rear-end,Front,1,1281,Peak,8.4,12.2,0,2,3,Moderate,High
PK-2024-04164,2024-09-23,20:00,Sindh,Sukkur,Urban,24.6616,67.0684,Clear,1108,34.4,24.5,Unlit,Wet,Gravel,4,60,Gentle,Flat,Physical,Yes,2,Motorcycle;Bicycle,18.9,No,52,Partial,Yes,No,No,60,Braking,Human Error,Fixed-object,Rear,2,1089,Off-peak,27.1,40.5,0,0,1,Minor,Low
PK-2024-04165,2024-07-28,00:26,Punjab,Lahore,Rural,30.8894,74.2534,Rain,95,27.3,6.2,Tunnel,Wet,Dirt,1,60,Gentle,Flat,None,Yes,3,Truck;Car;Motorcycle,16.8,No,32,Yes,Partial,No,No,55,None,Speeding,Side-swipe,Front,2,1899,Off-peak,29.8,41.5,0,1,1,Minor,Medium
PK-2024-04166,2024-03-03,12:10,Punjab,Sargodha,Rural,29.8375,74.97,Fog,534,21.3,2.0,Daylight,Wet,Asphalt,1,100,Straight,Flat,Physical,No,4,Truck;Motorcycle;Motorcycle;Motorcycle,14.8,No,16,No,No,No,No,115,None,Mechanical Failure,Side-swipe,Front,2,1353,Off-peak,1.4,7.7,0,2,2,Severe,High
PK-2024-04167,2024-08-05,14:21,Punjab,Lahore,Rural,30.4162,73.9357,Clear,358,21.8,23.8,Daylight,Construction,Asphalt,6,60,Hairpin,Uphill,Physical,Yes,2,Motorcycle;Car,8.9,No,16,Yes,Yes,Yes,No,60,None,Human Error,Head-on,Rear,1,1072,Off-peak,0.6,7.2,0,1,2,Moderate,Medium
PK-2024-04168,2024-04-22,00:19,Sindh,Larkana,Urban,24.8416,67.3202,Rain,579,26.3,10.5,Tunnel,Potholed,Concrete,4,100,Hairpin,Flat,Painted,Yes,2,Motorcycle;Motorcycle,4.5,No,43,Yes,Yes,No,No,105,Braking,Human Error,Fixed-object,Front,1,1543,Off-peak,2.1,4.9,0,0,2,Moderate,Medium
PK-2024-04169,2024-01-08,01:36,Punjab,Gujranwala,Urban,30.9876,72.6364,Rain,318,32.9,2.9,Daylight,Dry,Concrete,3,80,Gentle,Flat,None,Yes,5,Motorcycle;Car;Motorcycle;Motorcycle;Car,16.1,Yes,37,No,Not Applicable,No,No,100,None,Weather,Rollover,Rear,2,472,Off-peak,24.8,40.1,3,2,2,Severe,Critical
PK-2024-04170,2024-09-12,05:11,Sindh,Nawabshah,Residential,25.0863,68.7634,Haze,1130,44.8,15.1,Street-lit,Dry,Asphalt,2,50,Straight,Downhill,Physical,No,2,Auto-rickshaw;Motorcycle,18.1,No,37,No,Yes,No,Yes,70,None,Human Error,Fixed-object,Rear,1,1072,Off-peak,0.9,6.1,0,0,2,None,Low
PK-2024-04171,2024-09-12,01:28,Punjab,Gujranwala,Rural,30.1349,74.691,Cloudy,1500,16.1,43.3,Dawn-Dusk,Wet,Asphalt,2,100,Straight,Flat,Painted,No,2,Truck;Auto-rickshaw,10.8,No,34,No,Partial,No,No,110,None,Mobile Phone,Rollover,Roof,1,656,Off-peak,1.2,8.3,1,4,3,Total,Critical
PK-2024-04172,2024-12-22,19:46,Balochistan,Quetta,Rural,29.1727,65.5548,Cloudy,1500,22.5,5.3,Street-lit,Wet,Asphalt,2,80,Straight,Downhill,None,Yes,1,Motorcycle,5.5,No,53,Partial,Yes,Yes,No,80,None,Human Error,Rear-end,Front,1,1836,Peak,14.3,19.2,0,0,2,None,Low
PK-2024-04173,2024-09-16,01:08,Punjab,Faisalabad,Urban,29.8604,72.0118,Cloudy,198,50.0,50.6,Street-lit,Dry,Asphalt,3,60,Gentle,Flat,Physical,No,3,Motorcycle;Car;Motorcycle,15.7,No,37,No,Not Applicable,Yes,No,50,Swerving,Weather,Head-on,Front,2,353,Off-peak,6.7,14.5,0,0,3,Moderate,Medium
PK-2024-04174,2024-03-17,16:09,Balochistan,Gwadar,Urban,28.3109,67.779,Rain,139,24.3,12.6,Street-lit,Muddy,Concrete,4,100,Straight,Flat,None,No,1,Motorcycle,18.4,No,50,No,Yes,No,No,100,Braking,Mobile Phone,Fixed-object,Rear,1,1701,Off-peak,10.5,17.9,1,1,2,Severe,High
PK-2024-04175,2024-10-18,11:57,Punjab,Multan,Residential,32.1896,73.6176,Rain,202,27.3,2.7,Dawn-Dusk,Potholed,Concrete,4,100,Straight,Flat,Painted,No,2,Car;Car,17.2,No,38,Partial,No,No,Unknown,100,Braking,Speeding,Rollover,Front,1,551,Off-peak,1.1,10.9,1,2,2,Total,Critical
PK-2024-04176,2024-06-12,08:55,Punjab,Rawalpindi,Urban,31.5718,74.3118,Haze,171,28.1,25.8,Daylight,Construction,Asphalt,2,40,Gentle,Flat,Physical,No,2,Bus;Auto-rickshaw,14.6,No,26,No,No,No,No,45,Braking,Weather,Multi-vehicle pileup,Side,2,1623,Off-peak,9.9,15.3,0,2,2,Moderate,Medium
PK-2024-04177,2024-10-25,19:17,Punjab,Faisalabad,Highway,29.6705,74.8815,Cloudy,691,27.9,8.1,Unlit,Wet,Asphalt,4,100,Straight,Flat,Painted,Yes,2,Car;Car,9.8,Yes,50,No,Yes,No,No,120,None,Human Error,Head-on,Rear,1,1613,Off-peak,2.4,5.4,1,2,2,Moderate,High
PK-2024-04178,2024-08-27,16:40,Punjab,Faisalabad,Highway,31.424,72.8196,Clear,410,31.6,14.5,Unlit,Construction,Asphalt,3,40,Gentle,Flat,Physical,Yes,3,Auto-rickshaw;Motorcycle;Motorcycle,8.3,No,28,Yes,Yes,Yes,Yes,35,Braking,Mechanical Failure,Fixed-object,Side,1,163,Off-peak,4.6,10.0,0,0,2,None,Low
PK-2024-04179,2024-06-11,06:18,Punjab,Rawalpindi,Rural,29.7959,72.6588,Cloudy,87,32.9,3.9,Unlit,Dry,Dirt,2,60,Straight,Flat,Physical,Yes,3,Motorcycle;Motorcycle;Auto-rickshaw,3.7,No,28,Yes,Not Applicable,No,No,65,Braking,Wrong Side,Side-swipe,Rear,1,1129,Peak,6.4,12.0,0,0,2,None,Low
PK-2024-04180,2024-03-24,12:46,Sindh,Sukkur,Highway,24.6785,69.0572,Heavy Rain,213,14.8,7.1,Daylight,Dry,Gravel,4,50,Straight,Flat,Physical,Yes,2,Car;Motorcycle,11.1,Yes,35,Yes,Yes,Yes,No,65,Braking,Human Error,Rear-end,Front,1,336,Off-peak,4.8,12.9,0,0,0,Minor,Low
PK-2024-04181,2024-02-13,14:01,Punjab,Bahawalpur,Urban,31.9904,73.6697,Cloudy,197,15.5,4.2,Dawn-Dusk,Icy,Concrete,3,100,Hairpin,Flat,Painted,No,3,Car;Truck;Car,9.2,Yes,52,Yes,Not Applicable,Yes,Unknown,105,None,Human Error,Rear-end,Front,2,1242,Off-peak,6.2,15.4,1,1,3,Severe,High
PK-2024-04182,2024-05-27,09:40,Balochistan,Quetta,Urban,27.6581,65.6902,Clear,363,31.1,25.7,Dawn-Dusk,Dry,Asphalt,2,30,Sharp,Flat,Physical,Yes,2,Car;Car,12.3,No,40,Yes,No,No,No,35,Braking,Wrong Side,Rear-end,Roof,1,1777,Peak,1.7,8.4,0,0,0,None,Low
PK-2024-04183,2024-09-06,13:34,KPK,Swat,Residential,34.078,72.4829,Dust Storm,20,35.3,3.5,Daylight,Dry,Asphalt,4,50,Gentle,Flat,Physical,Yes,2,Motorcycle;Auto-rickshaw,3.8,No,36,No,Yes,No,No,55,Braking,Speeding,Side-swipe,Side,2,52,Peak,4.7,9.9,0,1,2,Moderate,Medium
PK-2024-04184,2024-03-15,10:13,Islamabad,Islamabad,Urban,34.815,72.7781,Fog,20,39.1,6.7,Street-lit,Wet,Asphalt,1,40,Straight,Flat,Painted,No,1,Car,6.0,No,38,No,No,No,No,40,Swerving,Weather,Rollover,Side,1,1112,Off-peak,11.0,16.3,0,2,2,Minor,Medium
PK-2024-04185,2024-04-26,04:27,Balochistan,Quetta,Urban,28.8472,67.8106,Rain,459,48.7,6.0,Daylight,Icy,Dirt,2,50,Straight,Flat,Painted,No,1,Car,3.4,No,25,Partial,Not Applicable,Yes,No,45,None,Animal Crossing,Multi-vehicle pileup,Side,2,253,Off-peak,4.7,12.3,0,0,0,None,Low
PK-2024-04186,2024-04-16,15:06,Sindh,Karachi,Highway,24.9749,68.7223,Cloudy,721,29.5,8.0,Tunnel,Potholed,Dirt,2,80,Gentle,Uphill,Painted,No,2,Auto-rickshaw;Car,7.3,No,57,Yes,Not Applicable,No,No,100,None,Speeding,Rollover,Side,1,1516,Off-peak,10.1,20.5,2,3,1,Severe,Critical
PK-2024-04187,2024-01-11,19:01,KPK,Dera Ismail Khan,Rural,34.1774,71.4307,Cloudy,250,35.6,0.2,Street-lit,Potholed,Asphalt,4,40,Gentle,Uphill,Physical,No,2,Motorcycle;Car,3.7,No,37,Partial,No,No,No,45,None,Wrong Side,Multi-vehicle pileup,Rear,2,104,Off-peak,41.0,52.7,0,3,2,Moderate,High
PK-2024-04188,2024-12-12,23:59,Balochistan,Turbat,Rural,28.2618,65.0701,Clear,1314,30.8,14.4,Street-lit,Construction,Asphalt,3,110,Gentle,Flat,None,Yes,4,Motorcycle;Motorcycle;Motorcycle;Car,17.7,Yes,28,Partial,No,No,Unknown,130,None,Human Error,Rear-end,Side,1,1729,Off-peak,24.2,32.1,0,1,3,Severe,High
PK-2024-04189,2024-01-17,11:47,Sindh,Nawabshah,Urban,25.3892,68.5956,Clear,328,46.8,17.3,Unlit,Dry,Concrete,2,50,Straight,Downhill,None,No,5,Motorcycle;Car;Motorcycle;Motorcycle;Car,14.6,No,16,No,Yes,No,No,45,Braking,Human Error,Head-on,Front,2,1734,Peak,12.7,22.1,0,0,1,Minor,Low
PK-2024-04190,2024-06-06,22:57,Punjab,Sialkot,Highway,30.5131,72.9759,Clear,1278,28.9,7.5,Unlit,Construction,Asphalt,3,110,Sharp,Flat,Physical,Yes,3,Auto-rickshaw;Car;Motorcycle,11.2,No,27,No,Not Applicable,No,No,140,None,Speeding,Multi-vehicle pileup,Front,2,1334,Peak,55.6,72.7,2,3,3,Total,Critical
PK-2024-04191,2024-11-24,04:34,Sindh,Hyderabad,Rural,24.1678,67.8894,Clear,663,18.0,36.8,Daylight,Flooding,Asphalt,4,60,Straight,Flat,Painted,No,3,Motorcycle;Auto-rickshaw;Motorcycle,13.9,Yes,41,Yes,Partial,No,No,90,Swerving,Overloading,Rear-end,Side,1,492,Peak,11.6,18.7,1,3,3,Severe,Critical
PK-2024-04192,2024-02-04,02:39,Punjab,Faisalabad,Residential,30.6863,73.9854,Cloudy,339,38.3,1.7,Dawn-Dusk,Dry,Concrete,2,110,Straight,Flat,Painted,Yes,3,Car;Motorcycle;Bicycle,10.1,No,34,Yes,No,No,No,120,Braking,Signal Violation,Rear-end,Front,1,117,Off-peak,6.3,13.6,0,0,1,None,Low