incident_id,date,time,province,district,road_type,latitude,longitude,weather,visibility_meters,temperature_c,wind_speed_kmh,lighting,road_condition,surface_material,number_of_lanes,speed_limit_kmh,road_curvature,road_gradient,median_type,shoulder_available,num_vehicles,vehicle_types,vehicle_avg_age_years,overloading_detected,driver_age,helmet_usage,seatbelt_usage,mobile_phone_suspected,alcohol_drug_suspected,speed_at_impact_kmh,evasive_action,accident_cause,collision_type,impact_point,num_collisions,traffic_volume_per_hour,peak_off_peak,distance_to_hospital_km,expected_response_min,fatalities,serious_injuries,minor_injuries,property_damage_level,severity
PK-2024-04632,2024-08-13,00:41,KPK,Swat,Highway,34.9743,72.1677,Cloudy,20,24.8,1.1,Unlit,Dry,Asphalt,2,60,Gentle,Uphill,Painted,No,3,Car;Truck;Motorcycle,12.9,No,42,Yes,No,No,No,55,Swerving,Wrong Side,Multi-vehicle pileup,Front,1,1675,Off-peak,8.2,13.7,0,2,3,Moderate,High
PK-2024-04633,2024-04-27,05:55,Punjab,Faisalabad,Rural,30.8875,74.3029,Haze,20,32.0,0.4,Street-lit,Potholed,Concrete,4,50,Straight,Uphill,Physical,Yes,2,Motorcycle;Motorcycle,9.1,Yes,39,Yes,No,No,No,70,None,Wrong Side,Pedestrian,Roof,2,1774,Off-peak,38.5,50.3,1,4,1,Total,Critical
PK-2024-04634,2024-06-04,21:33,Sindh,Sukkur,Rural,24.4858,67.7908,Heavy Rain,907,30.3,0.5,Street-lit,Wet,Concrete,4,40,Gentle,Downhill,Painted,No,3,Bus;Car;Car,17.4,No,22,No,Yes,No,No,40,Swerving,Speeding,Head-on,Roof,3,285,Off-peak,0.5,4.2,0,0,1,Moderate,Medium
PK-2024-04635,2024-09-02,22:06,Punjab,Lahore,Residential,32.0875,74.8512,Dust Storm,117,39.2,27.5,Daylight,Flooding,Asphalt,2,50,Straight,Flat,Physical,Yes,4,Motorcycle;Truck;Truck;Car,16.7,Yes,28,No,Not Applicable,Yes,No,60,None,Human Error,Multi-vehicle pileup,Front,1,611,Off-peak,2.2,7.1,2,3,1,Severe,Critical
PK-2024-04636,2024-06-12,13:21,Punjab,Sialkot,Urban,32.484,73.9429,Cloudy,817,39.1,34.7,Daylight,Muddy,Asphalt,1,100,Gentle,Uphill,Physical,Yes,1,Car,6.9,No,68,No,Yes,No,No,100,None,Overloading,Multi-vehicle pileup,Side,2,987,Off-peak,1.1,12.8,1,3,2,Severe,Critical
PK-2024-04637,2024-09-04,06:11,Islamabad,Islamabad,Urban,33.2687,72.7714,Cloudy,632,31.0,10.2,Street-lit,Icy,Concrete,3,110,Sharp,Flat,Physical,Yes,3,Bicycle;Bus;Motorcycle,12.9,Yes,23,No,Yes,Yes,No,110,None,Wrong Side,Head-on,Front,1,126,Off-peak,1.2,10.0,1,3,2,Total,Critical
PK-2024-04638,2024-06-04,07:19,Punjab,Rawalpindi,Urban,31.8292,72.1668,Fog,268,24.1,42.5,Street-lit,Icy,Asphalt,1,60,Sharp,Downhill,None,Yes,2,Auto-rickshaw;Car,13.6,Yes,21,Partial,Partial,No,Yes,55,None,Speeding,Multi-vehicle pileup,Front,2,600,Off-peak,24.4,36.8,2,3,1,Severe,Critical
PK-2024-04639,2024-04-01,05:59,Sindh,Nawabshah,Highway,24.138,67.6019,Cloudy,174,38.7,22.2,Daylight,Potholed,Concrete,2,60,Gentle,Flat,Painted,No,3,Car;Auto-rickshaw;Truck,4.5,Yes,31,Yes,No,No,No,60,Braking,Weather,Rear-end,Side,1,1274,Off-peak,3.0,10.4,0,0,1,None,Low
PK-2024-04640,2024-12-10,02:03,Sindh,Larkana,Highway,26.2808,67.7503,Rain,60,26.6,15.6,Daylight,Icy,Asphalt,2,60,Hairpin,Uphill,Physical,No,3,Motorcycle;Car;Car,14.7,No,45,Partial,Not Applicable,No,No,70,None,Human Error,Side-swipe,Side,2,1382,Off-peak,40.2,48.7,0,3,2,Severe,High
PK-2024-04641,2024-12-18,14:55,KPK,Swat,Highway,34.6738,71.9816,Clear,20,32.5,4.8,Dawn-Dusk,Wet,Asphalt,4,120,Straight,Flat,Physical,No,1,Auto-rickshaw,3.9,No,46,Partial,No,No,No,120,Swerving,Speeding,Side-swipe,Side,3,1147,Peak,29.7,42.8,1,1,2,Severe,High
PK-2024-04642,2024-12-02,22:58,Sindh,Hyderabad,Highway,26.761,69.3642,Clear,47,35.5,27.5,Daylight,Flooding,Asphalt,2,80,Gentle,Downhill,Painted,No,4,Car;Car;Car;Motorcycle,9.7,No,16,No,No,No,No,90,Braking,Human Error,Rollover,Front,2,1802,Peak,3.7,9.5,3,3,2,Total,Critical
PK-2024-04643,2024-08-28,02:55,KPK,Peshawar,Urban,33.5202,71.1445,Haze,781,21.6,3.1,Daylight,Dry,Concrete,4,60,Straight,Uphill,Physical,Yes,1,Motorcycle,14.5,No,37,No,Yes,No,No,70,Swerving,Signal Violation,Rear-end,Front,2,544,Peak,6.5,13.6,0,0,2,None,Low
PK-2024-04644,2024-03-20,20:24,Balochistan,Khuzdar,Urban,28.8599,65.2689,Clear,247,39.6,1.0,Daylight,Construction,Asphalt,2,120,Gentle,Flat,None,No,5,Truck;Car;Car;Bicycle;Bicycle,15.1,No,33,Yes,No,No,No,160,Braking,Human Error,Multi-vehicle pileup,Front,1,254,Peak,11.9,20.7,1,2,3,Total,Critical
PK-2024-04645,2024-04-19,15:30,Punjab,Lahore,Urban,30.5687,72.4554,Fog,228,17.5,8.9,Street-lit,Potholed,Concrete,3,40,Straight,Flat,Physical,Yes,2,Car;Car,11.7,No,16,No,Yes,No,No,35,Swerving,Mobile Phone,Rollover,Side,1,1960,Peak,14.9,24.0,0,0,2,Minor,Medium
PK-2024-04646,2024-12-18,01:39,Punjab,Multan,Urban,32.4426,74.6019,Heavy Rain,60,32.2,16.2,Unlit,Dry,Asphalt,2,40,Straight,Flat,Painted,Yes,4,Car;Motorcycle;Motorcycle;Car,14.7,No,20,No,Yes,No,No,40,None,Human Error,Rear-end,Front,1,1724,Peak,14.1,21.4,0,1,1,Moderate,Medium
PK-2024-04647,2024-09-03,13:10,Punjab,Gujranwala,Residential,30.1919,74.0807,Cloudy,24,25.3,10.9,Street-lit,Construction,Concrete,3,40,Gentle,Downhill,None,Yes,4,Truck;Motorcycle;Car;Motorcycle,16.5,Yes,41,No,No,No,No,40,Swerving,Mechanical Failure,Rear-end,Roof,1,202,Peak,3.9,14.3,0,0,2,Minor,Low
PK-2024-04648,2024-06-18,11:09,Sindh,Nawabshah,Urban,26.3807,68.7946,Heavy Rain,674,33.4,10.1,Daylight,Potholed,Gravel,6,60,Straight,Downhill,Physical,No,4,Car;Bus;Motorcycle;Auto-rickshaw,9.6,No,34,No,Yes,No,No,70,None,Animal Crossing,Head-on,Side,1,820,Off-peak,0.5,3.0,0,3,2,Severe,High
PK-2024-04649,2024-12-27,05:21,Punjab,Faisalabad,Highway,31.363,72.2123,Clear,20,40.1,6.4,Daylight,Wet,Asphalt,2,110,Gentle,Flat,None,Yes,2,Truck;Car,18.1,No,30,Partial,Yes,No,No,150,None,Speeding,Rollover,Front,1,1571,Peak,1.6,6.8,2,2,1,Total,Critical
PK-2024-04650,2024-05-05,12:54,Punjab,Faisalabad,Urban,31.8945,74.8086,Rain,387,27.8,21.3,Unlit,Wet,Asphalt,4,80,Straight,Flat,Painted,Yes,2,Truck;Motorcycle,18.7,No,16,No,Yes,No,No,80,Braking,Signal Violation,Fixed-object,Front,2,1664,Peak,0.9,5.6,0,1,4,Moderate,High
PK-2024-04651,2024-12-13,21:18,Punjab,Lahore,Urban,29.9251,73.3846,Clear,226,31.7,29.6,Street-lit,Muddy,Asphalt,2,60,Straight,Flat,None,No,2,Truck;Car,6.5,No,33,No,Not Applicable,No,No,50,Braking,Mobile Phone,Side-swipe,Side,2,1768,Off-peak,6.5,16.6,0,0,1,Minor,Low
PK-2024-04652,2024-04-09,04:06,Sindh,Nawabshah,Rural,25.2032,67.6812,Rain,699,23.5,14.8,Street-lit,Dry,Gravel,2,60,Gentle,Flat,Painted,No,3,Motorcycle;Auto-rickshaw;Motorcycle,9.2,No,43,Yes,No,No,No,80,Braking,Overloading,Fixed-object,Front,2,109,Peak,10.6,21.5,0,2,3,Minor,Medium
PK-2024-04653,2024-11-07,19:26,Balochistan,Turbat,Urban,27.5835,65.3137,Clear,85,24.4,10.4,Daylight,Dry,Asphalt,4,100,Gentle,Uphill,None,Yes,2,Truck;Motorcycle,18.6,No,25,Yes,No,No,No,120,Braking,Speeding,Head-on,Rear,1,1724,Off-peak,12.4,17.1,0,1,3,Severe,High
PK-2024-04654,2024-04-28,10:43,Punjab,Gujranwala,Highway,30.5883,74.7763,Clear,722,20.4,3.5,Street-lit,Icy,Asphalt,4,60,Gentle,Uphill,Physical,Yes,3,Car;Truck;Car,5.6,No,48,Yes,No,No,No,70,Braking,Weather,Fixed-object,Front,2,1380,Peak,5.8,13.5,0,0,3,Moderate,Medium
PK-2024-04655,2024-06-23,14:48,Punjab,Bahawalpur,Urban,31.5802,73.7307,Clear,237,19.2,58.3,Daylight,Icy,Concrete,2,60,Gentle,Flat,Painted,No,2,Motorcycle;Motorcycle,3.7,No,50,Partial,Not Applicable,No,No,80,Braking,Human Error,Multi-vehicle pileup,Front,1,810,Peak,3.6,13.6,0,1,3,Severe,High
PK-2024-04656,2024-11-17,23:21,Punjab,Rawalpindi,Highway,30.0033,72.3313,Clear,480,25.6,1.9,Street-lit,Dry,Asphalt,2,100,Hairpin,Uphill,Painted,Yes,2,Auto-rickshaw;Bus,16.4,No,18,Yes,Yes,No,Unknown,110,None,Speeding,Rear-end,Front,1,132,Peak,13.4,24.2,0,1,2,Minor,Medium
PK-2024-04657,2024-06-21,19:00,Sindh,Hyderabad,Rural,25.2957,68.3372,Dust Storm,569,25.6,1.2,Street-lit,Wet,Concrete,3,30,Gentle,Downhill,Painted,Yes,2,Motorcycle;Motorcycle,15.8,No,36,Yes,Partial,No,No,45,Swerving,Wrong Side,Side-swipe,Rear,2,1326,Peak,6.8,13.3,0,0,0,Minor,Low
PK-2024-04658,2024-11-03,08:27,KPK,Dera Ismail Khan,Urban,34.1384,71.2771,Rain,413,41.3,5.7,Daylight,Potholed,Asphalt,1,60,Gentle,Flat,Painted,Yes,1,Motorcycle,12.4,No,30,Yes,Yes,No,No,60,Braking,Human Error,Fixed-object,Side,3,1787,Off-peak,1.1,5.3,0,0,2,Minor,Low
PK-2024-04659,2024-06-09,10:34,Punjab,Lahore,Urban,32.1499,72.1228,Fog,267,13.2,2.6,Unlit,Wet,Concrete,4,110,Sharp,Uphill,None,Yes,5,Auto-rickshaw;Motorcycle;Car;Truck;Bus,5.7,No,50,Partial,Yes,No,No,110,Braking,Signal Violation,Side-swipe,Front,2,338,Peak,13.7,21.8,0,1,2,Severe,High
PK-2024-04660,2024-12-18,18:47,Punjab,Sargodha,Urban,30.1951,72.6937,Haze,21,26.0,4.6,Tunnel,Dry,Asphalt,4,110,Sharp,Flat,Painted,Yes,2,Car;Motorcycle,14.3,No,35,No,No,No,No,110,Braking,Wrong Side,Rear-end,Front,2,1377,Off-peak,14.3,26.6,1,1,2,Severe,High
PK-2024-04661,2024-05-19,00:04,Punjab,Faisalabad,Urban,31.1472,74.5223,Fog,137,22.5,3.9,Street-lit,Dry,Asphalt,4,30,Sharp,Flat,Physical,Yes,4,Motorcycle;Auto-rickshaw;Motorcycle;Motorcycle,19.1,No,40,Yes,Yes,No,No,30,Swerving,Speeding,Head-on,Side,2,1452,Off-peak,5.2,6.5,0,0,3,Minor,Medium
PK-2024-04662,2024-06-26,20:02,Sindh,Nawabshah,Rural,26.0148,66.8319,Cloudy,261,32.7,2.2,Street-lit,Potholed,Asphalt,2,100,Gentle,Downhill,Painted,Yes,3,Motorcycle;Auto-rickshaw;Car,8.5,No,22,Yes,Partial,No,Yes,140,None,Mobile Phone,Multi-vehicle pileup,Side,1,701,Off-peak,8.6,20.1,3,3,2,Severe,Critical
PK-2024-04663,2024-05-14,17:18,Balochistan,Gwadar,Highway,30.03,67.4951,Clear,401,29.2,17.1,Street-lit,Potholed,Asphalt,1,40,Gentle,Flat,Painted,No,3,Motorcycle;Motorcycle;Motorcycle,16.5,Yes,49,No,No,No,No,45,Braking,Mobile Phone,Head-on,Side,2,1591,Peak,8.5,13.7,1,2,3,Moderate,High
PK-2024-04664,2024-08-04,03:40,KPK,Dera Ismail Khan,Urban,33.1197,70.6337,Heavy Rain,404,25.2,25.5,Dawn-Dusk,Flooding,Asphalt,3,60,Hairpin,Flat,Painted,Yes,2,Motorcycle;Car,3.0,No,37,Yes,Yes,No,No,55,Braking,Weather,Head-on,Front,2,1777,Off-peak,12.0,18.6,2,3,2,Total,Critical
PK-2024-04665,2024-06-03,16:48,Punjab,Sargodha,Urban,32.2998,72.6482,Haze,205,37.7,0.3,Daylight,Icy,Asphalt,3,60,Gentle,Flat,Physical,Yes,4,Bus;Bicycle;Motorcycle;Car,13.8,No,16,No,No,No,No,75,Braking,Mobile Phone,Rear-end,Front,1,1820,Off-peak,3.5,5.6,0,3,3,Moderate,High
PK-2024-04666,2024-12-02,10:05,Punjab,Bahawalpur,Urban,30.2632,74.7441,Heavy Rain,461,37.3,4.2,Street-lit,Dry,Asphalt,2,50,Gentle,Flat,None,No,4,Truck;Auto-rickshaw;Car;Car,5.1,No,19,Yes,Partial,No,No,45,Braking,Weather,Pedestrian,Rear,3,340,Off-peak,7.7,14.7,0,0,2,Moderate,Medium
PK-2024-04667,2024-04-24,23:47,Islamabad,Islamabad,Urban,33.3045,71.7537,Haze,489,17.7,4.0,Unlit,Wet,Gravel,1,120,Sharp,Flat,Physical,Yes,3,Car;Bus;Motorcycle,9.9,No,36,No,Partial,No,No,130,None,Mobile Phone,Head-on,Front,1,1691,Off-peak,19.6,25.6,2,2,3,Severe,Critical
PK-2024-04668,2024-03-27,12:28,KPK,Abbottabad,Rural,34.27,71.8828,Rain,526,23.8,7.0,Street-lit,Dry,Asphalt,4,60,Gentle,Flat,Physical,Yes,4,Car;Motorcycle;Motorcycle;Bus,11.9,No,26,Yes,Not Applicable,No,No,60,Swerving,Mobile Phone,Fixed-object,Front,1,240,Off-peak,33.7,49.5,0,0,2,None,Low
PK-2024-04669,2024-03-19,21:59,Balochistan,Gwadar,Urban,28.4319,66.4436,Rain,562,38.7,16.3,Dawn-Dusk,Wet,Gravel,6,60,Sharp,Downhill,Painted,No,2,Bicycle;Car,16.3,No,28,Yes,Yes,No,No,60,Swerving,Weather,Multi-vehicle pileup,Rear,2,886,Off-peak,3.6,5.2,0,0,2,Moderate,Medium
PK-2024-04670,2024-11-09,02:48,Sindh,Larkana,Residential,25.1459,69.1963,Haze,999,22.5,25.6,Street-lit,Muddy,Gravel,2,30,Straight,Flat,None,No,4,Motorcycle;Auto-rickshaw;Car;Car,17.2,No,43,No,No,No,No,30,Swerving,Weather,Fixed-object,Front,2,377,Off-peak,21.1,30.0,0,0,1,Moderate,Medium
PK-2024-04671,2024-10-28,06:27,Punjab,Multan,Urban,29.7579,74.6117,Cloudy,271,24.5,11.9,Daylight,Flooding,Asphalt,2,120,Gentle,Uphill,Physical,No,2,Car;Bus,12.8,No,24,Yes,Not Applicable,No,No,130,Swerving,Overloading,Multi-vehicle pileup,Front,1,611,Off-peak,12.0,21.8,1,4,3,Severe,Critical
PK-2024-04672,2024-12-23,21:55,Punjab,Lahore,Residential,31.4545,72.3278,Clear,1453,27.9,3.8,Daylight,Dry,Asphalt,4,120,Sharp,Flat,Physical,No,3,Motorcycle;Motorcycle;Car,4.7,No,33,Yes,Partial,No,No,125,None,Wrong Side,Side-swipe,Front,1,148,Peak,10.1,19.2,0,0,1,Minor,Low
PK-2024-04673,2024-06-13,20:20,Islamabad,Islamabad,Rural,32.8857,71.6018,Rain,564,31.8,0.3,Street-lit,Flooding,Dirt,1,80,Sharp,Flat,None,Yes,3,Auto-rickshaw;Car;Motorcycle,5.2,No,30,Yes,Not Applicable,No,Unknown,90,Swerving,Speeding,Fixed-object,Roof,1,371,Peak,10.6,15.3,2,3,3,Severe,Critical
PK-2024-04674,2024-10-09,06:44,Sindh,Larkana,Highway,24.4876,68.9731,Haze,48,17.8,7.5,Tunnel,Dry,Asphalt,4,110,Straight,Uphill,Physical,Yes,1,Bicycle,16.6,Yes,18,No,No,No,No,125,Swerving,Mobile Phone,Pedestrian,Front,1,145,Peak,2.8,3.5,1,3,1,Severe,Critical
PK-2024-04675,2024-05-26,09:20,Punjab,Gujranwala,Urban,31.9377,73.6806,Clear,111,35.0,16.5,Tunnel,Dry,Asphalt,3,60,Straight,Flat,Physical,No,4,Truck;Truck;Truck;Motorcycle,10.6,No,65,Yes,Yes,No,No,55,None,Human Error,Side-swipe,Front,2,321,Peak,57.2,70.1,0,0,2,Minor,Low
PK-2024-04676,2024-01-11,05:25,KPK,Mardan,Rural,33.8029,71.2011,Clear,222,42.8,41.4,Dawn-Dusk,Wet,Asphalt,2,100,Straight,Uphill,None,Yes,4,Motorcycle;Car;Motorcycle;Bicycle,5.9,No,65,No,Not Applicable,Yes,No,115,Braking,Speeding,Side-swipe,Roof,2,1549,Peak,5.8,15.0,0,1,3,Severe,High
PK-2024-04677,2024-12-22,09:31,Punjab,Lahore,Rural,31.8885,72.9421,Dust Storm,1372,37.6,38.0,Street-lit,Dry,Concrete,6,40,Straight,Downhill,None,Yes,2,Motorcycle;Car,9.1,No,46,Yes,Yes,No,No,30,Braking,Signal Violation,Side-swipe,Rear,1,1088,Off-peak,1.1,8.1,0,0,2,None,Low
PK-2024-04678,2024-05-23,22:07,Punjab,Rawalpindi,Rural,32.1668,72.7865,Clear,1500,29.6,3.9,Street-lit,Dry,Asphalt,2,50,Sharp,Downhill,Painted,No,2,Motorcycle;Motorcycle,6.5,No,32,No,No,Yes,No,55,Braking,Signal Violation,Multi-vehicle pileup,Roof,1,1172,Peak,8.4,11.4,0,1,2,Moderate,Medium
PK-2024-04679,2024-01-10,13:18,Punjab,Bahawalpur,Rural,30.9551,73.0959,Clear,60,28.2,4.2,Dawn-Dusk,Potholed,Asphalt,3,80,Gentle,Downhill,None,No,2,Truck;Bus,6.5,No,39,Partial,No,No,No,90,None,Speeding,Side-swipe,Rear,1,1576,Off-peak,16.5,22.5,3,3,2,Severe,Critical
PK-2024-04680,2024-07-27,15:41,Sindh,Larkana,Residential,25.9367,69.4131,Rain,278,28.1,2.0,Daylight,Muddy,Dirt,4,80,Gentle,Flat,Physical,No,3,Auto-rickshaw;Car;Motorcycle,9.9,No,52,No,Not Applicable,Yes,No,75,Swerving,Signal Violation,Rear-end,Rear,1,910,Off-peak,7.4,17.3,0,0,1,Moderate,Medium
PK-2024-04681,2024-03-13,16:43,Punjab,Sargodha,Rural,31.5781,74.1741,Fog,335,40.6,8.7,Daylight,Dry,Asphalt,2,60,Straight,Flat,Physical,Yes,2,Motorcycle;Car,4.1,No,41,No,Yes,No,No,60,None,Wrong Side,Head-on,Front,1,449,Off-peak,51.1,64.7,0,1,2,Minor,Medium
PK-2024-04682,2024-09-25,15:36,Punjab,Lahore,Rural,29.6396,74.9489,Heavy Rain,466,28.0,10.9,Daylight,Wet,Asphalt,4,60,Sharp,Flat,None,No,2,Car;Car,4.9,Yes,48,Yes,Not Applicable,Yes,No,60,None,Speeding,Pedestrian,Front,2,1274,Off-peak,80.0,90.0,0,2,2,Severe,High
PK-2024-04683,2024-03-17,07:05,Punjab,Sargodha,Urban,30.4968,74.8666,Clear,20,26.4,0.7,Street-lit,Flooding,Concrete,4,50,Sharp,Flat,Painted,No,1,Car,9.1,No,26,No,No,No,No,55,None,Wrong Side,Pedestrian,Side,2,1518,Peak,7.5,13.1,1,4,2,Total,Critical
PK-2024-04684,2024-08-21,01:04,Sindh,Nawabshah,Residential,26.5501,69.4257,Haze,484,25.6,14.8,Tunnel,Dry,Gravel,4,60,Sharp,Downhill,Physical,Yes,2,Truck;Motorcycle,14.5,No,28,No,No,No,No,70,Swerving,Mechanical Failure,Side-swipe,Front,2,1144,Off-peak,4.9,8.3,0,0,1,None,Low
PK-2024-04685,2024-12-05,03:48,Punjab,Lahore,Residential,30.5095,74.8852,Fog,792,30.3,24.7,Street-lit,Construction,Asphalt,2,50,Hairpin,Flat,Painted,Yes,1,Motorcycle,10.5,No,34,Yes,Partial,No,No,65,Swerving,Mobile Phone,Side-swipe,Side,2,1452,Peak,1.7,8.1,0,0,0,Minor,Low
PK-2024-04686,2024-12-11,11:45,KPK,Abbottabad,Rural,33.0986,70.1351,Rain,248,35.1,47.9,Street-lit,Wet,Asphalt,4,60,Sharp,Flat,Painted,Yes,2,Bus;Bus,17.7,Yes,17,No,Yes,No,No,65,Braking,Human Error,Side-swipe,Side,2,805,Off-peak,0.7,6.7,0,0,2,Moderate,Medium
PK-2024-04687,2024-06-16,10:30,Sindh,Larkana,Urban,26.5191,69.1499,Clear,612,28.9,9.8,Daylight,Dry,Concrete,4,30,Sharp,Flat,Physical,Yes,2,Truck;Car,12.2,Yes,27,No,Partial,No,No,70,Swerving,Animal Crossing,Rear-end,Side,1,975,Off-peak,11.0,17.9,0,1,1,Moderate,Medium
PK-2024-04688,2024-01-18,12:11,Balochistan,Turbat,Residential,28.6049,67.1285,Fog,1359,34.4,7.5,Street-lit,Dry,Concrete,4,40,Straight,Flat,Physical,Yes,2,Bus;Truck,15.3,Yes,46,Partial,Yes,Yes,Unknown,35,None,Speeding,Multi-vehicle pileup,Rear,2,112,Peak,12.0,16.4,0,0,2,Moderate,Medium
PK-2024-04689,2024-07-16,16:23,Punjab,Multan,Urban,32.4518,73.8376,Rain,20,26.2,7.5,Daylight,Wet,Dirt,2,30,Gentle,Flat,Painted,Yes,2,Motorcycle;Bus,15.1,Yes,31,Yes,Yes,No,No,40,Swerving,Wrong Side,Side-swipe,Front,2,1573,Peak,25.2,28.9,0,0,2,Minor,Low
PK-2024-04690,2024-11-20,12:21,KPK,Abbottabad,Urban,32.6367,71.1651,Clear,382,14.7,6.9,Daylight,Flooding,Asphalt,2,50,Straight,Flat,Physical,Yes,4,Motorcycle;Auto-rickshaw;Motorcycle;Truck,14.2,No,32,Yes,Partial,No,No,60,None,Human Error,Multi-vehicle pileup,Side,1,633,Off-peak,6.8,15.0,0,2,3,Moderate,Medium
PK-2024-04691,2024-08-24,15:27,Sindh,Sukkur,Rural,26.6527,69.0188,Fog,22,29.6,1.9,Daylight,Construction,Dirt,2,50,Hairpin,Flat,Physical,Yes,2,Truck;Car,8.1,No,37,Yes,Yes,No,No,45,Swerving,Wrong Side,Rollover,Front,3,415,Peak,1.4,13.6,0,2,2,Severe,High
PK-2024-04692,2024-09-03,14:50,Islamabad,Islamabad,Urban,32.6789,74.4779,Fog,265,21.3,34.0,Unlit,Dry,Asphalt,2,60,Gentle,Flat,Painted,Yes,4,Truck;Motorcycle;Motorcycle;Auto-rickshaw,9.4,Yes,36,Partial,Yes,Yes,No,60,Swerving,Wrong Side,Rear-end,Side,2,460,Off-peak,5.4,11.6,0,2,3,Minor,Medium
PK-2024-04693,2024-08-28,23:12,Punjab,Rawalpindi,Urban,30.11,72.334,Clear,566,32.5,26.3,Street-lit,Dry,Asphalt,6,60,Gentle,Flat,Painted,No,1,Truck,4.9,No,21,Yes,No,No,No,90,Braking,Speeding,Fixed-object,Rear,2,454,Peak,5.8,11.4,0,1,2,Moderate,High
PK-2024-04694,2024-06-03,19:31,KPK,Peshawar,Residential,33.6335,71.9284,Fog,192,35.9,18.9,Tunnel,Icy,Asphalt,2,80,Straight,Flat,None,Yes,2,Bus;Auto-rickshaw,8.0,No,44,No,No,No,No,80,None,Human Error,Rollover,Rear,2,1753,Off-peak,12.6,19.4,1,3,3,Severe,Critical
PK-2024-04695,2024-12-08,04:37,Sindh,Larkana,Rural,25.141,66.8352,Clear,33,32.1,1.5,Daylight,Wet,Concrete,1,120,Straight,Flat,None,No,2,Bus;Car,5.0,No,28,Yes,No,No,No,110,Braking,Speeding,Rear-end,Front,1,1440,Peak,3.9,4.5,0,1,2,Minor,Medium
PK-2024-04696,2024-09-03,13:49,Punjab,Faisalabad,Urban,31.4295,73.1195,Clear,262,32.1,11.3,Dawn-Dusk,Dry,Dirt,1,120,Straight,Downhill,Physical,Yes,4,Car;Motorcycle;Truck;Car,12.6,Yes,26,No,No,No,Unknown,115,Swerving,Animal Crossing,Rear-end,Side,3,1680,Peak,13.8,19.7,1,2,3,Severe,High
PK-2024-04697,2024-07-12,11:56,Sindh,Sukkur,Urban,25.3967,66.5062,Cloudy,238,16.5,32.3,Street-lit,Wet,Asphalt,2,80,Gentle,Uphill,Physical,No,2,Auto-rickshaw;Truck,13.4,No,27,Partial,Not Applicable,No,Unknown,90,Swerving,Signal Violation,Fixed-object,Front,1,1653,Peak,0.6,5.9,0,1,2,Moderate,Medium
PK-2024-04698,2024-01-08,22:38,Punjab,Sialkot,Residential,31.5538,73.9694,Rain,899,42.9,6.9,Daylight,Dry,Dirt,2,50,Hairpin,Flat,Painted,No,2,Car;Car,12.4,No,34,Yes,Yes,No,Unknown,50,None,Wrong Side,Fixed-object,Rear,1,667,Peak,16.3,25.2,0,0,0,Minor,Low
PK-2024-04699,2024-02-23,15:27,Punjab,Sargodha,Highway,31.031,72.8235,Rain,167,32.6,15.4,Daylight,Construction,Asphalt,3,50,Sharp,Downhill,Physical,Yes,3,Bus;Motorcycle;Motorcycle,15.8,No,22,Yes,No,No,No,50,None,Animal Crossing,Side-swipe,Side,2,1599,Off-peak,20.8,25.1,0,2,3,Moderate,Medium
PK-2024-04700,2024-11-19,08:45,Balochistan,Turbat,Highway,29.9525,66.9537,Clear,1500,34.4,4.1,Daylight,Dry,Concrete,4,50,Straight,Flat,Physical,Yes,2,Car;Motorcycle,11.6,No,36,Yes,Yes,No,No,60,None,Wrong Side,Multi-vehicle pileup,Rear,1,125,Peak,25.7,32.5,0,0,0,None,Low
PK-2024-04701,2024-07-08,22:39,Sindh,Sukkur,Rural,25.1521,68.9637,Clear,98,38.2,0.6,Tunnel,Wet,Asphalt,1,50,Straight,Flat,Physical,No,3,Car;Truck;Motorcycle,7.4,No,16,No,Partial,No,Unknown,45,Braking,Human Error,Multi-vehicle pileup,Side,1,800,Off-peak,2.8,11.5,0,0,1,Minor,Medium
PK-2024-04702,2024-01-28,19:14,Punjab,Rawalpindi,Rural,29.8892,73.7127,Haze,64,22.7,0.7,Street-lit,Muddy,Gravel,1,100,Sharp,Flat,None,Yes,2,Motorcycle;Motorcycle,16.2,No,26,Yes,Not Applicable,No,No,90,Braking,Weather,Rear-end,Side,1,208,Off-peak,12.4,23.9,0,2,2,Severe,High
PK-2024-04703,2024-10-03,08:02,Punjab,Sargodha,Urban,30.6983,72.279,Dust Storm,173,33.5,2.9,Street-lit,Dry,Concrete,2,60,Sharp,Flat,Painted,Yes,1,Car,3.8,No,50,Partial,Yes,No,No,50,Swerving,Signal Violation,Head-on,Rear,1,355,Peak,9.1,13.2,0,1,3,Minor,Medium
PK-2024-04704,2024-11-28,11:56,Islamabad,Islamabad,Highway,34.2736,73.4864,Rain,1351,33.1,4.3,Street-lit,Dry,Concrete,2,60,Straight,Flat,Physical,Yes,2,Motorcycle;Car,10.7,No,38,Partial,No,Yes,No,70,Braking,Human Error,Rear-end,Front,1,1597,Peak,1.9,5.1,0,0,1,None,Low