incident_id,date,time,province,district,road_type,latitude,longitude,weather,visibility_meters,temperature_c,wind_speed_kmh,lighting,road_condition,surface_material,number_of_lanes,speed_limit_kmh,road_curvature,road_gradient,median_type,shoulder_available,num_vehicles,vehicle_types,vehicle_avg_age_years,overloading_detected,driver_age,helmet_usage,seatbelt_usage,mobile_phone_suspected,alcohol_drug_suspected,speed_at_impact_kmh,evasive_action,accident_cause,collision_type,impact_point,num_collisions,traffic_volume_per_hour,peak_off_peak,distance_to_hospital_km,expected_response_min,fatalities,serious_injuries,minor_injuries,property_damage_level,severity
PK-2024-04853,2024-03-03,05:13,Punjab,Gujranwala,Highway,29.5713,72.0433,Clear,20,21.8,14.5,Daylight,Dry,Concrete,2,50,Gentle,Downhill,Painted,Yes,5,Car;Motorcycle;Motorcycle;Motorcycle;Auto-rickshaw,11.4,No,24,Partial,Yes,No,No,60,None,Human Error,Rollover,Front,1,1045,Off-peak,0.9,6.0,0,0,3,Minor,Medium
PK-2024-04854,2024-08-18,23:43,KPK,Swat,Rural,34.645,71.6865,Clear,1500,29.5,7.1,Daylight,Wet,Concrete,2,50,Sharp,Flat,None,No,4,Car;Motorcycle;Truck;Auto-rickshaw,9.8,No,39,No,Partial,No,No,70,None,Speeding,Pedestrian,Roof,1,57,Off-peak,23.2,32.1,1,2,3,Moderate,High
PK-2024-04855,2024-09-16,11:08,KPK,Abbottabad,Urban,34.7224,70.2821,Cloudy,461,31.7,2.6,Daylight,Dry,Asphalt,3,40,Straight,Flat,Physical,Yes,3,Car;Motorcycle;Car,4.0,Yes,40,Yes,No,No,No,35,Braking,Speeding,Pedestrian,Front,1,385,Peak,12.4,19.8,0,0,0,Minor,Low
PK-2024-04856,2024-08-24,14:20,KPK,Swat,Highway,32.4044,70.8476,Cloudy,405,10.0,0.3,Daylight,Wet,Dirt,2,50,Hairpin,Flat,Physical,Yes,3,Motorcycle;Bicycle;Car,7.1,No,25,No,Not Applicable,No,No,50,None,Mechanical Failure,Multi-vehicle pileup,Front,1,1150,Off-peak,18.4,24.9,0,3,2,Severe,High
PK-2024-04857,2024-04-14,10:47,Punjab,Sialkot,Highway,29.5886,72.844,Haze,1409,23.6,11.8,Unlit,Potholed,Asphalt,1,110,Straight,Downhill,Painted,No,3,Motorcycle;Bus;Motorcycle,15.3,No,37,Yes,Yes,Yes,No,100,Braking,Human Error,Side-swipe,Side,1,1604,Off-peak,4.9,11.1,0,1,2,Moderate,Medium
PK-2024-04858,2024-01-06,14:20,Punjab,Sargodha,Highway,30.4327,72.2015,Clear,1246,35.4,5.3,Street-lit,Wet,Concrete,2,80,Gentle,Flat,None,Yes,4,Truck;Car;Car;Motorcycle,11.7,No,45,Yes,No,No,No,90,Braking,Human Error,Rear-end,Rear,1,1846,Peak,4.8,13.4,0,0,0,Minor,Low
PK-2024-04859,2024-06-05,20:57,KPK,Peshawar,Urban,33.6059,70.7267,Heavy Rain,124,26.7,9.1,Dawn-Dusk,Dry,Dirt,3,80,Straight,Downhill,None,Yes,1,Bus,19.3,Yes,27,Yes,Yes,No,No,120,Swerving,Weather,Rear-end,Side,2,965,Off-peak,26.1,39.9,1,3,2,Severe,Critical
PK-2024-04860,2024-03-05,17:11,Sindh,Sukkur,Urban,25.2688,68.377,Fog,160,31.5,24.2,Daylight,Construction,Asphalt,2,50,Straight,Downhill,Painted,No,2,Car;Motorcycle,16.5,No,36,No,No,No,No,50,Braking,Human Error,Rear-end,Front,1,359,Off-peak,4.1,6.5,0,2,2,Moderate,Medium
PK-2024-04861,2024-12-15,03:40,Punjab,Lahore,Urban,30.8117,73.5748,Clear,746,29.0,4.9,Daylight,Muddy,Gravel,4,50,Gentle,Uphill,Painted,Yes,1,Bus,10.6,No,27,No,No,Yes,No,65,None,Human Error,Head-on,Front,2,829,Off-peak,4.7,6.9,0,1,2,Moderate,Medium
PK-2024-04862,2024-01-14,05:03,Punjab,Faisalabad,Urban,30.0437,73.0057,Clear,747,12.4,4.6,Daylight,Potholed,Asphalt,4,60,Gentle,Uphill,None,Yes,2,Bus;Motorcycle,10.0,No,36,Partial,Partial,No,No,65,None,Animal Crossing,Side-swipe,Front,1,801,Peak,0.6,5.4,0,0,0,Minor,Low
PK-2024-04863,2024-07-23,09:18,Punjab,Multan,Highway,30.615,74.7513,Rain,221,25.0,12.0,Street-lit,Dry,Asphalt,1,60,Straight,Flat,Physical,Yes,2,Bicycle;Motorcycle,19.6,No,45,No,Partial,Yes,No,100,None,Signal Violation,Head-on,Side,1,1148,Off-peak,27.5,42.1,3,2,3,Total,Critical
PK-2024-04864,2024-12-16,16:17,Islamabad,Islamabad,Rural,34.6712,73.9951,Clear,235,27.0,3.6,Daylight,Potholed,Asphalt,2,110,Straight,Flat,Painted,Yes,5,Car;Car;Motorcycle;Motorcycle;Car,12.0,No,19,Yes,Not Applicable,Yes,No,130,Braking,Overloading,Rear-end,Rear,1,867,Off-peak,2.6,9.5,0,1,2,Moderate,Medium
PK-2024-04865,2024-12-22,16:21,Punjab,Lahore,Rural,29.6898,72.1169,Rain,331,31.3,30.4,Unlit,Dry,Asphalt,2,110,Straight,Flat,Painted,No,2,Motorcycle;Motorcycle,2.0,No,36,No,Yes,No,No,150,Swerving,Weather,Side-swipe,Front,1,413,Peak,9.8,17.6,0,2,4,Severe,High
PK-2024-04866,2024-11-22,11:24,Sindh,Larkana,Urban,25.3975,68.8791,Rain,427,26.6,2.1,Dawn-Dusk,Dry,Asphalt,6,60,Straight,Flat,None,Yes,3,Car;Car;Truck,12.9,No,40,Yes,Partial,No,No,70,Swerving,Wrong Side,Head-on,Front,1,1817,Peak,22.8,33.0,0,0,3,Minor,Medium
PK-2024-04867,2024-04-19,13:10,Punjab,Bahawalpur,Urban,31.7264,73.7726,Fog,492,28.8,4.2,Tunnel,Dry,Gravel,1,60,Straight,Flat,Physical,No,3,Bicycle;Car;Motorcycle,6.4,Yes,38,No,No,Yes,No,60,Braking,Speeding,Fixed-object,Front,1,438,Off-peak,1.3,3.0,0,1,3,Moderate,Medium
PK-2024-04868,2024-07-08,17:16,Sindh,Nawabshah,Urban,24.5128,68.6954,Clear,77,24.5,2.1,Daylight,Potholed,Asphalt,1,30,Sharp,Flat,Physical,Yes,3,Car;Car;Car,17.1,No,20,No,Partial,No,No,50,None,Wrong Side,Head-on,Rear,1,1378,Off-peak,1.1,10.0,0,3,3,Severe,High
PK-2024-04869,2024-07-02,08:30,Punjab,Faisalabad,Highway,29.5014,73.9426,Fog,162,17.8,1.3,Daylight,Dry,Asphalt,2,80,Hairpin,Flat,None,No,3,Motorcycle;Auto-rickshaw;Truck,10.5,No,23,No,No,No,Unknown,110,Swerving,Weather,Side-swipe,Rear,1,706,Peak,7.6,15.5,1,2,2,Total,Critical
PK-2024-04870,2024-03-15,19:08,Punjab,Sialkot,Urban,30.9973,72.422,Fog,212,14.7,6.1,Unlit,Potholed,Dirt,3,30,Sharp,Flat,Painted,Yes,3,Motorcycle;Motorcycle;Car,6.9,No,43,No,No,No,No,50,None,Weather,Head-on,Front,1,72,Off-peak,0.5,6.8,1,4,2,Severe,Critical
PK-2024-04871,2024-05-17,17:05,Islamabad,Islamabad,Urban,34.0711,74.4074,Rain,1231,17.9,2.7,Street-lit,Flooding,Concrete,2,60,Straight,Uphill,Painted,No,3,Motorcycle;Truck;Car,16.0,No,16,No,Yes,No,No,65,None,Speeding,Side-swipe,Rear,1,902,Off-peak,4.2,6.3,0,1,3,Minor,Medium
PK-2024-04872,2024-05-21,04:55,Punjab,Gujranwala,Urban,30.6463,72.993,Heavy Rain,375,32.9,6.7,Tunnel,Dry,Concrete,4,50,Gentle,Downhill,None,Yes,3,Motorcycle;Bicycle;Motorcycle,8.2,No,30,Yes,No,No,No,70,Braking,Human Error,Rollover,Front,2,653,Off-peak,3.3,11.0,0,3,3,Moderate,High
PK-2024-04873,2024-01-16,08:40,Balochistan,Turbat,Urban,29.7958,65.1919,Haze,1500,26.8,4.5,Unlit,Potholed,Gravel,2,60,Gentle,Uphill,None,Yes,3,Auto-rickshaw;Motorcycle;Motorcycle,7.2,No,30,No,Yes,No,No,60,Braking,Weather,Head-on,Front,2,247,Off-peak,31.2,50.5,1,2,4,Severe,High
PK-2024-04874,2024-02-19,13:51,Punjab,Gujranwala,Urban,31.8693,72.2018,Rain,110,46.9,17.2,Daylight,Potholed,Concrete,1,60,Straight,Downhill,Painted,Yes,1,Motorcycle,18.8,No,28,Partial,Yes,No,No,65,Braking,Weather,Head-on,Front,2,489,Off-peak,0.9,8.7,0,0,3,Moderate,Medium
PK-2024-04875,2024-03-07,16:41,KPK,Dera Ismail Khan,Urban,32.1585,72.8722,Heavy Rain,26,33.4,7.8,Unlit,Potholed,Asphalt,4,60,Straight,Downhill,Physical,Yes,3,Motorcycle;Bicycle;Motorcycle,7.7,No,33,No,Yes,Yes,Unknown,60,Braking,Mechanical Failure,Head-on,Front,2,525,Peak,12.3,23.9,1,3,2,Severe,Critical
PK-2024-04876,2024-05-01,16:37,Sindh,Larkana,Urban,25.2571,68.0256,Fog,466,35.5,2.0,Street-lit,Dry,Asphalt,2,50,Sharp,Uphill,Painted,Yes,1,Bicycle,14.2,No,31,Yes,Partial,No,No,45,None,Mechanical Failure,Fixed-object,Side,2,1885,Peak,4.5,11.4,0,0,2,Minor,Low
PK-2024-04877,2024-09-03,16:32,KPK,Mardan,Urban,32.0297,70.9986,Heavy Rain,27,24.0,12.9,Daylight,Dry,Asphalt,2,50,Sharp,Uphill,None,Yes,3,Car;Auto-rickshaw;Bicycle,6.1,No,39,No,Yes,No,No,55,None,Wrong Side,Side-swipe,Side,2,1254,Peak,14.0,23.8,0,0,2,Moderate,Medium
PK-2024-04878,2024-01-15,04:37,Punjab,Faisalabad,Urban,30.4845,74.1298,Haze,35,34.5,25.1,Dawn-Dusk,Muddy,Concrete,2,80,Sharp,Flat,Physical,No,3,Truck;Motorcycle;Motorcycle,8.6,No,43,Yes,Not Applicable,No,Unknown,85,Swerving,Wrong Side,Side-swipe,Front,2,1613,Off-peak,26.6,36.7,1,3,3,Severe,High
PK-2024-04879,2024-05-12,16:56,KPK,Mardan,Rural,32.8266,72.1049,Fog,285,31.7,6.0,Daylight,Flooding,Asphalt,2,80,Gentle,Downhill,None,No,3,Motorcycle;Motorcycle;Motorcycle,8.1,No,38,Partial,Not Applicable,Yes,No,85,None,Human Error,Fixed-object,Roof,1,1549,Off-peak,19.1,25.5,0,2,4,Severe,High
PK-2024-04880,2024-06-21,22:50,KPK,Abbottabad,Urban,32.9452,72.8324,Cloudy,1500,31.2,35.4,Unlit,Wet,Dirt,2,50,Straight,Uphill,Physical,Yes,2,Motorcycle;Motorcycle,18.2,Yes,27,Partial,Not Applicable,No,No,70,Braking,Human Error,Side-swipe,Side,1,129,Off-peak,33.7,44.5,0,0,2,None,Low
PK-2024-04881,2024-07-11,05:18,Sindh,Sukkur,Rural,25.143,69.2733,Heavy Rain,206,29.9,10.1,Street-lit,Potholed,Dirt,1,40,Straight,Downhill,Physical,Yes,3,Motorcycle;Bus;Auto-rickshaw,2.2,No,37,Yes,No,No,No,70,None,Animal Crossing,Head-on,Side,1,1365,Off-peak,72.8,89.8,3,4,3,Total,Critical
PK-2024-04882,2024-04-24,21:36,Punjab,Lahore,Urban,29.7692,73.1021,Rain,476,16.6,24.0,Unlit,Wet,Asphalt,2,50,Straight,Flat,Painted,No,2,Bus;Car,13.9,No,37,No,No,No,No,50,Swerving,Human Error,Fixed-object,Rear,1,1320,Peak,10.5,18.4,0,0,2,Moderate,Medium
PK-2024-04883,2024-03-03,16:42,KPK,Mardan,Urban,33.258,72.1021,Dust Storm,35,27.0,35.4,Dawn-Dusk,Icy,Gravel,2,60,Straight,Uphill,Physical,No,3,Car;Car;Auto-rickshaw,7.4,Yes,16,Yes,Yes,No,No,70,Braking,Speeding,Multi-vehicle pileup,Front,1,1206,Peak,40.3,52.4,2,3,1,Severe,Critical
PK-2024-04884,2024-10-05,05:00,Punjab,Faisalabad,Urban,30.613,74.3127,Fog,222,34.6,0.3,Daylight,Muddy,Asphalt,1,50,Sharp,Downhill,None,No,2,Car;Car,11.6,Yes,35,Yes,No,No,No,50,None,Signal Violation,Pedestrian,Rear,1,1560,Off-peak,4.6,6.9,0,1,3,Moderate,High
PK-2024-04885,2024-07-02,16:26,Sindh,Nawabshah,Urban,24.0266,67.4603,Fog,737,18.3,31.3,Dawn-Dusk,Dry,Dirt,4,100,Gentle,Flat,Painted,No,4,Car;Car;Motorcycle;Motorcycle,17.8,No,22,Yes,Yes,No,No,110,None,Speeding,Fixed-object,Front,2,461,Off-peak,14.1,26.5,0,1,4,Severe,High
PK-2024-04886,2024-06-20,17:47,KPK,Peshawar,Highway,34.392,72.2665,Clear,228,34.6,1.2,Street-lit,Wet,Asphalt,2,80,Hairpin,Uphill,Painted,No,2,Car;Truck,16.2,No,37,No,Not Applicable,No,No,95,Swerving,Signal Violation,Side-swipe,Roof,2,1250,Peak,10.3,18.7,1,2,2,Moderate,High
PK-2024-04887,2024-02-20,09:44,Balochistan,Khuzdar,Rural,30.4956,67.0079,Heavy Rain,321,34.8,1.7,Dawn-Dusk,Dry,Dirt,2,60,Hairpin,Flat,Physical,Yes,4,Motorcycle;Motorcycle;Motorcycle;Auto-rickshaw,18.7,No,43,Yes,Yes,No,Unknown,60,Braking,Speeding,Side-swipe,Roof,1,786,Peak,10.5,20.4,0,0,0,None,Low
PK-2024-04888,2024-03-15,02:57,KPK,Mardan,Urban,34.4484,70.2549,Fog,1441,32.8,20.6,Street-lit,Dry,Gravel,2,100,Gentle,Flat,Painted,Yes,2,Car;Auto-rickshaw,3.1,No,31,Yes,No,No,No,100,Braking,Mechanical Failure,Rear-end,Side,3,1419,Peak,40.2,49.1,0,1,3,Minor,Medium
PK-2024-04889,2024-01-14,09:45,Punjab,Faisalabad,Residential,32.4083,72.1654,Fog,74,13.8,5.3,Street-lit,Muddy,Gravel,4,30,Hairpin,Downhill,Physical,No,3,Car;Motorcycle;Bicycle,8.1,No,30,Partial,No,No,No,30,None,Overloading,Rear-end,Roof,2,1211,Peak,5.0,4.4,1,2,2,Severe,High
PK-2024-04890,2024-06-13,08:42,Punjab,Lahore,Urban,29.5236,73.0575,Fog,132,25.6,11.0,Street-lit,Dry,Asphalt,4,40,Straight,Flat,Physical,Yes,4,Motorcycle;Bus;Bicycle;Auto-rickshaw,7.2,Yes,37,Yes,Not Applicable,No,No,55,Braking,Signal Violation,Rear-end,Side,1,1628,Off-peak,2.5,3.0,0,0,1,Minor,Low
PK-2024-04891,2024-04-26,19:43,Punjab,Sialkot,Residential,30.1706,73.5586,Rain,83,9.2,3.9,Dawn-Dusk,Wet,Asphalt,2,110,Sharp,Uphill,None,No,2,Car;Bus,5.1,No,28,Partial,No,No,No,105,Braking,Human Error,Rear-end,Front,1,504,Off-peak,0.8,5.4,0,2,3,Moderate,High
PK-2024-04892,2024-12-28,01:51,Balochistan,Quetta,Urban,29.7914,65.7768,Rain,41,27.3,6.5,Unlit,Flooding,Asphalt,2,60,Straight,Uphill,Physical,No,3,Car;Truck;Bus,18.5,Yes,21,Yes,No,Yes,No,55,Braking,Overloading,Pedestrian,Roof,1,274,Peak,2.8,8.2,2,3,1,Severe,Critical
PK-2024-04893,2024-12-10,17:28,Balochistan,Gwadar,Urban,27.5457,65.5578,Clear,20,42.2,5.8,Street-lit,Icy,Asphalt,4,50,Hairpin,Uphill,Physical,No,2,Motorcycle;Truck,14.3,No,31,Yes,Yes,No,No,45,None,Signal Violation,Head-on,Side,1,1775,Off-peak,76.1,90.0,1,2,4,Severe,High
PK-2024-04894,2024-10-05,07:37,Punjab,Gujranwala,Highway,32.3379,72.4576,Cloudy,30,23.8,4.3,Daylight,Wet,Asphalt,2,50,Sharp,Flat,Physical,Yes,1,Bicycle,12.0,Yes,49,No,No,No,No,60,Swerving,Speeding,Multi-vehicle pileup,Side,1,1944,Off-peak,35.0,47.1,1,3,2,Total,Critical
PK-2024-04895,2024-01-12,15:25,Punjab,Bahawalpur,Urban,29.6813,74.2797,Dust Storm,82,38.1,27.3,Dawn-Dusk,Dry,Concrete,3,40,Straight,Uphill,Painted,No,2,Motorcycle;Truck,19.0,No,30,No,Yes,No,No,60,Braking,Weather,Fixed-object,Front,2,893,Off-peak,7.7,17.7,1,1,4,Severe,High
PK-2024-04896,2024-07-13,17:35,Islamabad,Islamabad,Rural,33.4333,73.0902,Fog,20,32.2,3.1,Dawn-Dusk,Wet,Gravel,4,40,Straight,Downhill,Painted,Yes,2,Motorcycle;Auto-rickshaw,15.7,No,65,Yes,Partial,No,No,60,Braking,Signal Violation,Head-on,Side,2,1896,Off-peak,2.6,6.3,0,2,4,Moderate,High
PK-2024-04897,2024-12-11,23:56,Balochistan,Khuzdar,Rural,28.8256,65.1397,Clear,512,30.6,11.4,Daylight,Icy,Asphalt,3,120,Straight,Flat,Physical,Yes,2,Car;Motorcycle,4.9,No,45,Yes,Yes,No,No,125,None,Speeding,Head-on,Roof,1,1616,Off-peak,0.9,6.0,1,2,4,Severe,High
PK-2024-04898,2024-04-16,22:05,Sindh,Hyderabad,Rural,26.9836,69.0812,Cloudy,487,42.4,5.0,Daylight,Muddy,Asphalt,2,60,Sharp,Downhill,Physical,Yes,3,Truck;Car;Truck,3.7,No,39,Yes,No,No,No,75,None,Animal Crossing,Rollover,Rear,1,738,Off-peak,20.7,28.6,3,3,3,Total,Critical
PK-2024-04899,2024-07-23,21:33,Sindh,Nawabshah,Urban,24.8612,68.1197,Clear,596,29.0,30.6,Daylight,Potholed,Concrete,4,80,Gentle,Uphill,None,No,2,Motorcycle;Car,11.6,No,16,Yes,Not Applicable,No,No,80,None,Overloading,Head-on,Front,2,755,Peak,3.9,14.4,0,2,4,Severe,High
PK-2024-04900,2024-09-18,02:20,Islamabad,Islamabad,Rural,35.0361,72.4899,Rain,409,35.7,22.2,Unlit,Muddy,Concrete,2,60,Hairpin,Flat,Painted,Yes,3,Motorcycle;Motorcycle;Car,14.6,No,29,No,No,No,No,60,Braking,Wrong Side,Pedestrian,Side,1,1815,Off-peak,6.7,14.9,3,4,1,Total,Critical
PK-2024-04901,2024-04-06,19:11,Punjab,Rawalpindi,Urban,31.6531,74.5011,Clear,121,32.8,17.9,Daylight,Dry,Asphalt,4,60,Straight,Uphill,None,No,3,Bus;Bus;Motorcycle,2.5,No,28,Yes,No,No,No,55,Braking,Wrong Side,Side-swipe,Roof,1,1748,Peak,11.8,22.2,0,0,0,Minor,Low
PK-2024-04902,2024-12-21,11:00,Sindh,Sukkur,Urban,25.0244,67.5043,Fog,107,30.2,3.7,Street-lit,Dry,Gravel,4,50,Gentle,Downhill,Painted,No,3,Auto-rickshaw;Auto-rickshaw;Motorcycle,13.4,No,31,Partial,No,No,No,65,Braking,Mobile Phone,Rollover,Front,1,388,Peak,17.2,24.8,1,2,3,Severe,High
PK-2024-04903,2024-10-17,23:26,Punjab,Sargodha,Urban,30.3966,74.2184,Clear,224,33.1,4.7,Street-lit,Wet,Asphalt,4,40,Straight,Uphill,Physical,No,3,Car;Truck;Motorcycle,12.9,No,37,Yes,Yes,No,No,40,Braking,Speeding,Fixed-object,Roof,2,1755,Off-peak,7.3,15.7,0,0,0,None,Low
PK-2024-04904,2024-11-15,23:06,Punjab,Sialkot,Residential,31.5112,72.2519,Clear,1500,5.0,5.7,Dawn-Dusk,Dry,Asphalt,1,30,Gentle,Downhill,Physical,No,2,Motorcycle;Motorcycle,19.0,No,59,Partial,Partial,No,Unknown,45,Braking,Overloading,Pedestrian,Side,1,1966,Peak,13.6,20.8,0,0,1,Minor,Low
PK-2024-04905,2024-02-06,11:47,Punjab,Bahawalpur,Urban,29.6604,74.5814,Clear,158,28.4,9.2,Dawn-Dusk,Potholed,Asphalt,1,30,Straight,Downhill,Painted,Yes,3,Car;Motorcycle;Motorcycle,13.5,No,44,Partial,Not Applicable,No,No,35,None,Speeding,Side-swipe,Side,1,724,Off-peak,0.5,3.0,0,0,0,None,Low
PK-2024-04906,2024-02-23,10:34,Punjab,Lahore,Rural,31.3323,73.8158,Clear,386,25.6,8.4,Street-lit,Dry,Asphalt,4,120,Gentle,Flat,Physical,Yes,2,Bus;Car,2.1,No,19,Partial,No,No,No,125,Braking,Speeding,Head-on,Side,2,1792,Off-peak,11.8,20.2,0,3,3,Moderate,High
PK-2024-04907,2024-06-28,18:04,Sindh,Karachi,Residential,24.273,68.4992,Clear,228,38.3,10.9,Daylight,Construction,Asphalt,4,50,Gentle,Downhill,None,Yes,3,Motorcycle;Car;Car,4.2,No,24,No,No,No,No,65,Braking,Speeding,Fixed-object,Rear,1,583,Peak,11.2,19.1,0,1,3,Moderate,Medium
PK-2024-04908,2024-08-17,04:31,Sindh,Sukkur,Rural,25.6447,69.1945,Haze,767,26.7,5.0,Tunnel,Dry,Asphalt,2,50,Gentle,Flat,Physical,Yes,4,Car;Bus;Motorcycle;Bicycle,17.0,No,69,No,Yes,No,No,70,None,Human Error,Rear-end,Roof,1,1650,Peak,0.7,6.3,0,0,2,Minor,Medium
PK-2024-04909,2024-04-10,18:00,Punjab,Lahore,Residential,31.1433,73.9535,Rain,20,30.9,16.2,Street-lit,Potholed,Asphalt,4,110,Straight,Flat,Physical,Yes,2,Car;Car,2.2,No,17,Yes,No,No,No,115,None,Speeding,Rear-end,Side,1,248,Peak,1.3,10.0,3,4,3,Total,Critical
PK-2024-04910,2024-11-02,22:22,KPK,Swat,Highway,33.8481,71.5221,Cloudy,55,50.0,2.8,Unlit,Dry,Asphalt,2,30,Gentle,Flat,Physical,No,3,Motorcycle;Motorcycle;Motorcycle,19.3,No,60,No,No,No,No,30,Braking,Human Error,Rear-end,Front,2,1228,Peak,0.7,8.9,0,0,2,None,Low
PK-2024-04911,2024-10-22,04:48,Punjab,Multan,Urban,31.4334,74.4473,Haze,153,29.9,25.7,Tunnel,Dry,Concrete,4,30,Gentle,Downhill,Painted,Yes,2,Bus;Motorcycle,13.4,No,16,No,Not Applicable,No,No,25,None,Animal Crossing,Head-on,Rear,2,1704,Off-peak,6.0,9.1,0,2,1,Moderate,Medium
PK-2024-04912,2024-02-07,04:38,Sindh,Sukkur,Rural,25.7741,68.2381,Clear,617,34.4,31.6,Daylight,Wet,Asphalt,2,50,Straight,Downhill,Painted,No,5,Bicycle;Motorcycle;Motorcycle;Truck;Motorcycle,15.3,No,17,Yes,Partial,No,No,55,Braking,Speeding,Side-swipe,Side,1,659,Off-peak,2.5,13.2,0,0,1,None,Low
PK-2024-04913,2024-06-24,15:41,Punjab,Gujranwala,Urban,32.2292,73.1903,Rain,282,35.6,4.9,Daylight,Dry,Asphalt,4,80,Straight,Uphill,Physical,Yes,3,Bus;Motorcycle;Motorcycle,13.1,No,52,Partial,Partial,Yes,No,80,Braking,Speeding,Pedestrian,Side,1,1092,Off-peak,11.8,18.1,0,0,0,Minor,Low
PK-2024-04914,2024-11-04,15:03,Balochistan,Khuzdar,Urban,27.967,67.7941,Cloudy,20,14.2,7.4,Street-lit,Wet,Concrete,2,110,Gentle,Downhill,Painted,No,1,Car,14.9,No,31,Yes,Not Applicable,No,No,120,Braking,Mobile Phone,Multi-vehicle pileup,Rear,1,873,Off-peak,13.9,22.4,0,1,3,Moderate,Medium
PK-2024-04915,2024-04-15,19:33,Sindh,Nawabshah,Rural,26.3127,69.35,Haze,544,35.0,12.3,Unlit,Dry,Dirt,2,50,Gentle,Uphill,None,Yes,3,Motorcycle;Motorcycle;Motorcycle,18.6,No,16,Yes,Yes,Yes,No,60,None,Speeding,Rear-end,Rear,1,1299,Peak,4.4,11.6,0,0,2,None,Low
PK-2024-04916,2024-11-04,09:45,KPK,Dera Ismail Khan,Urban,34.2417,72.2083,Rain,190,36.7,27.5,Street-lit,Dry,Asphalt,2,50,Straight,Flat,Painted,Yes,2,Motorcycle;Car,16.8,Yes,30,Yes,Not Applicable,No,No,45,Braking,Wrong Side,Side-swipe,Side,1,900,Off-peak,19.2,23.4,0,0,0,None,Low
PK-2024-04917,2024-11-20,21:57,Balochistan,Quetta,Highway,27.9597,66.1029,Rain,53,34.5,0.9,Street-lit,Wet,Asphalt,4,80,Gentle,Flat,Physical,Yes,2,Motorcycle;Motorcycle,5.4,Yes,35,No,Yes,No,No,85,Swerving,Speeding,Rear-end,Front,1,1706,Off-peak,2.5,10.6,0,2,3,Severe,High
PK-2024-04918,2024-01-09,03:25,Punjab,Sialkot,Rural,31.8066,72.3563,Clear,260,39.8,8.1,Daylight,Dry,Asphalt,3,60,Sharp,Uphill,Painted,Yes,5,Motorcycle;Car;Auto-rickshaw;Truck;Motorcycle,9.8,No,25,No,Yes,No,No,75,Swerving,Wrong Side,Rear-end,Side,2,1475,Off-peak,14.4,23.0,0,0,0,Minor,Low
PK-2024-04919,2024-05-21,18:59,Sindh,Nawabshah,Residential,25.7289,68.6695,Haze,475,31.5,4.9,Street-lit,Dry,Gravel,2,80,Straight,Downhill,Physical,No,2,Motorcycle;Car,5.9,No,16,Partial,Yes,No,No,100,Braking,Overloading,Fixed-object,Roof,1,1701,Off-peak,9.3,12.5,0,1,1,Minor,Medium
PK-2024-04920,2024-01-07,01:17,Punjab,Bahawalpur,Rural,31.6101,74.4944,Dust Storm,253,38.5,0.1,Daylight,Muddy,Asphalt,2,100,Straight,Uphill,Physical,Yes,3,Bus;Motorcycle;Motorcycle,13.6,No,39,No,Yes,No,No,115,Braking,Mobile Phone,Side-swipe,Front,1,800,Off-peak,12.2,16.1,3,4,2,Severe,Critical
PK-2024-04921,2024-01-02,17:16,Sindh,Sukkur,Urban,25.8443,66.9018,Cloudy,1483,24.8,21.7,Dawn-Dusk,Dry,Asphalt,4,50,Sharp,Uphill,Painted,No,3,Motorcycle;Motorcycle;Car,15.0,No,53,No,Not Applicable,No,No,50,Swerving,Drunk Driving,Side-swipe,Side,3,658,Peak,0.5,3.0,0,0,2,None,Low
PK-2024-04922,2024-12-16,18:39,Sindh,Larkana,Urban,24.205,67.2099,Clear,1083,28.2,16.1,Unlit,Wet,Asphalt,2,120,Straight,Uphill,Physical,Yes,2,Motorcycle;Auto-rickshaw,13.7,Yes,53,No,Partial,No,No,110,None,Speeding,Head-on,Rear,2,728,Off-peak,10.8,21.0,1,2,1,Severe,Critical
PK-2024-04923,2024-06-02,01:55,Punjab,Multan,Rural,31.3307,73.1285,Cloudy,572,48.8,8.6,Daylight,Flooding,Concrete,2,40,Sharp,Uphill,Painted,No,4,Motorcycle;Motorcycle;Truck;Motorcycle,14.7,No,32,Yes,Yes,Yes,No,40,Braking,Drunk Driving,Fixed-object,Front,1,1446,Peak,11.4,18.6,0,0,1,Minor,Low
PK-2024-04924,2024-07-07,23:43,KPK,Swat,Residential,33.6343,71.762,Fog,50,29.1,21.3,Street-lit,Dry,Concrete,2,80,Gentle,Flat,Painted,Yes,3,Motorcycle;Truck;Motorcycle,10.0,No,20,Yes,No,No,No,80,Swerving,Human Error,Pedestrian,Side,2,912,Off-peak,9.7,18.3,0,3,3,Severe,High
PK-2024-04925,2024-03-12,08:25,Punjab,Gujranwala,Rural,30.5073,74.1675,Clear,432,13.4,10.8,Dawn-Dusk,Dry,Gravel,4,40,Straight,Flat,Physical,No,3,Car;Motorcycle;Car,3.5,No,35,No,No,No,No,60,None,Mechanical Failure,Rear-end,Front,2,476,Off-peak,4.7,9.1,0,0,0,Minor,Low
PK-2024-04926,2024-11-11,03:35,Sindh,Hyderabad,Highway,24.937,66.6892,Cloudy,676,25.5,14.3,Daylight,Dry,Asphalt,2,80,Gentle,Uphill,Painted,Yes,2,Motorcycle;Truck,13.4,No,58,No,Partial,No,No,85,Braking,Signal Violation,Rollover,Rear,3,402,Off-peak,2.8,13.0,0,0,1,Moderate,Medium